omega_dt,alpha_amp,rho_G,coupling
0.01,0.0,1.0,imaginary
0.01,0.025423728813559324,1.0000000000685285,imaginary
0.01,0.05084745762711865,1.0000000001475058,imaginary
0.01,0.07627118644067797,1.0000000002377107,imaginary
0.01,0.1016949152542373,1.0000000003399445,imaginary
0.01,0.1271186440677966,1.0000000004550362,imaginary
0.01,0.15254237288135594,1.0000000005838363,imaginary
0.01,0.17796610169491528,1.0000000007272245,imaginary
0.01,0.2033898305084746,1.000000000886102,imaginary
0.01,0.2288135593220339,1.0000000010613959,imaginary
0.01,0.2542372881355932,1.0000000012540613,imaginary
0.01,0.2796610169491526,1.0000000014650756,imaginary
0.01,0.3050847457627119,1.0000000016954413,imaginary
0.01,0.3305084745762712,1.000000001946189,imaginary
0.01,0.35593220338983056,1.0000000022183688,imaginary
0.01,0.38135593220338987,1.000000002513061,imaginary
0.01,0.4067796610169492,1.0000000028313711,imaginary
0.01,0.4322033898305085,1.0000000031744243,imaginary
0.01,0.4576271186440678,1.0000000035433765,imaginary
0.01,0.48305084745762716,1.000000003939408,imaginary
0.01,0.5084745762711864,1.0000000043637223,imaginary
0.01,0.5338983050847458,1.0000000048175484,imaginary
0.01,0.5593220338983051,1.000000005302141,imaginary
0.01,0.5847457627118644,1.0000000058187812,imaginary
0.01,0.6101694915254238,1.000000006368771,imaginary
0.01,0.6355932203389831,1.0000000069534436,imaginary
0.01,0.6610169491525424,1.0000000075741535,imaginary
0.01,0.6864406779661018,1.0000000082322802,imaginary
0.01,0.7118644067796611,1.000000008929232,imaginary
0.01,0.7372881355932204,1.000000009666435,imaginary
0.01,0.7627118644067797,1.0000000104453497,imaginary
0.01,0.788135593220339,1.0000000112674554,imaginary
0.01,0.8135593220338984,1.0000000121342607,imaginary
0.01,0.8389830508474577,1.000000013047294,imaginary
0.01,0.864406779661017,1.0000000140081144,imaginary
0.01,0.8898305084745763,1.0000000150183035,imaginary
0.01,0.9152542372881356,1.0000000160794693,imaginary
0.01,0.940677966101695,1.0000000171932442,imaginary
0.01,0.9661016949152543,1.0000000183612854,imaginary
0.01,0.9915254237288136,1.000000019585276,imaginary
0.01,1.0169491525423728,1.0000000208669249,imaginary
0.01,1.0423728813559323,1.0000000222079666,imaginary
0.01,1.0677966101694916,1.0000000236101578,imaginary
0.01,1.0932203389830508,1.0000000250752845,imaginary
0.01,1.1186440677966103,1.0000000266051545,imaginary
0.01,1.1440677966101696,1.0000000282016044,imaginary
0.01,1.1694915254237288,1.0000000298664933,imaginary
0.01,1.1949152542372883,1.0000000316017068,imaginary
0.01,1.2203389830508475,1.0000000334091548,imaginary
0.01,1.2457627118644068,1.0000000352907736,imaginary
0.01,1.2711864406779663,1.0000000372485238,imaginary
0.01,1.2966101694915255,1.000000039284395,imaginary
0.01,1.3220338983050848,1.0000000414003951,imaginary
0.01,1.3474576271186443,1.000000043598564,imaginary
0.01,1.3728813559322035,1.0000000458809641,imaginary
0.01,1.3983050847457628,1.0000000482496807,imaginary
0.01,1.4237288135593222,1.0000000507068307,imaginary
0.01,1.4491525423728815,1.0000000532545512,imaginary
0.01,1.4745762711864407,1.0000000558950053,imaginary
0.01,1.5,1.000000058630384,imaginary
0.06067796610169492,0.0,1.0,imaginary
0.06067796610169492,0.025423728813559324,1.0000000927421528,imaginary
0.06067796610169492,0.05084745762711865,1.0000001996563486,imaginary
0.06067796610169492,0.07627118644067797,1.0000003218041453,imaginary
0.06067796610169492,0.1016949152542373,1.0000004602825725,imaginary
0.06067796610169492,0.1271186440677966,1.0000006162242803,imaginary
0.06067796610169492,0.15254237288135594,1.0000007907976622,imaginary
0.06067796610169492,0.17796610169491528,1.0000009852070055,imaginary
0.06067796610169492,0.2033898305084746,1.0000012006926458,imaginary
0.06067796610169492,0.2288135593220339,1.0000014385310987,imaginary
0.06067796610169492,0.2542372881355932,1.0000017000352424,imaginary
0.06067796610169492,0.2796610169491526,1.0000019865544643,imaginary
0.06067796610169492,0.3050847457627119,1.0000022994748359,imaginary
0.06067796610169492,0.3305084745762712,1.000002640219284,imaginary
0.06067796610169492,0.35593220338983056,1.0000030102477766,imaginary
0.06067796610169492,0.38135593220338987,1.0000034110574982,imaginary
0.06067796610169492,0.4067796610169492,1.0000038441830417,imaginary
0.06067796610169492,0.4322033898305085,1.0000043111966086,imaginary
0.06067796610169492,0.4576271186440678,1.000004813708207,imaginary
0.06067796610169492,0.48305084745762716,1.0000053533658533,imaginary
0.06067796610169492,0.5084745762711864,1.0000059318557926,imaginary
0.06067796610169492,0.5338983050847458,1.000006550902705,imaginary
0.06067796610169492,0.5593220338983051,1.0000072122699368,imaginary
0.06067796610169492,0.5847457627118644,1.0000079177597254,imaginary
0.06067796610169492,0.6101694915254238,1.0000086692134345,imaginary
0.06067796610169492,0.6355932203389831,1.000009468511792,imaginary
0.06067796610169492,0.6610169491525424,1.0000103175751356,imaginary
0.06067796610169492,0.6864406779661018,1.0000112183636651,imaginary
0.06067796610169492,0.7118644067796611,1.0000121728776996,imaginary
0.06067796610169492,0.7372881355932204,1.0000131831579369,imaginary
0.06067796610169492,0.7627118644067797,1.0000142512857275,imaginary
0.06067796610169492,0.788135593220339,1.0000153793833475,imaginary
0.06067796610169492,0.8135593220338984,1.0000165696142747,imaginary
0.06067796610169492,0.8389830508474577,1.000017824183481,imaginary
0.06067796610169492,0.864406779661017,1.0000191453377245,imaginary
0.06067796610169492,0.8898305084745763,1.000020535365843,imaginary
0.06067796610169492,0.9152542372881356,1.0000219965990698,imaginary
0.06067796610169492,0.940677966101695,1.0000235314113348,imaginary
0.06067796610169492,0.9661016949152543,1.0000251422195894,imaginary
0.06067796610169492,0.9915254237288136,1.0000268314841243,imaginary
0.06067796610169492,1.0169491525423728,1.0000286017089086,imaginary
0.06067796610169492,1.0423728813559323,1.000030455441918,imaginary
0.06067796610169492,1.0677966101694916,1.0000323952754875,imaginary
0.06067796610169492,1.0932203389830508,1.000034423846651,imaginary
0.06067796610169492,1.1186440677966103,1.0000365438375114,imaginary
0.06067796610169492,1.1440677966101696,1.0000387579755932,imaginary
0.06067796610169492,1.1694915254237288,1.000041069034217,imaginary
0.06067796610169492,1.1949152542372883,1.00004347983288,imaginary
0.06067796610169492,1.2203389830508475,1.0000459932376378,imaginary
0.06067796610169492,1.2457627118644068,1.0000486121614944,imaginary
0.06067796610169492,1.2711864406779663,1.0000513395648056,imaginary
0.06067796610169492,1.2966101694915255,1.000054178455677,imaginary
0.06067796610169492,1.3220338983050848,1.0000571318903833,imaginary
0.06067796610169492,1.3474576271186443,1.0000602029737906,imaginary
0.06067796610169492,1.3728813559322035,1.0000633948597737,imaginary
0.06067796610169492,1.3983050847457628,1.0000667107516639,imaginary
0.06067796610169492,1.4237288135593222,1.000070153902681,imaginary
0.06067796610169492,1.4491525423728815,1.0000737276163918,imaginary
0.06067796610169492,1.4745762711864407,1.0000774352471586,imaginary
0.06067796610169492,1.5,1.0000812802006172,imaginary
0.11135593220338984,0.0,1.0,imaginary
0.11135593220338984,0.025423728813559324,1.0000010477673862,imaginary
0.11135593220338984,0.05084745762711865,1.0000022564630484,imaginary
0.11135593220338984,0.07627118644067797,1.00000363834457,imaginary
0.11135593220338984,0.1016949152542373,1.000005206112178,imaginary
0.11135593220338984,0.1271186440677966,1.0000069729138872,imaginary
0.11135593220338984,0.15254237288135594,1.0000089523508573,imaginary
0.11135593220338984,0.17796610169491528,1.0000111584829758,imaginary
0.11135593220338984,0.2033898305084746,1.0000136058346503,imaginary
0.11135593220338984,0.2288135593220339,1.0000163094008268,imaginary
0.11135593220338984,0.2542372881355932,1.0000192846532425,imaginary
0.11135593220338984,0.2796610169491526,1.0000225475468953,imaginary
0.11135593220338984,0.3050847457627119,1.0000261145267657,imaginary
0.11135593220338984,0.3305084745762712,1.0000300025347544,imaginary
0.11135593220338984,0.35593220338983056,1.0000342290168807,imaginary
0.11135593220338984,0.38135593220338987,1.0000388119307129,imaginary
0.11135593220338984,0.4067796610169492,1.000043769753054,imaginary
0.11135593220338984,0.4322033898305085,1.0000491214878862,imaginary
0.11135593220338984,0.4576271186440678,1.0000548866745584,imaginary
0.11135593220338984,0.48305084745762716,1.0000610853962564,imaginary
0.11135593220338984,0.5084745762711864,1.0000677382887209,imaginary
0.11135593220338984,0.5338983050847458,1.000074866549254,imaginary
0.11135593220338984,0.5593220338983051,1.0000824919459907,imaginary
0.11135593220338984,0.5847457627118644,1.0000906368274631,imaginary
0.11135593220338984,0.6101694915254238,1.0000993241324407,imaginary
0.11135593220338984,0.6355932203389831,1.0001085774000793,imaginary
0.11135593220338984,0.6610169491525424,1.0001184207803475,imaginary
0.11135593220338984,0.6864406779661018,1.0001288790447818,imaginary
0.11135593220338984,0.7118644067796611,1.000139977597526,imaginary
0.11135593220338984,0.7372881355932204,1.0001517424867157,imaginary
0.11135593220338984,0.7627118644067797,1.0001642004161535,imaginary
0.11135593220338984,0.788135593220339,1.0001773787573414,imaginary
0.11135593220338984,0.8135593220338984,1.0001913055618301,imaginary
0.11135593220338984,0.8389830508474577,1.0002060095739156,imaginary
0.11135593220338984,0.864406779661017,1.0002215202436875,imaginary
0.11135593220338984,0.8898305084745763,1.0002378677404207,imaginary
0.11135593220338984,0.9152542372881356,1.0002550829663555,imaginary
0.11135593220338984,0.940677966101695,1.00027319757081,imaginary
0.11135593220338984,0.9661016949152543,1.0002922439647037,imaginary
0.11135593220338984,0.9915254237288136,1.0003122553354489,imaginary
0.11135593220338984,1.0169491525423728,1.0003332656622304,imaginary
0.11135593220338984,1.0423728813559323,1.0003553097317013,imaginary
0.11135593220338984,1.0677966101694916,1.000378423154068,imaginary
0.11135593220338984,1.0932203389830508,1.000402642379606,imaginary
0.11135593220338984,1.1186440677966103,1.0004280047155916,imaginary
0.11135593220338984,1.1440677966101696,1.0004545483436702,imaginary
0.11135593220338984,1.1694915254237288,1.0004823123376572,imaginary
0.11135593220338984,1.1949152542372883,1.0005113366818013,imaginary
0.11135593220338984,1.2203389830508475,1.0005416622894956,imaginary
0.11135593220338984,1.2457627118644068,1.0005733310224585,imaginary
0.11135593220338984,1.2711864406779663,1.0006063857103917,imaginary
0.11135593220338984,1.2966101694915255,1.0006408701711165,imaginary
0.11135593220338984,1.3220338983050848,1.0006768292312178,imaginary
0.11135593220338984,1.3474576271186443,1.0007143087471708,imaginary
0.11135593220338984,1.3728813559322035,1.0007533556269972,imaginary
0.11135593220338984,1.3983050847457628,1.0007940178524295,imaginary
0.11135593220338984,1.4237288135593222,1.0008363445016126,imaginary
0.11135593220338984,1.4491525423728815,1.0008803857723476,imaginary
0.11135593220338984,1.4745762711864407,1.000926193005868,imaginary
0.11135593220338984,1.5,1.0009738187111974,imaginary
0.16203389830508477,0.0,0.9999999999999999,imaginary
0.16203389830508477,0.025423728813559324,1.0000046673686125,imaginary
0.16203389830508477,0.05084745762711865,1.0000100573102382,imaginary
0.16203389830508477,0.07627118644067797,1.0000162262828802,imaginary
0.16203389830508477,0.1016949152542373,1.0000232330137573,imaginary
0.16203389830508477,0.1271186440677966,1.0000311385493081,imaginary
0.16203389830508477,0.15254237288135594,1.000040006307493,imaginary
0.16203389830508477,0.17796610169491528,1.000049902132482,imaginary
0.16203389830508477,0.2033898305084746,1.00006089435177,imaginary
0.16203389830508477,0.2288135593220339,1.0000730538357778,imaginary
0.16203389830508477,0.2542372881355932,1.0000864540600158,imaginary
0.16203389830508477,0.2796610169491526,1.0001011711698682,imaginary
0.16203389830508477,0.3050847457627119,1.0001172840480623,imaginary
0.16203389830508477,0.3305084745762712,1.0001348743849146,imaginary
0.16203389830508477,0.35593220338983056,1.000154026751403,imaginary
0.16203389830508477,0.38135593220338987,1.0001748286751544,imaginary
0.16203389830508477,0.4067796610169492,1.0001973707194292,imaginary
0.16203389830508477,0.4322033898305085,1.0002217465651848,imaginary
0.16203389830508477,0.4576271186440678,1.0002480530962845,imaginary
0.16203389830508477,0.48305084745762716,1.0002763904879672,imaginary
0.16203389830508477,0.5084745762711864,1.0003068622986395,imaginary
0.16203389830508477,0.5338983050847458,1.0003395755650983,imaginary
0.16203389830508477,0.5593220338983051,1.0003746409012768,imaginary
0.16203389830508477,0.5847457627118644,1.0004121726005921,imaginary
0.16203389830508477,0.6101694915254238,1.0004522887420122,imaginary
0.16203389830508477,0.6355932203389831,1.0004951112999294,imaginary
0.16203389830508477,0.6610169491525424,1.0005407662579404,imaginary
0.16203389830508477,0.6864406779661018,1.000589383726655,imaginary
0.16203389830508477,0.7118644067796611,1.0006410980655847,imaginary
0.16203389830508477,0.7372881355932204,1.0006960480092877,imaginary
0.16203389830508477,0.7627118644067797,1.0007543767978118,imaginary
0.16203389830508477,0.788135593220339,1.000816232311573,imaginary
0.16203389830508477,0.8135593220338984,1.0008817672107673,imaginary
0.16203389830508477,0.8389830508474577,1.0009511390794135,imaginary
0.16203389830508477,0.864406779661017,1.0010245105741398,imaginary
0.16203389830508477,0.8898305084745763,1.0011020495778093,imaginary
0.16203389830508477,0.9152542372881356,1.0011839293580829,imaginary
0.16203389830508477,0.940677966101695,1.0012703287310216,imaginary
0.16203389830508477,0.9661016949152543,1.0013614322298117,imaginary
0.16203389830508477,0.9915254237288136,1.0014574302787178,imaginary
0.16203389830508477,1.0169491525423728,1.001558519372327,imaginary
0.16203389830508477,1.0423728813559323,1.0016649022601734,imaginary
0.16203389830508477,1.0677966101694916,1.0017767881368131,imaginary
0.16203389830508477,1.0932203389830508,1.001894392837404,imaginary
0.16203389830508477,1.1186440677966103,1.0020179390388477,imaginary
0.16203389830508477,1.1440677966101696,1.0021476564665255,imaginary
0.16203389830508477,1.1694915254237288,1.0022837821066728,imaginary
0.16203389830508477,1.1949152542372883,1.0024265604243792,imaginary
0.16203389830508477,1.2203389830508475,1.0025762435872314,imaginary
0.16203389830508477,1.2457627118644068,1.0027330916945676,imaginary
0.16203389830508477,1.2711864406779663,1.002897373012294,imaginary
0.16203389830508477,1.2966101694915255,1.0030693642132158,imaginary
0.16203389830508477,1.3220338983050848,1.0032493506227709,imaginary
0.16203389830508477,1.3474576271186443,1.003437626470046,imaginary
0.16203389830508477,1.3728813559322035,1.0036344951439418,imaginary
0.16203389830508477,1.3983050847457628,1.0038402694542836,imaginary
0.16203389830508477,1.4237288135593222,1.004055271897651,imaginary
0.16203389830508477,1.4491525423728815,1.0042798349276667,imaginary
0.16203389830508477,1.4745762711864407,1.0045143012294229,imaginary
0.16203389830508477,1.5,1.0047590239976956,imaginary
0.2127118644067797,0.0,1.0,imaginary
0.2127118644067797,0.025423728813559324,1.0000137416245345,imaginary
0.2127118644067797,0.05084745762711865,1.0000296331768102,imaginary
0.2127118644067797,0.07627118644067797,1.0000478482628155,imaginary
0.2127118644067797,0.1016949152542373,1.0000685683748656,imaginary
0.2127118644067797,0.1271186440677966,1.000091983154243,imaginary
0.2127118644067797,0.15254237288135594,1.0001182906673698,imaginary
0.2127118644067797,0.17796610169491528,1.0001476976959829,imaginary
0.2127118644067797,0.2033898305084746,1.0001804200417925,imaginary
0.2127118644067797,0.2288135593220339,1.0002166828460943,imaginary
0.2127118644067797,0.2542372881355932,1.0002567209248714,imaginary
0.2127118644067797,0.2796610169491526,1.0003007791198817,imaginary
0.2127118644067797,0.3050847457627119,1.0003491126662982,imaginary
0.2127118644067797,0.3305084745762712,1.0004019875774228,imaginary
0.2127118644067797,0.35593220338983056,1.0004596810470578,imaginary
0.2127118644067797,0.38135593220338987,1.0005224818701026,imaginary
0.2127118644067797,0.4067796610169492,1.0005906908819409,imaginary
0.2127118644067797,0.4322033898305085,1.0006646214172148,imaginary
0.2127118644067797,0.4576271186440678,1.0007445997885691,imaginary
0.2127118644067797,0.48305084745762716,1.0008309657859291,imaginary
0.2127118644067797,0.5084745762711864,1.0009240731969054,imaginary
0.2127118644067797,0.5338983050847458,1.0010242903488829,imaginary
0.2127118644067797,0.5593220338983051,1.0011320006733044,imaginary
0.2127118644067797,0.5847457627118644,1.0012476032927358,imaginary
0.2127118644067797,0.6101694915254238,1.0013715136311199,imaginary
0.2127118644067797,0.6355932203389831,1.0015041640477262,imaginary
0.2127118644067797,0.6610169491525424,1.001646004495156,imaginary
0.2127118644067797,0.6864406779661018,1.0017975032017548,imaginary
0.2127118644067797,0.7118644067796611,1.0019591473786926,imaginary
0.2127118644067797,0.7372881355932204,1.002131443951884,imaginary
0.2127118644067797,0.7627118644067797,1.002314920318814,imaginary
0.2127118644067797,0.788135593220339,1.0025101251302524,imaginary
0.2127118644067797,0.8135593220338984,1.002717629096633,imaginary
0.2127118644067797,0.8389830508474577,1.0029380258187925,imaginary
0.2127118644067797,0.864406779661017,1.0031719326425166,imaginary
0.2127118644067797,0.8898305084745763,1.0034199915361899,imaginary
0.2127118644067797,0.9152542372881356,1.003682869990549,imaginary
0.2127118644067797,0.940677966101695,1.0039612619393226,imaginary
0.2127118644067797,0.9661016949152543,1.0042558886992303,imaginary
0.2127118644067797,0.9915254237288136,1.0045674999274419,imaginary
0.2127118644067797,1.0169491525423728,1.0048968745942637,imaginary
0.2127118644067797,1.0423728813559323,1.0052448219683785,imaginary
0.2127118644067797,1.0677966101694916,1.0056121826114992,imaginary
0.2127118644067797,1.0932203389830508,1.0059998293787793,imaginary
0.2127118644067797,1.1186440677966103,1.0064086684207647,imaginary
0.2127118644067797,1.1440677966101696,1.0068396401820687,imaginary
0.2127118644067797,1.1694915254237288,1.007293720391178,imaginary
0.2127118644067797,1.1949152542372883,1.0077719210352365,imaginary
0.2127118644067797,1.2203389830508475,1.0082752913126505,imaginary
0.2127118644067797,1.2457627118644068,1.0088049185556642,imaginary
0.2127118644067797,1.2711864406779663,1.0093619291140357,imaginary
0.2127118644067797,1.2966101694915255,1.0099474891900082,imaginary
0.2127118644067797,1.3220338983050848,1.0105628056137221,imaginary
0.2127118644067797,1.3474576271186443,1.011209126547131,imaginary
0.2127118644067797,1.3728813559322035,1.0118877421033385,imaginary
0.2127118644067797,1.3983050847457628,1.0125999848671434,imaginary
0.2127118644067797,1.4237288135593222,1.0133472303013422,imaginary
0.2127118644067797,1.4491525423728815,1.0141308970221816,imaginary
0.2127118644067797,1.4745762711864407,1.0149524469261546,imaginary
0.2127118644067797,1.5,1.0158133851491713,imaginary
0.26338983050847464,0.0,1.0000000000000002,imaginary
0.26338983050847464,0.025423728813559324,1.0000319510074847,imaginary
0.26338983050847464,0.05084745762711865,1.0000689655742936,imaginary
0.26338983050847464,0.07627118644067797,1.0001114687283592,imaginary
0.26338983050847464,0.1016949152542373,1.0001599073941736,imaginary
0.26338983050847464,0.1271186440677966,1.0002147513616375,imaginary
0.26338983050847464,0.15254237288135594,1.0002764943096523,imaginary
0.26338983050847464,0.17796610169491528,1.000345654886561,imaginary
0.26338983050847464,0.2033898305084746,1.0004227778496086,imaginary
0.26338983050847464,0.2288135593220339,1.000508435265564,imaginary
0.26338983050847464,0.2542372881355932,1.0006032277746961,imaginary
0.26338983050847464,0.2796610169491526,1.0007077859202609,imaginary
0.26338983050847464,0.3050847457627119,1.000822771545588,imaginary
0.26338983050847464,0.3305084745762712,1.0009488792608137,imaginary
0.26338983050847464,0.35593220338983056,1.0010868379812012,imaginary
0.26338983050847464,0.38135593220338987,1.0012374125387846,imaginary
0.26338983050847464,0.4067796610169492,1.0014014053689506,imaginary
0.26338983050847464,0.4322033898305085,1.0015796582732592,imaginary
0.26338983050847464,0.4576271186440678,1.0017730542594996,imaginary
0.26338983050847464,0.48305084745762716,1.0019825194596141,imaginary
0.26338983050847464,0.5084745762711864,1.002209025125599,imaginary
0.26338983050847464,0.5338983050847458,1.0024535897029467,imaginary
0.26338983050847464,0.5593220338983051,1.0027172809805365,imaginary
0.26338983050847464,0.5847457627118644,1.0030012183149872,imaginary
0.26338983050847464,0.6101694915254238,1.0033065749266636,imaginary
0.26338983050847464,0.6355932203389831,1.0036345802633164,imaginary
0.26338983050847464,0.6610169491525424,1.0039865224261264,imaginary
0.26338983050847464,0.6864406779661018,1.0043637506514507,imaginary
0.26338983050847464,0.7118644067796611,1.0047676778398498,imaginary
0.26338983050847464,0.7372881355932204,1.0051997831221295,imaginary
0.26338983050847464,0.7627118644067797,1.005661614449893,imaginary
0.26338983050847464,0.788135593220339,1.0061547911957391,imaginary
0.26338983050847464,0.8135593220338984,1.0066810067454561,imaginary
0.26338983050847464,0.8389830508474577,1.0072420310615522,imaginary
0.26338983050847464,0.864406779661017,1.0078397131941152,imaginary
0.26338983050847464,0.8898305084745763,1.0084759837112982,imaginary
0.26338983050847464,0.9152542372881356,1.009152857017722,imaginary
0.26338983050847464,0.940677966101695,1.0098724335247409,imaginary
0.26338983050847464,0.9661016949152543,1.0106369016318808,imaginary
0.26338983050847464,0.9915254237288136,1.0114485394738362,imaginary
0.26338983050847464,1.0169491525423728,1.012309716382252,imaginary
0.26338983050847464,1.0423728813559323,1.013222894006214,imaginary
0.26338983050847464,1.0677966101694916,1.0141906270300005,imaginary
0.26338983050847464,1.0932203389830508,1.0152155634212567,imaginary
0.26338983050847464,1.1186440677966103,1.0163004441376997,imaginary
0.26338983050847464,1.1440677966101696,1.017448102215558,imaginary
0.26338983050847464,1.1694915254237288,1.0186614611589102,imaginary
0.26338983050847464,1.1949152542372883,1.019943532545621,imaginary
0.26338983050847464,1.2203389830508475,1.0212974127634278,imaginary
0.26338983050847464,1.2457627118644068,1.022726278788969,imaginary
0.26338983050847464,1.2711864406779663,1.0242333829235888,imaginary
0.26338983050847464,1.2966101694915255,1.0258220464030028,imaginary
0.26338983050847464,1.3220338983050848,1.027495651803735,imaginary
0.26338983050847464,1.3474576271186443,1.029257634177998,imaginary
0.26338983050847464,1.3728813559322035,1.0311114708607694,imaginary
0.26338983050847464,1.3983050847457628,1.0330606699084668,imaginary
0.26338983050847464,1.4237288135593222,1.035108757148142,imaginary
0.26338983050847464,1.4491525423728815,1.0372592618394556,imaginary
0.26338983050847464,1.4745762711864407,1.039515700978993,imaginary
0.26338983050847464,1.5,1.0418815623072963,imaginary
0.31406779661016954,0.0,1.0000000000000002,imaginary
0.31406779661016954,0.025423728813559324,1.0000637390812313,imaginary
0.31406779661016954,0.05084745762711865,1.0001377305428591,imaginary
0.31406779661016954,0.07627118644067797,1.0002228725820683,imaginary
0.31406779661016954,0.1016949152542373,1.0003201156143973,imaginary
0.31406779661016954,0.1271186440677966,1.0004304650982616,imaginary
0.31406779661016954,0.15254237288135594,1.0005549845284838,imaginary
0.31406779661016954,0.17796610169491528,1.0006947986047394,imaginary
0.31406779661016954,0.2033898305084746,1.0008510965804844,imaginary
0.31406779661016954,0.2288135593220339,1.0010251357973723,imaginary
0.31406779661016954,0.2542372881355932,1.0012182454094698,imaginary
0.31406779661016954,0.2796610169491526,1.0014318303006413,imaginary
0.31406779661016954,0.3050847457627119,1.0016673751972158,imaginary
0.31406779661016954,0.3305084745762712,1.0019264489765658,imaginary
0.31406779661016954,0.35593220338983056,1.0022107091702515,imaginary
0.31406779661016954,0.38135593220338987,1.0025219066581268,imaginary
0.31406779661016954,0.4067796610169492,1.0028618905469033,imaginary
0.31406779661016954,0.4322033898305085,1.0032326132233202,imaginary
0.31406779661016954,0.4576271186440678,1.0036361355680017,imaginary
0.31406779661016954,0.48305084745762716,1.004074632311347,imaginary
0.31406779661016954,0.5084745762711864,1.0045503975071683,imaginary
0.31406779661016954,0.5338983050847458,1.0050658500933813,imaginary
0.31406779661016954,0.5593220338983051,1.00562353950147,imaginary
0.31406779661016954,0.5847457627118644,1.0062261512679693,imaginary
0.31406779661016954,0.6101694915254238,1.0068765125914068,imaginary
0.31406779661016954,0.6355932203389831,1.0075775977672043,imaginary
0.31406779661016954,0.6610169491525424,1.0083325334207762,imaginary
0.31406779661016954,0.6864406779661018,1.0091446034455434,imaginary
0.31406779661016954,0.7118644067796611,1.0100172535377532,imaginary
0.31406779661016954,0.7372881355932204,1.0109540952040739,imaginary
0.31406779661016954,0.7627118644067797,1.011958909100922,imaginary
0.31406779661016954,0.788135593220339,1.0130356475468107,imaginary
0.31406779661016954,0.8135593220338984,1.0141884360309121,imaginary
0.31406779661016954,0.8389830508474577,1.0154215735230752,imaginary
0.31406779661016954,0.864406779661017,1.016739531373441,imaginary
0.31406779661016954,0.8898305084745763,1.01814695057429,imaginary
0.31406779661016954,0.9152542372881356,1.0196486371439641,imaginary
0.31406779661016954,0.940677966101695,1.0212495553838161,imaginary
0.31406779661016954,0.9661016949152543,1.0229548187555284,imaginary
0.31406779661016954,0.9915254237288136,1.0247696781294837,imaginary
0.31406779661016954,1.0169491525423728,1.0266995071667508,imaginary
0.31406779661016954,1.0423728813559323,1.028749784619401,imaginary
0.31406779661016954,1.0677966101694916,1.0309260733681485,imaginary
0.31406779661016954,1.0932203389830508,1.0332339960638781,imaginary
0.31406779661016954,1.1186440677966103,1.0356792073019034,imaginary
0.31406779661016954,1.1440677966101696,1.0382673623351921,imaginary
0.31406779661016954,1.1694915254237288,1.0410040824250937,imaginary
0.31406779661016954,1.1949152542372883,1.0438949170342442,imaginary
0.31406779661016954,1.2203389830508475,1.046945303183891,imaginary
0.31406779661016954,1.2457627118644068,1.0501605224233654,imaginary
0.31406779661016954,1.2711864406779663,1.0535456559878986,imaginary
0.31406779661016954,1.2966101694915255,1.057105538846455,imaginary
0.31406779661016954,1.3220338983050848,1.0608447134564092,imaginary
0.31406779661016954,1.3474576271186443,1.0647673841393863,imaginary
0.31406779661016954,1.3728813559322035,1.0688773730642422,imaginary
0.31406779661016954,1.3983050847457628,1.073178078862086,imaginary
0.31406779661016954,1.4237288135593222,1.0776724388982641,imaginary
0.31406779661016954,1.4491525423728815,1.0823628961834908,imaginary
0.31406779661016954,1.4745762711864407,1.087251371819295,imaginary
0.31406779661016954,1.5,1.0923392437432158,imaginary
0.36474576271186443,0.0,0.9999999999999999,imaginary
0.36474576271186443,0.025423728813559324,1.0001141608354764,imaginary
0.36474576271186443,0.05084745762711865,1.0002469889811014,imaginary
0.36474576271186443,0.07627118644067797,1.0004001953055257,imaginary
0.36474576271186443,0.1016949152542373,1.0005756017678091,imaginary
0.36474576271186443,0.1271186440677966,1.0007751483332867,imaginary
0.36474576271186443,0.15254237288135594,1.0010009003035876,imaginary
0.36474576271186443,0.17796610169491528,1.0012550560669529,imaginary
0.36474576271186443,0.2033898305084746,1.0015399552710378,imaginary
0.36474576271186443,0.2288135593220339,1.0018580874152856,imaginary
0.36474576271186443,0.2542372881355932,1.0022121008534317,imaginary
0.36474576271186443,0.2796610169491526,1.0026048121887667,imaginary
0.36474576271186443,0.3050847457627119,1.0030392160348935,imaginary
0.36474576271186443,0.3305084745762712,1.0035184951028497,imaginary
0.36474576271186443,0.35593220338983056,1.0040460305611039,imaginary
0.36474576271186443,0.38135593220338987,1.0046254125979142,imaginary
0.36474576271186443,0.4067796610169492,1.0052604510954934,imaginary
0.36474576271186443,0.4322033898305085,1.005955186301978,imaginary
0.36474576271186443,0.4576271186440678,1.0067138993601592,imaginary
0.36474576271186443,0.48305084745762716,1.0075411225210422,imaginary
0.36474576271186443,0.5084745762711864,1.0084416488353736,imaginary
0.36474576271186443,0.5338983050847458,1.0094205410774224,imaginary
0.36474576271186443,0.5593220338983051,1.0104831396126353,imaginary
0.36474576271186443,0.5847457627118644,1.0116350688748066,imaginary
0.36474576271186443,0.6101694915254238,1.0128822420700092,imaginary
0.36474576271186443,0.6355932203389831,1.01423086367485,imaginary
0.36474576271186443,0.6610169491525424,1.0156874292475746,imaginary
0.36474576271186443,0.6864406779661018,1.0172587220244798,imaginary
0.36474576271186443,0.7118644067796611,1.0189518057342255,imaginary
0.36474576271186443,0.7372881355932204,1.020774013032763,imaginary
0.36474576271186443,0.7627118644067797,1.022732928946447,imaginary
0.36474576271186443,0.788135593220339,1.0248363687157924,imaginary
0.36474576271186443,0.8135593220338984,1.0270923494630961,imaginary
0.36474576271186443,0.8389830508474577,1.029509055169886,imaginary
0.36474576271186443,0.864406779661017,1.0320947945506194,imaginary
0.36474576271186443,0.8898305084745763,1.0348579515523157,imaginary
0.36474576271186443,0.9152542372881356,1.0378069283990439,imaginary
0.36474576271186443,0.940677966101695,1.0409500813363153,imaginary
0.36474576271186443,0.9661016949152543,1.0442956495107611,imaginary
0.36474576271186443,0.9915254237288136,1.047851677738125,imaginary
0.36474576271186443,1.0169491525423728,1.0516259342556495,imaginary
0.36474576271186443,1.0423728813559323,1.0556258249065082,imaginary
0.36474576271186443,1.0677966101694916,1.0598583055422817,imaginary
0.36474576271186443,1.0932203389830508,1.0643297947292216,imaginary
0.36474576271186443,1.1186440677966103,1.06904608907799,imaginary
0.36474576271186443,1.1440677966101696,1.0740122836584074,imaginary
0.36474576271186443,1.1694915254237288,1.0792326999877067,imaginary
0.36474576271186443,1.1949152542372883,1.0847108239773333,imaginary
0.36474576271186443,1.2203389830508475,1.0904492559834176,imaginary
0.36474576271186443,1.2457627118644068,1.0964496747352166,imaginary
0.36474576271186443,1.2711864406779663,1.1027128164319178,imaginary
0.36474576271186443,1.2966101694915255,1.1092384697300262,imaginary
0.36474576271186443,1.3220338983050848,1.1160254867286141,imaginary
0.36474576271186443,1.3474576271186443,1.123071809440337,imaginary
0.36474576271186443,1.3728813559322035,1.1303745106548442,imaginary
0.36474576271186443,1.3983050847457628,1.1379298475964272,imaginary
0.36474576271186443,1.4237288135593222,1.145733326379559,imaginary
0.36474576271186443,1.4491525423728815,1.1537797749940117,imaginary
0.36474576271186443,1.4745762711864407,1.1620634224127842,imaginary
0.36474576271186443,1.5,1.1705779814072472,imaginary
0.4154237288135594,0.0,0.9999999999999999,imaginary
0.4154237288135594,0.025423728813559324,1.0001887130733869,imaginary
0.4154237288135594,0.05084745762711865,1.000408833871948,imaginary
0.4154237288135594,0.07627118644067797,1.0006633756535186,imaginary
0.4154237288135594,0.1016949152542373,1.0009555672454808,imaginary
0.4154237288135594,0.1271186440677966,1.0012888677400686,imaginary
0.4154237288135594,0.15254237288135594,1.0016669819863309,imaginary
0.4154237288135594,0.17796610169491528,1.0020938768446488,imaginary
0.4154237288135594,0.2033898305084746,1.0025737981468215,imaginary
0.4154237288135594,0.2288135593220339,1.0031112882764255,imaginary
0.4154237288135594,0.2542372881355932,1.0037112042493956,imaginary
0.4154237288135594,0.2796610169491526,1.0043787361327672,imaginary
0.4154237288135594,0.3050847457627119,1.0051194255892222,imaginary
0.4154237288135594,0.3305084745762712,1.00593918427566,imaginary
0.4154237288135594,0.35593220338983056,1.006844311754687,imaginary
0.4154237288135594,0.38135593220338987,1.0078415124981777,imaginary
0.4154237288135594,0.4067796610169492,1.008937911471767,imaginary
0.4154237288135594,0.4322033898305085,1.0101410676887905,imaginary
0.4154237288135594,0.4576271186440678,1.0114589850131177,imaginary
0.4154237288135594,0.48305084745762716,1.0129001193748848,imaginary
0.4154237288135594,0.5084745762711864,1.0144733814453675,imaginary
0.4154237288135594,0.5338983050847458,1.0161881337026506,imaginary
0.4154237288135594,0.5593220338983051,1.0180541807163186,imaginary
0.4154237288135594,0.5847457627118644,1.020081751397143,imaginary
0.4154237288135594,0.6101694915254238,1.022281471909466,imaginary
0.4154237288135594,0.6355932203389831,1.0246643279445433,imaginary
0.4154237288135594,0.6610169491525424,1.0272416151193953,imaginary
0.4154237288135594,0.6864406779661018,1.0300248764153423,imaginary
0.4154237288135594,0.7118644067796611,1.033025825820267,imaginary
0.4154237288135594,0.7372881355932204,1.0362562577026018,imaginary
0.4154237288135594,0.7627118644067797,1.0397279419312424,imaginary
0.4154237288135594,0.788135593220339,1.0434525053630792,imaginary
0.4154237288135594,0.8135593220338984,1.047441301035337,imaginary
0.4154237288135594,0.8389830508474577,1.0517052671952398,imaginary
0.4154237288135594,0.864406779661017,1.0562547791301036,imaginary
0.4154237288135594,0.8898305084745763,1.0610994975661538,imaginary
0.4154237288135594,0.9152542372881356,1.0662482181116948,imaginary
0.4154237288135594,0.940677966101695,1.0717087267504724,imaginary
0.4154237288135594,0.9661016949152543,1.0774876666688369,imaginary
0.4154237288135594,0.9915254237288136,1.083590421663723,imaginary
0.4154237288135594,1.0169491525423728,1.0900210209909547,imaginary
0.4154237288135594,1.0423728813559323,1.0967820697724115,imaginary
0.4154237288135594,1.0677966101694916,1.1038747080219191,imaginary
0.4154237288135594,1.0932203389830508,1.1112986000471525,imaginary
0.4154237288135594,1.1186440677966103,1.1190519545420037,imaginary
0.4154237288135594,1.1440677966101696,1.127131574222468,imaginary
0.4154237288135594,1.1694915254237288,1.1355329325022565,imaginary
0.4154237288135594,1.1949152542372883,1.1442502735613915,imaginary
0.4154237288135594,1.2203389830508475,1.1532767313130243,imaginary
0.4154237288135594,1.2457627118644068,1.1626044622665153,imaginary
0.4154237288135594,1.2711864406779663,1.1722247871250537,imaginary
0.4154237288135594,1.2966101694915255,1.1821283361167627,imaginary
0.4154237288135594,1.3220338983050848,1.1923051934845441,imaginary
0.4154237288135594,1.3474576271186443,1.2027450371818873,imaginary
0.4154237288135594,1.3728813559322035,1.213437270563067,imaginary
0.4154237288135594,1.3983050847457628,1.2243711436446902,imaginary
0.4154237288135594,1.4237288135593222,1.2355358622895178,imaginary
0.4154237288135594,1.4491525423728815,1.2469206843757819,imaginary
0.4154237288135594,1.4745762711864407,1.258515002634184,imaginary
0.4154237288135594,1.5,1.270308414343379,imaginary
0.4661016949152543,0.0,1.0,imaginary
0.4661016949152543,0.025423728813559324,1.0002931538665867,imaginary
0.4661016949152543,0.05084745762711865,1.0006360065854993,imaginary
0.4661016949152543,0.07627118644067797,1.0010335449738157,imaginary
0.4661016949152543,0.1016949152542373,1.0014911427748996,imaginary
0.4661016949152543,0.1271186440677966,1.002014588190683,imaginary
0.4661016949152543,0.15254237288135594,1.0026101124870495,imaginary
0.4661016949152543,0.17796610169491528,1.0032844194244934,imaginary
0.4661016949152543,0.2033898305084746,1.0040447151726772,imaginary
0.4661016949152543,0.2288135593220339,1.0048987382541692,imaginary
0.4661016949152543,0.2542372881355932,1.005854788927147,imaginary
0.4661016949152543,0.2796610169491526,1.0069217572578244,imaginary
0.4661016949152543,0.3050847457627119,1.0081091489496197,imaginary
0.4661016949152543,0.3305084745762712,1.0094271077886137,imaginary
0.4661016949152543,0.35593220338983056,1.0108864333360996,imaginary
0.4661016949152543,0.38135593220338987,1.012498592254945,imaginary
0.4661016949152543,0.4067796610169492,1.0142757214064972,imaginary
0.4661016949152543,0.4322033898305085,1.01623062061376,imaginary
0.4661016949152543,0.4576271186440678,1.018376732774872,imaginary
0.4661016949152543,0.48305084745762716,1.0207281088560054,imaginary
0.4661016949152543,0.5084745762711864,1.023299355228698,imaginary
0.4661016949152543,0.5338983050847458,1.0261055608835141,imaginary
0.4661016949152543,0.5593220338983051,1.0291622022938902,imaginary
0.4661016949152543,0.5847457627118644,1.0324850241652463,imaginary
0.4661016949152543,0.6101694915254238,1.0360898950228747,imaginary
0.4661016949152543,0.6355932203389831,1.0399926375919468,imaginary
0.4661016949152543,0.6610169491525424,1.044208835204287,imaginary
0.4661016949152543,0.6864406779661018,1.048753616996382,imaginary
0.4661016949152543,0.7118644067796611,1.053641426366211,imaginary
0.4661016949152543,0.7372881355932204,1.0588857789126724,imaginary
0.4661016949152543,0.7627118644067797,1.0644990177279336,imaginary
0.4661016949152543,0.788135593220339,1.0704920752581852,imaginary
0.4661016949152543,0.8135593220338984,1.076874251793162,imaginary
0.4661016949152543,0.8389830508474577,1.0836530208147608,imaginary
0.4661016949152543,0.864406779661017,1.090833870812592,imaginary
0.4661016949152543,0.8898305084745763,1.0984201917292677,imaginary
0.4661016949152543,0.9152542372881356,1.106413212005597,imaginary
0.4661016949152543,0.940677966101695,1.114811989434962,imaginary
0.4661016949152543,0.9661016949152543,1.123613455970749,imaginary
0.4661016949152543,0.9915254237288136,1.132812513569813,imaginary
0.4661016949152543,1.0169491525423728,1.1424021754051634,imaginary
0.4661016949152543,1.0423728813559323,1.1523737445993056,imaginary
0.4661016949152543,1.0677966101694916,1.162717021186751,imaginary
0.4661016949152543,1.0932203389830508,1.1734205273769243,imaginary
0.4661016949152543,1.1186440677966103,1.1844717413221595,imaginary
0.4661016949152543,1.1440677966101696,1.195857330381718,imaginary
0.4661016949152543,1.1694915254237288,1.2075633761409907,imaginary
0.4661016949152543,1.1949152542372883,1.2195755850041272,imaginary
0.4661016949152543,1.2203389830508475,1.2318794798448904,imaginary
0.4661016949152543,1.2457627118644068,1.2444605698210986,imaginary
0.4661016949152543,1.2711864406779663,1.2573044969187854,imaginary
0.4661016949152543,1.2966101694915255,1.2703971590226868,imaginary
0.4661016949152543,1.3220338983050848,1.2837248102783658,imaginary
0.4661016949152543,1.3474576271186443,1.2972741402177301,imaginary
0.4661016949152543,1.3728813559322035,1.3110323335853526,imaginary
0.4661016949152543,1.3983050847457628,1.324987113062781,imaginary
0.4661016949152543,1.4237288135593222,1.3391267671817346,imaginary
0.4661016949152543,1.4491525423728815,1.3534401656855992,imaginary
0.4661016949152543,1.4745762711864407,1.3679167644785837,imaginary
0.4661016949152543,1.5,1.382546602125086,imaginary
0.5167796610169493,0.0,1.0,imaginary
0.5167796610169493,0.025423728813559324,1.0004333183254104,imaginary
0.5167796610169493,0.05084745762711865,1.0009414956669431,imaginary
0.5167796610169493,0.07627118644067797,1.0015323702669534,imaginary
0.5167796610169493,0.1016949152542373,1.0022144286110357,imaginary
0.5167796610169493,0.1271186440677966,1.0029968510242175,imaginary
0.5167796610169493,0.15254237288135594,1.0038895575922622,imaginary
0.5167796610169493,0.17796610169491528,1.0049032534216988,imaginary
0.5167796610169493,0.2033898305084746,1.006049471953627,imaginary
0.5167796610169493,0.2288135593220339,1.0073406146962398,imaginary
0.5167796610169493,0.2542372881355932,1.0087899853401119,imaginary
0.5167796610169493,0.2796610169491526,1.0104118157747703,imaginary
0.5167796610169493,0.3050847457627119,1.012221281047894,imaginary
0.5167796610169493,0.3305084745762712,1.0142344998230433,imaginary
0.5167796610169493,0.35593220338983056,1.0164685164338678,imaginary
0.5167796610169493,0.38135593220338987,1.0189412602533532,imaginary
0.5167796610169493,0.4067796610169492,1.0216714778637699,imaginary
0.5167796610169493,0.4322033898305085,1.0246786335107394,imaginary
0.5167796610169493,0.4576271186440678,1.0279827736503695,imaginary
0.5167796610169493,0.48305084745762716,1.0316043521534217,imaginary
0.5167796610169493,0.5084745762711864,1.0355640140072737,imaginary
0.5167796610169493,0.5338983050847458,1.0398823372185104,imaginary
0.5167796610169493,0.5593220338983051,1.0445795350751936,imaginary
0.5167796610169493,0.5847457627118644,1.0496751239072,imaginary
0.5167796610169493,0.6101694915254238,1.0551875648117317,imaginary
0.5167796610169493,0.6355932203389831,1.0611338912039763,imaginary
0.5167796610169493,0.6610169491525424,1.0675293371248376,imaginary
0.5167796610169493,0.6864406779661018,1.0743869835428301,imaginary
0.5167796610169493,0.7118644067796611,1.0817174409861845,imaginary
0.5167796610169493,0.7372881355932204,1.089528586386256,imaginary
0.5167796610169493,0.7627118644067797,1.0978253698358083,imaginary
0.5167796610169493,0.788135593220339,1.106609703139879,imaginary
0.5167796610169493,0.8135593220338984,1.1158804368991557,imaginary
0.5167796610169493,0.8389830508474577,1.1256334269762927,imaginary
0.5167796610169493,0.864406779661017,1.1358616852457608,imaginary
0.5167796610169493,0.8898305084745763,1.146555604216037,imaginary
0.5167796610169493,0.9152542372881356,1.1577032410178054,imaginary
0.5167796610169493,0.940677966101695,1.169290643738093,imaginary
0.5167796610169493,0.9661016949152543,1.1813022022560988,imaginary
0.5167796610169493,0.9915254237288136,1.1937210064676158,imaginary
0.5167796610169493,1.0169491525423728,1.2065291967551846,imaginary
0.5167796610169493,1.0423728813559323,1.2197082943546,imaginary
0.5167796610169493,1.0677966101694916,1.233239502454027,imaginary
0.5167796610169493,1.0932203389830508,1.2471039720597765,imaginary
0.5167796610169493,1.1186440677966103,1.2612830295835693,imaginary
0.5167796610169493,1.1440677966101696,1.2757583655667049,imaginary
0.5167796610169493,1.1694915254237288,1.290512185871813,imaginary
0.5167796610169493,1.1949152542372883,1.3055273280370365,imaginary
0.5167796610169493,1.2203389830508475,1.3207873463497324,imaginary
0.5167796610169493,1.2457627118644068,1.336276569637191,imaginary
0.5167796610169493,1.2711864406779663,1.3519801358828147,imaginary
0.5167796610169493,1.2966101694915255,1.367884007648088,imaginary
0.5167796610169493,1.3220338983050848,1.3839749719936805,imaginary
0.5167796610169493,1.3474576271186443,1.4002406282131379,imaginary
0.5167796610169493,1.3728813559322035,1.416669366270613,imaginary
0.5167796610169493,1.3983050847457628,1.433250338406579,imaginary
0.5167796610169493,1.4237288135593222,1.449973425967058,imaginary
0.5167796610169493,1.4491525423728815,1.4668292031376358,imaginary
0.5167796610169493,1.4745762711864407,1.4838088989311435,imaginary
0.5167796610169493,1.5,1.5009043584900224,imaginary
0.5674576271186441,0.0,0.9999999999999999,imaginary
0.5674576271186441,0.025423728813559324,1.000614937798768,imaginary
0.5674576271186441,0.05084745762711865,1.00133813227142,imaginary
0.5674576271186441,0.07627118644067797,1.002181371109462,imaginary
0.5674576271186441,0.1016949152542373,1.0031574615882692,imaginary
0.5674576271186441,0.1271186440677966,1.0042802963835369,imaginary
0.5674576271186441,0.15254237288135594,1.0055649156437332,imaginary
0.5674576271186441,0.17796610169491528,1.0070275623392093,imaginary
0.5674576271186441,0.2033898305084746,1.0086857271484155,imaginary
0.5674576271186441,0.2288135593220339,1.0105581783028792,imaginary
0.5674576271186441,0.2542372881355932,1.0126649709318505,imaginary
0.5674576271186441,0.2796610169491526,1.0150274295867567,imaginary
0.5674576271186441,0.3050847457627119,1.0176680968787046,imaginary
0.5674576271186441,0.3305084745762712,1.0206106406598756,imaginary
0.5674576271186441,0.35593220338983056,1.0238797120900982,imaginary
0.5674576271186441,0.38135593220338987,1.027500747452208,imaginary
0.5674576271186441,0.4067796610169492,1.0314997079266015,imaginary
0.5674576271186441,0.4322033898305085,1.035902753900071,imaginary
0.5674576271186441,0.4576271186440678,1.0407358538933755,imaginary
0.5674576271186441,0.48305084745762716,1.0460243328459877,imaginary
0.5674576271186441,0.5084745762711864,1.0517923701054421,imaginary
0.5674576271186441,0.5338983050847458,1.0580624636061524,imaginary
0.5674576271186441,0.5593220338983051,1.0648548827149105,imaginary
0.5674576271186441,0.5847457627118644,1.0721871371982672,imaginary
0.5674576271186441,0.6101694915254238,1.0800734927887916,imaginary
0.5674576271186441,0.6355932203389831,1.0885245640649512,imaginary
0.5674576271186441,0.6610169491525424,1.0975470123119435,imaginary
0.5674576271186441,0.6864406779661018,1.1071433697020465,imaginary
0.5674576271186441,0.7118644067796611,1.1173120021116516,imaginary
0.5674576271186441,0.7372881355932204,1.1280472122886318,imaginary
0.5674576271186441,0.7627118644067797,1.139339474325788,imaginary
0.5674576271186441,0.788135593220339,1.1511757809339085,imaginary
0.5674576271186441,0.8135593220338984,1.1635400780145155,imaginary
0.5674576271186441,0.8389830508474577,1.176413757186104,imaginary
0.5674576271186441,0.864406779661017,1.1897761763226984,imaginary
0.5674576271186441,0.8898305084745763,1.2036051804112728,imaginary
0.5674576271186441,0.9152542372881356,1.2178775993687154,imaginary
0.5674576271186441,0.940677966101695,1.232569704980597,imaginary
0.5674576271186441,0.9661016949152543,1.2476576149766898,imaginary
0.5674576271186441,0.9915254237288136,1.263117637756563,imaginary
0.5674576271186441,1.0169491525423728,1.278926555966922,imaginary
0.5674576271186441,1.0423728813559323,1.2950618507828862,imaginary
0.5674576271186441,1.0677966101694916,1.3115018713190174,imaginary
0.5674576271186441,1.0932203389830508,1.3282259551842934,imaginary
0.5674576271186441,1.1186440677966103,1.3452145069639125,imaginary
0.5674576271186441,1.1440677966101696,1.36244904155251,imaginary
0.5674576271186441,1.1694915254237288,1.379912198965185,imaginary
0.5674576271186441,1.1949152542372883,1.3975877366768092,imaginary
0.5674576271186441,1.2203389830508475,1.4154605048162212,imaginary
0.5674576271186441,1.2457627118644068,1.4335164087656833,imaginary
0.5674576271186441,1.2711864406779663,1.451742362953236,imaginary
0.5674576271186441,1.2966101694915255,1.4701262389174383,imaginary
0.5674576271186441,1.3220338983050848,1.4886568100927755,imaginary
0.5674576271186441,1.3474576271186443,1.5073236952186928,imaginary
0.5674576271186441,1.3728813559322035,1.526117301816039,imaginary
0.5674576271186441,1.3983050847457628,1.5450287707961554,imaginary
0.5674576271186441,1.4237288135593222,1.5640499229616578,imaginary
0.5674576271186441,1.4491525423728815,1.5831732079146852,imaginary
0.5674576271186441,1.4745762711864407,1.6023916556983135,imaginary
0.5674576271186441,1.5,1.6216988313508296,imaginary
0.6181355932203391,0.0,1.0,imaginary
0.6181355932203391,0.025423728813559324,1.0008434691378507,imaginary
0.6181355932203391,0.05084745762711865,1.0018381966103882,imaginary
0.6181355932203391,0.07627118644067797,1.003001233253669,imaginary
0.6181355932203391,0.1016949152542373,1.0043511403077388,imaginary
0.6181355932203391,0.1271186440677966,1.005908068280872,imaginary
0.6181355932203391,0.15254237288135594,1.0076938201230161,imaginary
0.6181355932203391,0.17796610169491528,1.0097318913089077,imaginary
0.6181355932203391,0.2033898305084746,1.012047477918273,imaginary
0.6181355932203391,0.2288135593220339,1.0146674423386315,imaginary
0.6181355932203391,0.2542372881355932,1.017620224998097,imaginary
0.6181355932203391,0.2796610169491526,1.0209356898315094,imaginary
0.6181355932203391,0.3050847457627119,1.024644891339488,imaginary
0.6181355932203391,0.3305084745762712,1.02877975251879,imaginary
0.6181355932203391,0.35593220338983056,1.0333726460311872,imaginary
0.6181355932203391,0.38135593220338987,1.038455876065001,imaginary
0.6181355932203391,0.4067796610169492,1.0440610655559965,imaginary
0.6181355932203391,0.4322033898305085,1.0502184625609623,imaginary
0.6181355932203391,0.4576271186440678,1.056956189944057,imaginary
0.6181355932203391,0.48305084745762716,1.0642994729534323,imaginary
0.6181355932203391,0.5084745762711864,1.0722698881040518,imaginary
0.6181355932203391,0.5338983050847458,1.0808846822134066,imaginary
0.6181355932203391,0.5593220338983051,1.0901562108292606,imaginary
0.6181355932203391,0.5847457627118644,1.1000915396756499,imaginary
0.6181355932203391,0.6101694915254238,1.1106922412121956,imaginary
0.6181355932203391,0.6355932203389831,1.121954402246767,imaginary
0.6181355932203391,0.6610169491525424,1.133868840080353,imaginary
0.6181355932203391,0.6864406779661018,1.1464215067352732,imaginary
0.6181355932203391,0.7118644067796611,1.1595940461166967,imaginary
0.6181355932203391,0.7372881355932204,1.1733644594131478,imaginary
0.6181355932203391,0.7627118644067797,1.1877078304563096,imaginary
0.6181355932203391,0.788135593220339,1.2025970647805735,imaginary
0.6181355932203391,0.8135593220338984,1.2180036025088716,imaginary
0.6181355932203391,0.8389830508474577,1.233898074248492,imaginary
0.6181355932203391,0.864406779661017,1.25025087919351,imaginary
0.6181355932203391,0.8898305084745763,1.2670326741843931,imaginary
0.6181355932203391,0.9152542372881356,1.2842147706188445,imaginary
0.6181355932203391,0.940677966101695,1.3017694423664448,imaginary
0.6181355932203391,0.9661016949152543,1.3196701521336234,imaginary
0.6181355932203391,0.9915254237288136,1.3378917062442244,imaginary
0.6181355932203391,1.0169491525423728,1.3564103488774473,imaginary
0.6181355932203391,1.0423728813559323,1.3752038068163401,imaginary
0.6181355932203391,1.0677966101694916,1.3942512950606483,imaginary
0.6181355932203391,1.0932203389830508,1.4135334925442113,imaginary
0.6181355932203391,1.1186440677966103,1.4330324958955245,imaginary
0.6181355932203391,1.1440677966101696,1.4527317578491068,imaginary
0.6181355932203391,1.1694915254237288,1.4726160156565486,imaginary
0.6181355932203391,1.1949152542372883,1.49267121371653,imaginary
0.6181355932203391,1.2203389830508475,1.5128844236680121,imaginary
0.6181355932203391,1.2457627118644068,1.5332437643744132,imaginary
0.6181355932203391,1.2711864406779663,1.553738323560032,imaginary
0.6181355932203391,1.2966101694915255,1.574358082327638,imaginary
0.6181355932203391,1.3220338983050848,1.5950938433694377,imaginary
0.6181355932203391,1.3474576271186443,1.6159371633637645,imaginary
0.6181355932203391,1.3728813559322035,1.6368802898091095,imaginary
0.6181355932203391,1.3983050847457628,1.6579161023699853,imaginary
0.6181355932203391,1.4237288135593222,1.6790380586820637,imaginary
0.6181355932203391,1.4491525423728815,1.70024014447586,imaginary
0.6181355932203391,1.4745762711864407,1.7215168278199868,imaginary
0.6181355932203391,1.5,1.7428630172489563,imaginary
0.668813559322034,0.0,0.9999999999999999,imaginary
0.668813559322034,0.025423728813559324,1.00112393987232,imaginary
0.668813559322034,0.05084745762711865,1.0024530493637633,imaginary
0.668813559322034,0.07627118644067797,1.0040111437423005,imaginary
0.668813559322034,0.1016949152542373,1.0058241477384564,imaginary
0.668813559322034,0.1271186440677966,1.007920161061776,imaginary
0.668813559322034,0.15254237288135594,1.0103294809207761,imaginary
0.668813559322034,0.17796610169491528,1.013084566016059,imaginary
0.668813559322034,0.2033898305084746,1.0162199243752201,imaginary
0.668813559322034,0.2288135593220339,1.0197719061071577,imaginary
0.668813559322034,0.2542372881355932,1.023778382294002,imaginary
0.668813559322034,0.2796610169491526,1.0282782935459542,imaginary
0.668813559322034,0.3050847457627119,1.0333110569667174,imaginary
0.668813559322034,0.3305084745762712,1.0389158290011031,imaginary
0.668813559322034,0.35593220338983056,1.0451306340325002,imaginary
0.668813559322034,0.38135593220338987,1.0519913841359563,imaginary
0.668813559322034,0.4067796610169492,1.0595308326059114,imaginary
0.668813559322034,0.4322033898305085,1.0677775203111384,imaginary
0.668813559322034,0.4576271186440678,1.0767547863944493,imaginary
0.668813559322034,0.48305084745762716,1.0864799200340205,imaginary
0.668813559322034,0.5084745762711864,1.0969635254133479,imaginary
0.668813559322034,0.5338983050847458,1.10820915692036,imaginary
0.668813559322034,0.5593220338983051,1.1202132574101238,imaginary
0.668813559322034,0.5847457627118644,1.132965402808026,imaginary
0.668813559322034,0.6101694915254238,1.1464488264510806,imaginary
0.668813559322034,0.6355932203389831,1.1606411714595093,imaginary
0.668813559322034,0.6610169491525424,1.17551540291771,imaginary
0.668813559322034,0.6864406779661018,1.191040805413408,imaginary
0.668813559322034,0.7118644067796611,1.2071839949704943,imaginary
0.668813559322034,0.7372881355932204,1.2239098853216865,imaginary
0.668813559322034,0.7627118644067797,1.2411825636659084,imaginary
0.668813559322034,0.788135593220339,1.2589660474436333,imaginary
0.668813559322034,0.8135593220338984,1.2772249088003385,imaginary
0.668813559322034,0.8389830508474577,1.295924765778703,imaginary
0.668813559322034,0.864406779661017,1.3150326482660228,imaginary
0.668813559322034,0.8898305084745763,1.3345172523934006,imaginary
0.668813559322034,0.9152542372881356,1.3543490999279604,imaginary
0.668813559322034,0.940677966101695,1.3745006198903698,imaginary
0.668813559322034,0.9661016949152543,1.3949461688487657,imaginary
0.668813559322034,0.9915254237288136,1.4156620046771247,imaginary
0.668813559322034,1.0169491525423728,1.4366262264789131,imaginary
0.668813559322034,1.0423728813559323,1.4578186911880244,imaginary
0.668813559322034,1.0677966101694916,1.4792209152738804,imaginary
0.668813559322034,1.0932203389830508,1.5008159681106117,imaginary
0.668813559322034,1.1186440677966103,1.5225883619714657,imaginary
0.668813559322034,1.1440677966101696,1.544523942286775,imaginary
0.668813559322034,1.1694915254237288,1.5666097807397605,imaginary
0.668813559322034,1.1949152542372883,1.5888340729393124,imaginary
0.668813559322034,1.2203389830508475,1.6111860417678678,imaginary
0.668813559322034,1.2457627118644068,1.633655847021437,imaginary
0.668813559322034,1.2711864406779663,1.6562345016058253,imaginary
0.668813559322034,1.2966101694915255,1.6789137943009809,imaginary
0.668813559322034,1.3220338983050848,1.70168621893106,imaginary
0.668813559322034,1.3474576271186443,1.7245449096623502,imaginary
0.668813559322034,1.3728813559322035,1.7474835820798442,imaginary
0.668813559322034,1.3983050847457628,1.770496479654041,imaginary
0.668813559322034,1.4237288135593222,1.7935783251935118,imaginary
0.668813559322034,1.4491525423728815,1.8167242768788527,imaginary
0.668813559322034,1.4745762711864407,1.8399298884847899,imaginary
0.668813559322034,1.5,1.8631910734154589,imaginary
0.7194915254237289,0.0,1.0,imaginary
0.7194915254237289,0.025423728813559324,1.0014608141151242,imaginary
0.7194915254237289,0.05084745762711865,1.003192800954172,imaginary
0.7194915254237289,0.07627118644067797,1.0052281733468256,imaginary
0.7194915254237289,0.1016949152542373,1.0076019174222186,imaginary
0.7194915254237289,0.1271186440677966,1.0103517859640996,imaginary
0.7194915254237289,0.15254237288135594,1.0135181960132982,imaginary
0.7194915254237289,0.17796610169491528,1.017144003118741,imaginary
0.7194915254237289,0.2033898305084746,1.0212741238268748,imaginary
0.7194915254237289,0.2288135593220339,1.0259549803229449,imaginary
0.7194915254237289,0.2542372881355932,1.031233747926782,imaginary
0.7194915254237289,0.2796610169491526,1.0371573985449487,imaginary
0.7194915254237289,0.3050847457627119,1.0437715516949972,imaginary
0.7194915254237289,0.3305084745762712,1.0511191686577914,imaginary
0.7194915254237289,0.35593220338983056,1.0592391523142204,imaginary
0.7194915254237289,0.38135593220338987,1.0681649410864227,imaginary
0.7194915254237289,0.4067796610169492,1.0779232045643254,imaginary
0.7194915254237289,0.4322033898305085,1.0885327551295316,imaginary
0.7194915254237289,0.4576271186440678,1.1000037800696343,imaginary
0.7194915254237289,0.48305084745762716,1.112337471532937,imaginary
0.7194915254237289,0.5084745762711864,1.1255260907018043,imaginary
0.7194915254237289,0.5338983050847458,1.1395534550276916,imaginary
0.7194915254237289,0.5593220338983051,1.1543957923790593,imaginary
0.7194915254237289,0.5847457627118644,1.1700228717968257,imaginary
0.7194915254237289,0.6101694915254238,1.1863993024026958,imaginary
0.7194915254237289,0.6355932203389831,1.203485890847647,imaginary
0.7194915254237289,0.6610169491525424,1.2212409607336172,imaginary
0.7194915254237289,0.6864406779661018,1.2396215596108775,imaginary
0.7194915254237289,0.7118644067796611,1.258584504856706,imaginary
0.7194915254237289,0.7372881355932204,1.2780872442946276,imaginary
0.7194915254237289,0.7627118644067797,1.2980885277676093,imaginary
0.7194915254237289,0.788135593220339,1.3185489006832216,imaginary
0.7194915254237289,0.8135593220338984,1.3394310397958054,imaginary
0.7194915254237289,0.8389830508474577,1.3606999560006519,imaginary
0.7194915254237289,0.864406779661017,1.382323089863356,imaginary
0.7194915254237289,0.8898305084745763,1.404270324185107,imaginary
0.7194915254237289,0.9152542372881356,1.4265139351269054,imaginary
0.7194915254237289,0.940677966101695,1.4490285000490433,imaginary
0.7194915254237289,0.9661016949152543,1.4717907767862828,imaginary
0.7194915254237289,0.9915254237288136,1.4947795658875562,imaginary
0.7194915254237289,1.0169491525423728,1.517975564561358,imaginary
0.7194915254237289,1.0423728813559323,1.5413612187396706,imaginary
0.7194915254237289,1.0677966101694916,1.5649205777955082,imaginary
0.7194915254237289,1.0932203389830508,1.5886391549783725,imaginary
0.7194915254237289,1.1186440677966103,1.6125037955094255,imaginary
0.7194915254237289,1.1440677966101696,1.6365025534423918,imaginary
0.7194915254237289,1.1694915254237288,1.6606245777896527,imaginary
0.7194915254237289,1.1949152542372883,1.684860007984753,imaginary
0.7194915254237289,1.2203389830508475,1.7091998784610418,imaginary
0.7194915254237289,1.2457627118644068,1.7336360319363084,imaginary
0.7194915254237289,1.2711864406779663,1.7581610408787276,imaginary
0.7194915254237289,1.2966101694915255,1.782768136568616,imaginary
0.7194915254237289,1.3220338983050848,1.8074511451478144,imaginary
0.7194915254237289,1.3474576271186443,1.8322044300517375,imaginary
0.7194915254237289,1.3728813559322035,1.8570228402395534,imaginary
0.7194915254237289,1.3983050847457628,1.8819016636690706,imaginary
0.7194915254237289,1.4237288135593222,1.9068365855000429,imaginary
0.7194915254237289,1.4491525423728815,1.9318236505497002,imaginary
0.7194915254237289,1.4745762711864407,1.9568592295649365,imaginary
0.7194915254237289,1.5,1.981939988915348,imaginary
0.7701694915254238,0.0,1.0,imaginary
0.7701694915254238,0.025423728813559324,1.0018578828045785,imaginary
0.7701694915254238,0.05084745762711865,1.0040660298789263,imaginary
0.7701694915254238,0.07627118644067797,1.0066667316784135,imaginary
0.7701694915254238,0.1016949152542373,1.009705693881054,imaginary
0.7701694915254238,0.1271186440677966,1.01323185273752,imaginary
0.7701694915254238,0.15254237288135594,1.0172970060478752,imaginary
0.7701694915254238,0.17796610169491528,1.0219552192906582,imaginary
0.7701694915254238,0.2033898305084746,1.0272619726159882,imaginary
0.7701694915254238,0.2288135593220339,1.0332730286515217,imaginary
0.7701694915254238,0.2542372881355932,1.0400430248692953,imaginary
0.7701694915254238,0.2796610169491526,1.0476238275134389,imaginary
0.7701694915254238,0.3050847457627119,1.056062724059521,imaginary
0.7701694915254238,0.3305084745762712,1.0654005719110862,imaginary
0.7701694915254238,0.35593220338983056,1.0756700537605817,imaginary
0.7701694915254238,0.38135593220338987,1.0868942049633064,imaginary
0.7701694915254238,0.4067796610169492,1.0990853676622296,imaginary
0.7701694915254238,0.4322033898305085,1.1122446879111259,imaginary
0.7701694915254238,0.4576271186440678,1.12636221073632,imaginary
0.7701694915254238,0.48305084745762716,1.1414175558143576,imaginary
0.7701694915254238,0.5084745762711864,1.1573810884678124,imaginary
0.7701694915254238,0.5338983050847458,1.1742154507389282,imaginary
0.7701694915254238,0.5593220338983051,1.1918772934604955,imaginary
0.7701694915254238,0.5847457627118644,1.2103190531748134,imaginary
0.7701694915254238,0.6101694915254238,1.2294906418248783,imaginary
0.7701694915254238,0.6355932203389831,1.2493409533655426,imaginary
0.7701694915254238,0.6610169491525424,1.2698191306810287,imaginary
0.7701694915254238,0.6864406779661018,1.2908755714491307,imaginary
0.7701694915254238,0.7118644067796611,1.312462678898798,imaginary
0.7701694915254238,0.7372881355932204,1.3345353816007217,imaginary
0.7701694915254238,0.7627118644067797,1.3570514562983647,imaginary
0.7701694915254238,0.788135593220339,1.3799716911240614,imaginary
0.7701694915254238,0.8135593220338984,1.4032599253987774,imaginary
0.7701694915254238,0.8389830508474577,1.426882998420943,imaginary
0.7701694915254238,0.864406779661017,1.4508106346288336,imaginary
0.7701694915254238,0.8898305084745763,1.475015287244722,imaginary
0.7701694915254238,0.9152542372881356,1.4994719575654532,imaginary
0.7701694915254238,0.940677966101695,1.524158002752667,imaginary
0.7701694915254238,0.9661016949152543,1.5490529414018672,imaginary
0.7701694915254238,0.9915254237288136,1.5741382633202754,imaginary
0.7701694915254238,1.0169491525423728,1.5993972477441147,imaginary
0.7701694915254238,1.0423728813559323,1.6248147925764964,imaginary
0.7701694915254238,1.0677966101694916,1.6503772560233745,imaginary
0.7701694915254238,1.0932203389830508,1.6760723111515885,imaginary
0.7701694915254238,1.1186440677966103,1.7018888133074603,imaginary
0.7701694915254238,1.1440677966101696,1.7278166799491925,imaginary
0.7701694915254238,1.1694915254237288,1.7538467822078148,imaginary
0.7701694915254238,1.1949152542372883,1.779970847357942,imaginary
0.7701694915254238,1.2203389830508475,1.8061813713196821,imaginary
0.7701694915254238,1.2457627118644068,1.8324715403032326,imaginary
0.7701694915254238,1.2711864406779663,1.8588351607307236,imaginary
0.7701694915254238,1.2966101694915255,1.8852665966134576,imaginary
0.7701694915254238,1.3220338983050848,1.91176071361799,imaginary
0.7701694915254238,1.3474576271186443,1.9383128291154847,imaginary
0.7701694915254238,1.3728813559322035,1.9649186675713253,imaginary
0.7701694915254238,1.3983050847457628,1.9915743206933358,imaginary
0.7701694915254238,1.4237288135593222,2.0182762118155573,imaginary
0.7701694915254238,1.4491525423728815,2.0450210640491995,imaginary
0.7701694915254238,1.4745762711864407,2.0718058717829053,imaginary
0.7701694915254238,1.5,2.0986278751603087,imaginary
0.8208474576271187,0.0,0.9999999999999999,imaginary
0.8208474576271187,0.025423728813559324,1.0023181805894543,imaginary
0.8208474576271187,0.05084745762711865,1.0050795590066526,imaginary
0.8208474576271187,0.07627118644067797,1.0083381181431446,imaginary
0.8208474576271187,0.1016949152542373,1.0121517383174827,imaginary
0.8208474576271187,0.1271186440677966,1.0165816694451657,imaginary
0.8208474576271187,0.15254237288135594,1.021691688649428,imaginary
0.8208474576271187,0.17796610169491528,1.0275468987443588,imaginary
0.8208474576271187,0.2033898305084746,1.0342121478717559,imaginary
0.8208474576271187,0.2288135593220339,1.0417500905242822,imaginary
0.8208474576271187,0.2542372881355932,1.0502189638156993,imaginary
0.8208474576271187,0.2796610169491526,1.0596702138017666,imaginary
0.8208474576271187,0.3050847457627119,1.0701461631156637,imaginary
0.8208474576271187,0.3305084745762712,1.0816779476686482,imaginary
0.8208474576271187,0.35593220338983056,1.0942839518798624,imaginary
0.8208474576271187,0.38135593220338987,1.1079689306912992,imaginary
0.8208474576271187,0.4067796610169492,1.1227239259140749,imaginary
0.8208474576271187,0.4322033898305085,1.1385269801070441,imaginary
0.8208474576271187,0.4576271186440678,1.1553445470324963,imaginary
0.8208474576271187,0.48305084745762716,1.1731334173261179,imaginary
0.8208474576271187,0.5084745762711864,1.1918429366271595,imaginary
0.8208474576271187,0.5338983050847458,1.2114172939520529,imaginary
0.8208474576271187,0.5593220338983051,1.2317976923416776,imaginary
0.8208474576271187,0.5847457627118644,1.2529242673787637,imaginary
0.8208474576271187,0.6101694915254238,1.2747376772278878,imaginary
0.8208474576271187,0.6355932203389831,1.2971803392045043,imaginary
0.8208474576271187,0.6610169491525424,1.3201973265085474,imaginary
0.8208474576271187,0.6864406779661018,1.3437369632707188,imaginary
0.8208474576271187,0.7118644067796611,1.3677511681362684,imaginary
0.8208474576271187,0.7372881355932204,1.3921955993543007,imaginary
0.8208474576271187,0.7627118644067797,1.4170296510418856,imaginary
0.8208474576271187,0.788135593220339,1.4422163437404198,imaginary
0.8208474576271187,0.8135593220338984,1.4677221446118318,imaginary
0.8208474576271187,0.8389830508474577,1.4935167449364855,imaginary
0.8208474576271187,0.864406779661017,1.51957281568934,imaginary
0.8208474576271187,0.8898305084745763,1.5458657561911733,imaginary
0.8208474576271187,0.9152542372881356,1.5723734462058816,imaginary
0.8208474576271187,0.940677966101695,1.5990760082906257,imaginary
0.8208474576271187,0.9661016949152543,1.6259555845474454,imaginary
0.8208474576271187,0.9915254237288136,1.6529961300022753,imaginary
0.8208474576271187,1.0169491525423728,1.6801832234890868,imaginary
0.8208474576271187,1.0423728813559323,1.7075038960046964,imaginary
0.8208474576271187,1.0677966101694916,1.734946475909554,imaginary
0.8208474576271187,1.0932203389830508,1.762500449992189,imaginary
0.8208474576271187,1.1186440677966103,1.7901563392212732,imaginary
0.8208474576271187,1.1440677966101696,1.8179055879281,imaginary
0.8208474576271187,1.1694915254237288,1.8457404651561828,imaginary
0.8208474576271187,1.1949152542372883,1.8736539769563583,imaginary
0.8208474576271187,1.2203389830508475,1.901639788476414,imaginary
0.8208474576271187,1.2457627118644068,1.9296921547803039,imaginary
0.8208474576271187,1.2711864406779663,1.957805859424661,imaginary
0.8208474576271187,1.2966101694915255,1.985976159913638,imaginary
0.8208474576271187,1.3220338983050848,2.0141987392433363,imaginary
0.8208474576271187,1.3474576271186443,2.0424696628320023,imaginary
0.8208474576271187,1.3728813559322035,2.0707853402106484,imaginary
0.8208474576271187,1.3983050847457628,2.0991424909201704,imaginary
0.8208474576271187,1.4237288135593222,2.1275381141256524,imaginary
0.8208474576271187,1.4491525423728815,2.1559694615160536,imaginary
0.8208474576271187,1.4745762711864407,2.184434013109003,imaginary
0.8208474576271187,1.5,2.2129294556258383,imaginary
0.8715254237288137,0.0,1.0,imaginary
0.8715254237288137,0.025423728813559324,1.002843930345599,imaginary
0.8715254237288137,0.05084745762711865,1.0062382959779956,imaginary
0.8715254237288137,0.07627118644067797,1.010250187902227,imaginary
0.8715254237288137,0.1016949152542373,1.0149507261886133,imaginary
0.8715254237288137,0.1271186440677966,1.0204139597212818,imaginary
0.8715254237288137,0.15254237288135594,1.0267152862930073,imaginary
0.8715254237288137,0.17796610169491528,1.0339293716648614,imaginary
0.8715254237288137,0.2033898305084746,1.0421276071773704,imaginary
0.8715254237288137,0.2288135593220339,1.0513752259663627,imaginary
0.8715254237288137,0.2542372881355932,1.0617282860475208,imaginary
0.8715254237288137,0.2796610169491526,1.0732308041149246,imaginary
0.8715254237288137,0.3050847457627119,1.08591236197427,imaginary
0.8715254237288137,0.3305084745762712,1.0997864873058807,imaginary
0.8715254237288137,0.35593220338983056,1.1148500253487887,imaginary
0.8715254237288137,0.38135593220338987,1.1310835820263383,imaginary
0.8715254237288137,0.4067796610169492,1.1484529640347705,imaginary
0.8715254237288137,0.4322033898305085,1.1669114064128157,imaginary
0.8715254237288137,0.4576271186440678,1.1864022941648313,imaginary
0.8715254237288137,0.48305084745762716,1.2068620642815173,imaginary
0.8715254237288137,0.5084745762711864,1.2282230107256304,imaginary
0.8715254237288137,0.5338983050847458,1.2504157870859756,imaginary
0.8715254237288137,0.5593220338983051,1.2733714857325635,imaginary
0.8715254237288137,0.5847457627118644,1.2970232491506777,imaginary
0.8715254237288137,0.6101694915254238,1.3213074276915953,imaginary
0.8715254237288137,0.6355932203389831,1.3461643351671864,imaginary
0.8715254237288137,0.6610169491525424,1.371538671842104,imaginary
0.8715254237288137,0.6864406779661018,1.3973796882773561,imaginary
0.8715254237288137,0.7118644067796611,1.4236411583512127,imaginary
0.8715254237288137,0.7372881355932204,1.4502812199879271,imaginary
0.8715254237288137,0.7627118644067797,1.4772621307706686,imaginary
0.8715254237288137,0.788135593220339,1.504549974621649,imaginary
0.8715254237288137,0.8135593220338984,1.5321143460949334,imaginary
0.8715254237288137,0.8389830508474577,1.55992803091623,imaginary
0.8715254237288137,0.864406779661017,1.5879666952188078,imaginary
0.8715254237288137,0.8898305084745763,1.6162085912752664,imaginary
0.8715254237288137,0.9152542372881356,1.6446342841490418,imaginary
0.8715254237288137,0.940677966101695,1.6732264013190945,imaginary
0.8715254237288137,0.9661016949152543,1.7019694057256538,imaginary
0.8715254237288137,0.9915254237288136,1.7308493916438614,imaginary
0.8715254237288137,1.0169491525423728,1.759853902156641,imaginary
0.8715254237288137,1.0423728813559323,1.7889717666467513,imaginary
0.8715254237288137,1.0677966101694916,1.8181929565700166,imaginary
0.8715254237288137,1.0932203389830508,1.8475084577415108,imaginary
0.8715254237288137,1.1186440677966103,1.8769101574171427,imaginary
0.8715254237288137,1.1440677966101696,1.906390744551708,imaginary
0.8715254237288137,1.1694915254237288,1.9359436217390145,imaginary
0.8715254237288137,1.1949152542372883,1.9655628274748154,imaginary
0.8715254237288137,1.2203389830508475,1.9952429675197763,imaginary
0.8715254237288137,1.2457627118644068,2.024979154271168,imaginary
0.8715254237288137,1.2711864406779663,2.0547669531753407,imaginary
0.8715254237288137,1.2966101694915255,2.084602335326148,imaginary
0.8715254237288137,1.3220338983050848,2.1144816354970977,imaginary
0.8715254237288137,1.3474576271186443,2.1444015149466833,imaginary
0.8715254237288137,1.3728813559322035,2.1743589284180835,imaginary
0.8715254237288137,1.3983050847457628,2.2043510948264204,imaginary
0.8715254237288137,1.4237288135593222,2.23437547119022,imaginary
0.8715254237288137,1.4491525423728815,2.264429729419389,imaginary
0.8715254237288137,1.4745762711864407,2.294511735620569,imaginary
0.8715254237288137,1.5,2.324619531623281,imaginary
0.9222033898305086,0.0,1.0,imaginary
0.9222033898305086,0.025423728813559324,1.0034365150580524,imaginary
0.9222033898305086,0.05084745762711865,1.0075451407648732,imaginary
0.9222033898305086,0.07627118644067797,1.0124071462717337,imaginary
0.9222033898305086,0.1016949152542373,1.0181073733235022,imaginary
0.9222033898305086,0.1271186440677966,1.0247322787764819,imaginary
0.9222033898305086,0.15254237288135594,1.0323673250673022,imaginary
0.9222033898305086,0.17796610169491528,1.0410937744714226,imaginary
0.9222033898305086,0.2033898305084746,1.0509850575993638,imaginary
0.9222033898305086,0.2288135593220339,1.0621030109036826,imaginary
0.9222033898305086,0.2542372881355932,1.0744943798562643,imaginary
0.9222033898305086,0.2796610169491526,1.0881880258370658,imaginary
0.9222033898305086,0.3050847457627119,1.1031932265863775,imaginary
0.9222033898305086,0.3305084745762712,1.11949931853677,imaginary
0.9222033898305086,0.35593220338983056,1.1370767237194253,imaginary
0.9222033898305086,0.38135593220338987,1.1558791885344406,imaginary
0.9222033898305086,0.4067796610169492,1.1758468943483078,imaginary
0.9222033898305086,0.4322033898305085,1.196910018733288,imaginary
0.9222033898305086,0.4576271186440678,1.2189923372687343,imaginary
0.9222033898305086,0.48305084745762716,1.2420145369881117,imaginary
0.9222033898305086,0.5084745762711864,1.2658970278929391,imaginary
0.9222033898305086,0.5338983050847458,1.290562154551602,imaginary
0.9222033898305086,0.5593220338983051,1.3159358032752537,imaginary
0.9222033898305086,0.5847457627118644,1.3419484627782552,imaginary
0.9222033898305086,0.6101694915254238,1.3685358288866802,imaginary
0.9222033898305086,0.6355932203389831,1.3956390534694243,imaginary
0.9222033898305086,0.6610169491525424,1.4232047324161627,imaginary
0.9222033898305086,0.6864406779661018,1.4511847142309615,imaginary
0.9222033898305086,0.7118644067796611,1.4795357947514245,imaginary
0.9222033898305086,0.7372881355932204,1.5082193477925196,imaginary
0.9222033898305086,0.7627118644067797,1.5372009277718086,imaginary
0.9222033898305086,0.788135593220339,1.5664498691909359,imaginary
0.9222033898305086,0.8135593220338984,1.59593889921822,imaginary
0.9222033898305086,0.8389830508474577,1.625643773233862,imaginary
0.9222033898305086,0.864406779661017,1.6555429386519387,imaginary
0.9222033898305086,0.8898305084745763,1.6856172292110623,imaginary
0.9222033898305086,0.9152542372881356,1.715849589867302,imaginary
0.9222033898305086,0.940677966101695,1.7462248311338755,imaginary
0.9222033898305086,0.9661016949152543,1.7767294109636302,imaginary
0.9222033898305086,0.9915254237288136,1.8073512418906161,imaginary
0.9222033898305086,1.0169491525423728,1.8380795210117864,imaginary
0.9222033898305086,1.0423728813559323,1.8689045804098132,imaginary
0.9222033898305086,1.0677966101694916,1.8998177557319371,imaginary
0.9222033898305086,1.0932203389830508,1.9308112708054588,imaginary
0.9222033898305086,1.1186440677966103,1.9618781363602507,imaginary
0.9222033898305086,1.1440677966101696,1.9930120611246505,imaginary
0.9222033898305086,1.1694915254237288,2.024207373752111,imaginary
0.9222033898305086,1.1949152542372883,2.0554589542157897,imaginary
0.9222033898305086,1.2203389830508475,2.0867621734733555,imaginary
0.9222033898305086,1.2457627118644068,2.1181128403535165,imaginary
0.9222033898305086,1.2711864406779663,2.1495071547489157,imaginary
0.9222033898305086,1.2966101694915255,2.180941666317808,imaginary
0.9222033898305086,1.3220338983050848,2.2124132380004777,imaginary
0.9222033898305086,1.3474576271186443,2.2439190137469476,imaginary
0.9222033898305086,1.3728813559322035,2.275456389931334,imaginary
0.9222033898305086,1.3983050847457628,2.307022989996929,imaginary
0.9222033898305086,1.4237288135593222,2.338616641935499,imaginary
0.9222033898305086,1.4491525423728815,2.370235358255922,imaginary
0.9222033898305086,1.4745762711864407,2.4018773181419504,imaginary
0.9222033898305086,1.5,2.4335408515375447,imaginary
0.9728813559322035,0.0,1.0,imaginary
0.9728813559322035,0.025423728813559324,1.0040964756774127,imaginary
0.9728813559322035,0.05084745762711865,1.0090009602418484,imaginary
0.9728813559322035,0.07627118644067797,1.0148094779334629,imaginary
0.9728813559322035,0.1016949152542373,1.021620312476729,imaginary
0.9728813559322035,0.1271186440677966,1.0295308780536063,imaginary
0.9728813559322035,0.15254237288135594,1.0386338134252282,imaginary
0.9728813559322035,0.17796610169491528,1.0490125151270973,imaginary
0.9728813559322035,0.2033898305084746,1.0607364981992817,imaginary
0.9728813559322035,0.2288135593220339,1.0738571145615854,imaginary
0.9728813559322035,0.2542372881355932,1.088404213070344,imaginary
0.9728813559322035,0.2796610169491526,1.1043842490217384,imaginary
0.9728813559322035,0.3050847457627119,1.121780142174912,imaginary
0.9728813559322035,0.3305084745762712,1.1405528900884634,imaginary
0.9728813559322035,0.35593220338983056,1.1606446518578002,imaginary
0.9728813559322035,0.38135593220338987,1.1819828094330924,imaginary
0.9728813559322035,0.4067796610169492,1.2044844364533718,imaginary
0.9728813559322035,0.4322033898305085,1.228060654451532,imaginary
0.9728813559322035,0.4576271186440678,1.2526204913493397,imaginary
0.9728813559322035,0.48305084745762716,1.2780740223865725,imaginary
0.9728813559322035,0.5084745762711864,1.3043347237900988,imaginary
0.9728813559322035,0.5338983050847458,1.3313210797419555,imaginary
0.9728813559322035,0.5593220338983051,1.3589575480733,imaginary
0.9728813559322035,0.5847457627118644,1.3871750165002223,imaginary
0.9728813559322035,0.6101694915254238,1.415910880929601,imaginary
0.9728813559322035,0.6355932203389831,1.4451088619313346,imaginary
0.9728813559322035,0.6610169491525424,1.47471865373518,imaginary
0.9728813559322035,0.6864406779661018,1.5046954777419155,imaginary
0.9728813559322035,0.7118644067796611,1.5349995925772202,imaginary
0.9728813559322035,0.7372881355932204,1.5655957963769187,imaginary
0.9728813559322035,0.7627118644067797,1.5964529444051447,imaginary
0.9728813559322035,0.788135593220339,1.6275434958618056,imaginary
0.9728813559322035,0.8135593220338984,1.658843097219952,imaginary
0.9728813559322035,0.8389830508474577,1.6903302050221345,imaginary
0.9728813559322035,0.864406779661017,1.721985748207205,imaginary
0.9728813559322035,0.8898305084745763,1.7537928282894482,imaginary
0.9728813559322035,0.9152542372881356,1.7857364547281864,imaginary
0.9728813559322035,0.940677966101695,1.8178033123551172,imaginary
0.9728813559322035,0.9661016949152543,1.849981557587606,imaginary
0.9728813559322035,0.9915254237288136,1.882260640222551,imaginary
0.9728813559322035,1.0169491525423728,1.9146311477909626,imaginary
0.9728813559322035,1.0423728813559323,1.9470846697008797,imaginary
0.9728813559322035,1.0677966101694916,1.9796136786687133,imaginary
0.9728813559322035,1.0932203389830508,2.0122114272132263,imaginary
0.9728813559322035,1.1186440677966103,2.044871857248799,imaginary
0.9728813559322035,1.1440677966101696,2.077589521057614,imaginary
0.9728813559322035,1.1694915254237288,2.110359512140783,imaginary
0.9728813559322035,1.1949152542372883,2.1431774046450567,imaginary
0.9728813559322035,1.2203389830508475,2.1760392002355173,imaginary
0.9728813559322035,1.2457627118644068,2.2089412814367315,imaginary
0.9728813559322035,1.2711864406779663,2.2418803705973844,imaginary
0.9728813559322035,1.2966101694915255,2.274853493748262,imaginary
0.9728813559322035,1.3220338983050848,2.3078579487228335,imaginary
0.9728813559322035,1.3474576271186443,2.340891276995289,imaginary
0.9728813559322035,1.3728813559322035,2.3739512387647763,imaginary
0.9728813559322035,1.3983050847457628,2.407035790878048,imaginary
0.9728813559322035,1.4237288135593222,2.4401430672374214,imaginary
0.9728813559322035,1.4491525423728815,2.4732713613879214,imaginary
0.9728813559322035,1.4745762711864407,2.5064191110180385,imaginary
0.9728813559322035,1.5,2.5395848841432365,imaginary
1.0235593220338985,0.0,1.0,imaginary
1.0235593220338985,0.025423728813559324,1.0048235326161525,imaginary
1.0235593220338985,0.05084745762711865,1.0106046265291304,imaginary
1.0235593220338985,0.07627118644067797,1.01745400954212,imaginary
1.0235593220338985,0.1016949152542373,1.0254822240963253,imaginary
1.0235593220338985,0.1271186440677966,1.0347950276184037,imaginary
1.0235593220338985,0.15254237288135594,1.045488021191637,imaginary
1.0235593220338985,0.17796610169491528,1.057640984132214,imaginary
1.0235593220338985,0.2033898305084746,1.071312594788859,imaginary
1.0235593220338985,0.2288135593220339,1.086536305200484,imaginary
1.0235593220338985,0.2542372881355932,1.1033180435383818,imaginary
1.0235593220338985,0.2796610169491526,1.1216361365110197,imaginary
1.0235593220338985,0.3050847457627119,1.1414434443535004,imaginary
1.0235593220338985,0.3305084745762712,1.162671307216368,imaginary
1.0235593220338985,0.35593220338983056,1.1852346335804904,imaginary
1.0235593220338985,0.38135593220338987,1.2090373807296957,imaginary
1.0235593220338985,0.4067796610169492,1.2339777702875898,imaginary
1.0235593220338985,0.4322033898305085,1.2599527809633968,imaginary
1.0235593220338985,0.4576271186440678,1.2868616860733015,imaginary
1.0235593220338985,0.48305084745762716,1.3146085952797002,imaginary
1.0235593220338985,0.5084745762711864,1.34310409044211,imaginary
1.0235593220338985,0.5338983050847458,1.3722661134697092,imaginary
1.0235593220338985,0.5593220338983051,1.4020202834418558,imaginary
1.0235593220338985,0.5847457627118644,1.4322998089053496,imaginary
1.0235593220338985,0.6101694915254238,1.4630451346770559,imaginary
1.0235593220338985,0.6355932203389831,1.4942034314779322,imaginary
1.0235593220338985,0.6610169491525424,1.5257280075440658,imaginary
1.0235593220338985,0.6864406779661018,1.5575776968546162,imaginary
1.0235593220338985,0.7118644067796611,1.589716259518481,imaginary
1.0235593220338985,0.7372881355932204,1.6221118157845484,imaginary
1.0235593220338985,0.7627118644067797,1.6547363252349427,imaginary
1.0235593220338985,0.788135593220339,1.6875651160467615,imaginary
1.0235593220338985,0.8135593220338984,1.720576464915304,imaginary
1.0235593220338985,0.8389830508474577,1.7537512256262444,imaginary
1.0235593220338985,0.864406779661017,1.7870725028131613,imaginary
1.0235593220338985,0.8898305084745763,1.8205253667497805,imaginary
1.0235593220338985,0.9152542372881356,1.854096604826035,imaginary
1.0235593220338985,0.940677966101695,1.8877745054529547,imaginary
1.0235593220338985,0.9661016949152543,1.9215486704051417,imaginary
1.0235593220338985,0.9915254237288136,1.9554098519573277,imaginary
1.0235593220338985,1.0169491525423728,1.9893498115505335,imaginary
1.0235593220338985,1.0423728813559323,2.0233611971007965,imaginary
1.0235593220338985,1.0677966101694916,2.0574374364213486,imaginary
1.0235593220338985,1.0932203389830508,2.0915726445574605,imaginary
1.0235593220338985,1.1186440677966103,2.1257615431282098,imaginary
1.0235593220338985,1.1440677966101696,2.1599993900304644,imaginary
1.0235593220338985,1.1694915254237288,2.194281918089061,imaginary
1.0235593220338985,1.1949152542372883,2.2286052814357094,imaginary
1.0235593220338985,1.2203389830508475,2.2629660085708467,imaginary
1.0235593220338985,1.2457627118644068,2.2973609612103907,imaginary
1.0235593220338985,1.2711864406779663,2.331787298146073,imaginary
1.0235593220338985,1.2966101694915255,2.36624244345669,imaginary
1.0235593220338985,1.3220338983050848,2.400724058500491,imaginary
1.0235593220338985,1.3474576271186443,2.435230017198452,imaginary
1.0235593220338985,1.3728813559322035,2.4697583841860014,imaginary
1.0235593220338985,1.3983050847457628,2.504307395469021,imaginary
1.0235593220338985,1.4237288135593222,2.538875441269483,imaginary
1.0235593220338985,1.4491525423728815,2.5734610507887656,imaginary
1.0235593220338985,1.4745762711864407,2.608062878653088,imaginary
1.0235593220338985,1.5,2.642679692836781,imaginary
1.0742372881355933,0.0,1.0,imaginary
1.0742372881355933,0.025423728813559324,1.0056166278248069,imaginary
1.0742372881355933,0.05084745762711865,1.0123531130980525,imaginary
1.0742372881355933,0.07627118644067797,1.0203340965707306,imaginary
1.0742372881355933,0.1016949152542373,1.0296802059304768,imaginary
1.0742372881355933,0.1271186440677966,1.0405017616877303,imaginary
1.0742372881355933,0.15254237288135594,1.0528919476015712,imaginary
1.0742372881355933,0.17796610169491528,1.066920279555938,imaginary
1.0742372881355933,0.2033898305084746,1.0826273634089474,imaginary
1.0742372881355933,0.2288135593220339,1.1000218495749352,imaginary
1.0742372881355933,0.2542372881355932,1.1190801431028135,imaginary
1.0742372881355933,0.2796610169491526,1.1397488999354102,imaginary
1.0742372881355933,0.3050847457627119,1.1619498060150408,imaginary
1.0742372881355933,0.3305084745762712,1.1855857707446287,imaginary
1.0742372881355933,0.35593220338983056,1.210547561620589,imaginary
1.0742372881355933,0.38135593220338987,1.236720041491055,imaginary
1.0742372881355933,0.4067796610169492,1.2639874448936357,imaginary
1.0742372881355933,0.4322033898305085,1.2922374313271066,imaginary
1.0742372881355933,0.4576271186440678,1.3213638999875097,imaginary
1.0742372881355933,0.48305084745762716,1.3512687090212336,imaginary
1.0742372881355933,0.5084745762711864,1.3818625166406522,imaginary
1.0742372881355933,0.5338983050847458,1.4130649739645325,imaginary
1.0742372881355933,0.5593220338983051,1.4448044757661656,imaginary
1.0742372881355933,0.5847457627118644,1.477017635984659,imaginary
1.0742372881355933,0.6101694915254238,1.5096486131638351,imaginary
1.0742372881355933,0.6355932203389831,1.5426483739116783,imaginary
1.0742372881355933,0.6610169491525424,1.5759739526811152,imaginary
1.0742372881355933,0.6864406779661018,1.6095877438398023,imaginary
1.0742372881355933,0.7118644067796611,1.6434568461392798,imaginary
1.0742372881355933,0.7372881355932204,1.6775524689593757,imaginary
1.0742372881355933,0.7627118644067797,1.7118494027784117,imaginary
1.0742372881355933,0.788135593220339,1.7463255520980288,imaginary
1.0742372881355933,0.8135593220338984,1.7809615266756813,imaginary
1.0742372881355933,0.8389830508474577,1.8157402857574108,imaginary
1.0742372881355933,0.864406779661017,1.850646829612899,imaginary
1.0742372881355933,0.8898305084745763,1.8856679327487296,imaginary
1.0742372881355933,0.9152542372881356,1.9207919135119007,imaginary
1.0742372881355933,0.940677966101695,1.9560084352622797,imaginary
1.0742372881355933,0.9661016949152543,1.9913083348084424,imaginary
1.0742372881355933,0.9915254237288136,2.026683474316761,imaginary
1.0742372881355933,1.0169491525423728,2.0621266133909324,imaginary
1.0742372881355933,1.0423728813559323,2.09763129846478,imaginary
1.0742372881355933,1.0677966101694916,2.133191767048982,imaginary
1.0742372881355933,1.0932203389830508,2.1688028647224935,imaginary
1.0742372881355933,1.1186440677966103,2.204459973063885,imaginary
1.0742372881355933,1.1440677966101696,2.240158946980581,imaginary
1.0742372881355933,1.1694915254237288,2.2758960601195035,imaginary
1.0742372881355933,1.1949152542372883,2.311667957235442,imaginary
1.0742372881355933,1.2203389830508475,2.347471612557703,imaginary
1.0742372881355933,1.2457627118644068,2.3833042933356032,imaginary
1.0742372881355933,1.2711864406779663,2.4191635278621115,imaginary
1.0742372881355933,1.2966101694915255,2.455047077376087,imaginary
1.0742372881355933,1.3220338983050848,2.4909529113293507,imaginary
1.0742372881355933,1.3474576271186443,2.526879185577804,imaginary
1.0742372881355933,1.3728813559322035,2.5628242231179197,imaginary
1.0742372881355933,1.3983050847457628,2.5987864970427084,imaginary
1.0742372881355933,1.4237288135593222,2.6347646154363815,imaginary
1.0742372881355933,1.4491525423728815,2.6707573079652023,imaginary
1.0742372881355933,1.4745762711864407,2.7067634139550774,imaginary
1.0742372881355933,1.5,2.7427818717742563,imaginary
1.1249152542372882,0.0,0.9999999999999999,imaginary
1.1249152542372882,0.025423728813559324,1.006473983896592,imaginary
1.1249152542372882,0.05084745762711865,1.0142416403756307,imaginary
1.1249152542372882,0.07627118644067797,1.0234399183335616,imaginary
1.1249152542372882,0.1016949152542373,1.0341963485244086,imaginary
1.1249152542372882,0.1271186440677966,1.0466209737045995,imaginary
1.1249152542372882,0.15254237288135594,1.0607983122317517,imaginary
1.1249152542372882,0.17796610169491528,1.0767805946381108,imaginary
1.1249152542372882,0.2033898305084746,1.0945834947599808,imaginary
1.1249152542372882,0.2288135593220339,1.1141851903473319,imaginary
1.1249152542372882,0.2542372881355932,1.1355289189825308,imaginary
1.1249152542372882,0.2796610169491526,1.1585284719653035,imaginary
1.1249152542372882,0.3050847457627119,1.1830755470800367,imaginary
1.1249152542372882,0.3305084745762712,1.2090477097094146,imaginary
1.1249152542372882,0.35593220338983056,1.2363158750426362,imaginary
1.1249152542372882,0.38135593220338987,1.264750586611037,imaginary
1.1249152542372882,0.4067796610169492,1.2942267663193483,imaginary
1.1249152542372882,0.4322033898305085,1.3246269339807684,imaginary
1.1249152542372882,0.4576271186440678,1.3558430952316858,imaginary
1.1249152542372882,0.48305084745762716,1.387777584035358,imaginary
1.1249152542372882,0.5084745762711864,1.4203431530480504,imaginary
1.1249152542372882,0.5338983050847458,1.4534625677346509,imaginary
1.1249152542372882,0.5593220338983051,1.4870679057166716,imaginary
1.1249152542372882,0.5847457627118644,1.5210997081925193,imaginary
1.1249152542372882,0.6101694915254238,1.5555060835071506,imaginary
1.1249152542372882,0.6355932203389831,1.5902418265929907,imaginary
1.1249152542372882,0.6610169491525424,1.6252675916001154,imaginary
1.1249152542372882,0.6864406779661018,1.6605491368834129,imaginary
1.1249152542372882,0.7118644067796611,1.6960566496560687,imaginary
1.1249152542372882,0.7372881355932204,1.7317641502846415,imaginary
1.1249152542372882,0.7627118644067797,1.7676489719754604,imaginary
1.1249152542372882,0.788135593220339,1.8036913094286602,imaginary
1.1249152542372882,0.8135593220338984,1.8398738291643615,imaginary
1.1249152542372882,0.8389830508474577,1.8761813341415947,imaginary
1.1249152542372882,0.864406779661017,1.9126004756544581,imaginary
1.1249152542372882,0.8898305084745763,1.9491195060827138,imaginary
1.1249152542372882,0.9152542372881356,1.9857280667597554,imaginary
1.1249152542372882,0.940677966101695,2.022417005918725,imaginary
1.1249152542372882,0.9661016949152543,2.059178222341651,imaginary
1.1249152542372882,0.9915254237288136,2.096004530944263,imaginary
1.1249152542372882,1.0169491525423728,2.13288954707081,imaginary
1.1249152542372882,1.0423728813559323,2.16982758674804,imaginary
1.1249152542372882,1.0677966101694916,2.2068135805582396,imaginary
1.1249152542372882,1.0932203389830508,2.2438429991441065,imaginary
1.1249152542372882,1.1186440677966103,2.280911788658906,imaginary
1.1249152542372882,1.1440677966101696,2.318016314731103,imaginary
1.1249152542372882,1.1694915254237288,2.3551533137291356,imaginary
1.1249152542372882,1.1949152542372883,2.3923198502951064,imaginary
1.1249152542372882,1.2203389830508475,2.4295132802709256,imaginary
1.1249152542372882,1.2457627118644068,2.4667312182709646,imaginary
1.1249152542372882,1.2711864406779663,2.5039715092657486,imaginary
1.1249152542372882,1.2966101694915255,2.541232203634281,imaginary
1.1249152542372882,1.3220338983050848,2.5785115352215855,imaginary
1.1249152542372882,1.3474576271186443,2.6158079020045952,imaginary
1.1249152542372882,1.3728813559322035,2.6531198490262313,imaginary
1.1249152542372882,1.3983050847457628,2.690446053305357,imaginary
1.1249152542372882,1.4237288135593222,2.7277853104711642,imaginary
1.1249152542372882,1.4491525423728815,2.765136522905171,imaginary
1.1249152542372882,1.4745762711864407,2.802498689203652,imaginary
1.1249152542372882,1.5,2.8398708947985374,imaginary
1.1755932203389832,0.0,1.0,imaginary
1.1755932203389832,0.025423728813559324,1.0073931763911839,imaginary
1.1755932203389832,0.05084745762711865,1.0162638609815555,imaginary
1.1755932203389832,0.07627118644067797,1.0267588597582593,imaginary
1.1755932203389832,0.1016949152542373,1.0390084700412423,imaginary
1.1755932203389832,0.1271186440677966,1.0531167595783137,imaginary
1.1755932203389832,0.15254237288135594,1.0691528587504944,imaginary
1.1755932203389832,0.17796610169491528,1.0871448726751651,imaginary
1.1755932203389832,0.2033898305084746,1.1070776650846712,imaginary
1.1755932203389832,0.2288135593220339,1.128894971087461,imaginary
1.1755932203389832,0.2542372881355932,1.1525053341245313,imaginary
1.1755932203389832,0.2796610169491526,1.1777905982388124,imaginary
1.1755932203389832,0.3050847457627119,1.2046153720254105,imaginary
1.1755932203389832,0.3305084745762712,1.232836036193476,imaginary
1.1755932203389832,0.35593220338983056,1.2623083221223184,imaginary
1.1755932203389832,0.38135593220338987,1.292893016468747,imaginary
1.1755932203389832,0.4067796610169492,1.324459778411002,imaginary
1.1755932203389832,0.4322033898305085,1.3568893231885133,imaginary
1.1755932203389832,0.4576271186440678,1.3900743384665097,imaginary
1.1755932203389832,0.48305084745762716,1.4239195053603035,imaginary
1.1755932203389832,0.5084745762711864,1.458340943595655,imaginary
1.1755932203389832,0.5338983050847458,1.4932653276203416,imaginary
1.1755932203389832,0.5593220338983051,1.528628849552645,imaginary
1.1755932203389832,0.5847457627118644,1.5643761456644356,imaginary
1.1755932203389832,0.6101694915254238,1.600459258211746,imaginary
1.1755932203389832,0.6355932203389831,1.6368366726575967,imaginary
1.1755932203389832,0.6610169491525424,1.673472449097592,imaginary
1.1755932203389832,0.6864406779661018,1.7103354532659998,imaginary
1.1755932203389832,0.7118644067796611,1.7473986845224039,imaginary
1.1755932203389832,0.7372881355932204,1.7846386938836092,imaginary
1.1755932203389832,0.7627118644067797,1.82203508316087,imaginary
1.1755932203389832,0.788135593220339,1.8595700756836662,imaginary
1.1755932203389832,0.8135593220338984,1.8972281493363934,imaginary
1.1755932203389832,0.8389830508474577,1.9349957233165067,imaginary
1.1755932203389832,0.864406779661017,1.9728608909012695,imaginary
1.1755932203389832,0.8898305084745763,2.0108131914418195,imaginary
1.1755932203389832,0.9152542372881356,2.0488434157063318,imaginary
1.1755932203389832,0.940677966101695,2.086943439526885,imaginary
1.1755932203389832,0.9661016949152543,2.125106081448759,imaginary
1.1755932203389832,0.9915254237288136,2.163324980732328,imaginary
1.1755932203389832,1.0169491525423728,2.2015944926199054,imaginary
1.1755932203389832,1.0423728813559323,2.2399095982603807,imaginary
1.1755932203389832,1.0677966101694916,2.278265827092357,imaginary
1.1755932203389832,1.0932203389830508,2.3166591898310087,imaginary
1.1755932203389832,1.1186440677966103,2.3550861204941276,imaginary
1.1755932203389832,1.1440677966101696,2.3935434261466706,imaginary
1.1755932203389832,1.1694915254237288,2.432028243247983,imaginary
1.1755932203389832,1.1949152542372883,2.470537999657638,imaginary
1.1755932203389832,1.2203389830508475,2.509070381500205,imaginary
1.1755932203389832,1.2457627118644068,2.547623304210333,imaginary
1.1755932203389832,1.2711864406779663,2.5861948871813976,imaginary
1.1755932203389832,1.2966101694915255,2.6247834315266467,imaginary
1.1755932203389832,1.3220338983050848,2.6633874005339506,imaginary
1.1755932203389832,1.3474576271186443,2.702005402456215,imaginary
1.1755932203389832,1.3728813559322035,2.740636175330949,imaginary
1.1755932203389832,1.3983050847457628,2.779278573566124,imaginary
1.1755932203389832,1.4237288135593222,2.8179315560663083,imaginary
1.1755932203389832,1.4491525423728815,2.856594175704555,imaginary
1.1755932203389832,1.4745762711864407,2.895265569972198,imaginary
1.1755932203389832,1.5,2.9339449526614128,imaginary
1.2262711864406781,0.0,1.0,imaginary
1.2262711864406781,0.025423728813559324,1.008371215527805,imaginary
1.2262711864406781,0.05084745762711865,1.0184120738485618,imaginary
1.2262711864406781,0.07627118644067797,1.030275955121646,imaginary
1.2262711864406781,0.1016949152542373,1.0440909558011517,imaginary
1.2262711864406781,0.1271186440677966,1.0599488949206355,imaginary
1.2262711864406781,0.15254237288135594,1.0778967538259288,imaginary
1.2262711864406781,0.17796610169491528,1.0979323646975607,imaginary
1.2262711864406781,0.2033898305084746,1.1200053151397218,imaginary
1.2262711864406781,0.2288135593220339,1.1440228118016886,imaginary
1.2262711864406781,0.2542372881355932,1.1698591339737479,imaginary
1.2262711864406781,0.2796610169491526,1.1973667269101274,imaginary
1.2262711864406781,0.3050847457627119,1.2263870533358567,imaginary
1.2262711864406781,0.3305084745762712,1.256759855714638,imaginary
1.2262711864406781,0.35593220338983056,1.2883301692027318,imaginary
1.2262711864406781,0.38135593220338987,1.3209530118853674,imaginary
1.2262711864406781,0.4067796610169492,1.3544960504041743,imaginary
1.2262711864406781,0.4322033898305085,1.3888406996137457,imaginary
1.2262711864406781,0.4576271186440678,1.4238821265869988,imaginary
1.2262711864406781,0.48305084745762716,1.4595285615924694,imaginary
1.2262711864406781,0.5084745762711864,1.4957002237315964,imaginary
1.2262711864406781,0.5338983050847458,1.5323280770265546,imaginary
1.2262711864406781,0.5593220338983051,1.5693525571529292,imaginary
1.2262711864406781,0.5847457627118644,1.6067223526876517,imaginary
1.2262711864406781,0.6101694915254238,1.6443932856855834,imaginary
1.2262711864406781,0.6355932203389831,1.6823273109029164,imaginary
1.2262711864406781,0.6610169491525424,1.7204916373115273,imaginary
1.2262711864406781,0.6864406779661018,1.758857966582829,imaginary
1.2262711864406781,0.7118644067796611,1.7974018386216877,imaginary
1.2262711864406781,0.7372881355932204,1.836102072349466,imaginary
1.2262711864406781,0.7627118644067797,1.8749402896587812,imaginary
1.2262711864406781,0.788135593220339,1.913900511071249,imaginary
1.2262711864406781,0.8135593220338984,1.952968812672949,imaginary
1.2262711864406781,0.8389830508474577,1.9921330351098978,imaginary
1.2262711864406781,0.864406779661017,2.0313825366419813,imaginary
1.2262711864406781,0.8898305084745763,2.0707079833959083,imaginary
1.2262711864406781,0.9152542372881356,2.1101011709870443,imaginary
1.2262711864406781,0.940677966101695,2.149554872583526,imaginary
1.2262711864406781,0.9661016949152543,2.1890627092655803,imaginary
1.2262711864406781,0.9915254237288136,2.2286190391974685,imaginary
1.2262711864406781,1.0169491525423728,2.2682188626913216,imaginary
1.2262711864406781,1.0423728813559323,2.3078577407145318,imaginary
1.2262711864406781,1.0677966101694916,2.347531724787953,imaginary
1.2262711864406781,1.0932203389830508,2.3872372965529087,imaginary
1.2262711864406781,1.1186440677966103,2.4269713155609405,imaginary
1.2262711864406781,1.1440677966101696,2.4667309740702885,imaginary
1.2262711864406781,1.1694915254237288,2.5065137578252674,imaginary
1.2262711864406781,1.1949152542372883,2.5463174119547993,imaginary
1.2262711864406781,1.2203389830508475,2.5861399112602754,imaginary
1.2262711864406781,1.2457627118644068,2.625979434274892,imaginary
1.2262711864406781,1.2711864406779663,2.6658343405703495,imaginary
1.2262711864406781,1.2966101694915255,2.7057031508654097,imaginary
1.2262711864406781,1.3220338983050848,2.745584529556959,imaginary
1.2262711864406781,1.3474576271186443,2.785477269349814,imaginary
1.2262711864406781,1.3728813559322035,2.8253802777083776,imaginary
1.2262711864406781,1.3983050847457628,2.865292564892927,imaginary
1.2262711864406781,1.4237288135593222,2.9052132333768914,imaginary
1.2262711864406781,1.4491525423728815,2.945141468469832,imaginary
1.2262711864406781,1.4745762711864407,2.985076529995119,imaginary
1.2262711864406781,1.5,3.0250177448918385,imaginary
1.276949152542373,0.0,1.0,imaginary
1.276949152542373,0.025423728813559324,1.009404633545676,imaginary
1.276949152542373,0.05084745762711865,1.0206774563140606,imaginary
1.276949152542373,0.07627118644067797,1.0339743678052373,imaginary
1.276949152542373,0.1016949152542373,1.049415646047451,imaginary
1.276949152542373,0.1271186440677966,1.0670743346831408,imaginary
1.276949152542373,0.15254237288135594,1.0869688882078425,imaginary
1.276949152542373,0.17796610169491528,1.1090618093858375,imaginary
1.276949152542373,0.2033898305084746,1.1332645746361345,imaginary
1.276949152542373,0.2288135593220339,1.159447588097841,imaginary
1.276949152542373,0.2542372881355932,1.1874528836866158,imaginary
1.276949152542373,0.2796610169491526,1.2171071280948498,imaginary
1.276949152542373,0.3050847457627119,1.248233030332679,imaginary
1.276949152542373,0.3305084745762712,1.2806581325315278,imaginary
1.276949152542373,0.35593220338983056,1.3142207592812847,imaginary
1.276949152542373,0.38135593220338987,1.3487734376215414,imaginary
1.276949152542373,0.4067796610169492,1.3841843461292112,imaginary
1.276949152542373,0.4322033898305085,1.4203373862443593,imaginary
1.276949152542373,0.4576271186440678,1.4571313882505037,imaginary
1.276949152542373,0.48305084745762716,1.4944788426123246,imaginary
1.276949152542373,0.5084745762711864,1.5323044281937768,imaginary
1.276949152542373,0.5338983050847458,1.5705435112014676,imaginary
1.276949152542373,0.5593220338983051,1.6091407166930878,imaginary
1.276949152542373,0.5847457627118644,1.6480486253090294,imaginary
1.276949152542373,0.6101694915254238,1.687226616387874,imaginary
1.276949152542373,0.6355932203389831,1.7266398597229906,imaginary
1.276949152542373,0.6610169491525424,1.7662584477535106,imaginary
1.276949152542373,0.6864406779661018,1.8060566548951111,imaginary
1.276949152542373,0.7118644067796611,1.846012308887482,imaginary
1.276949152542373,0.7372881355932204,1.8861062590720896,imaginary
1.276949152542373,0.7627118644067797,1.926321927532995,imaginary
1.276949152542373,0.788135593220339,1.9666449304975693,imaginary
1.276949152542373,0.8135593220338984,2.00706275898939,imaginary
1.276949152542373,0.8389830508474577,2.04756450927985,imaginary
1.276949152542373,0.864406779661017,2.088140655111741,imaginary
1.276949152542373,0.8898305084745763,2.128782854931607,imaginary
1.276949152542373,0.9152542372881356,2.1694837884613394,imaginary
1.276949152542373,0.940677966101695,2.210237017871676,imaginary
1.276949152542373,0.9661016949152543,2.2510368696065775,imaginary
1.276949152542373,0.9915254237288136,2.291878333565973,imaginary
1.276949152542373,1.0169491525423728,2.332756976903575,imaginary
1.276949152542373,1.0423728813559323,2.373668870152599,imaginary
1.276949152542373,1.0677966101694916,2.4146105237709716,imaginary
1.276949152542373,1.0932203389830508,2.4555788335114617,imaginary
1.276949152542373,1.1186440677966103,2.4965710332823203,imaginary
1.276949152542373,1.1440677966101696,2.5375846543798826,imaginary
1.276949152542373,1.1694915254237288,2.5786174901536394,imaginary
1.276949152542373,1.1949152542372883,2.6196675653132173,imaginary
1.276949152542373,1.2203389830508475,2.6607331092105446,imaginary
1.276949152542373,1.2457627118644068,2.7018125325338302,imaginary
1.276949152542373,1.2711864406779663,2.742904406936199,imaginary
1.276949152542373,1.2966101694915255,2.784007447194037,imaginary
1.276949152542373,1.3220338983050848,2.82512049555063,imaginary
1.276949152542373,1.3474576271186443,2.866242507951461,imaginary
1.276949152542373,1.3728813559322035,2.9073725419203993,imaginary
1.276949152542373,1.3983050847457628,2.9485097458620886,imaginary
1.276949152542373,1.4237288135593222,2.9896533496063635,imaginary
1.276949152542373,1.4491525423728815,3.0308026560363603,imaginary
1.276949152542373,1.4745762711864407,3.0719570336640025,imaginary
1.276949152542373,1.5,3.1131159100351464,imaginary
1.327627118644068,0.0,1.0,imaginary
1.327627118644068,0.025423728813559324,1.0104895743296403,imaginary
1.327627118644068,0.05084745762711865,1.0230503037603171,imaginary
1.327627118644068,0.07627118644067797,1.0378358810608719,imaginary
1.327627118644068,0.1016949152542373,1.0549527192325086,imaginary
1.327627118644068,0.1271186440677966,1.0744486388267183,imaginary
1.327627118644068,0.15254237288135594,1.0963079332439483,imaginary
1.327627118644068,0.17796610169491528,1.1204540617835796,imaginary
1.327627118644068,0.2033898305084746,1.146759203588426,imaginary
1.327627118644068,0.2288135593220339,1.1750582443789606,imaginary
1.327627118644068,0.2542372881355932,1.2051641254325978,imaginary
1.327627118644068,0.2796610169491526,1.236881907501773,imaginary
1.327627118644068,0.3050847457627119,1.2700199361869027,imaginary
1.327627118644068,0.3305084745762712,1.3043975810037642,imaginary
1.327627118644068,0.35593220338983056,1.3398498043496516,imaginary
1.327627118644068,0.38135593220338987,1.3762292124773434,imaginary
1.327627118644068,0.4067796610169492,1.4134063307069646,imaginary
1.327627118644068,0.4322033898305085,1.4512687600313394,imaginary
1.327627118644068,0.4576271186440678,1.4897197199179892,imaginary
1.327627118644068,0.48305084745762716,1.528676327548221,imaginary
1.327627118644068,0.5084745762711864,1.568067836035803,imaginary
1.327627118644068,0.5338983050847458,1.6078339603330127,imaginary
1.327627118644068,0.5593220338983051,1.6479233560440425,imaginary
1.327627118644068,0.5847457627118644,1.6882922762746377,imaginary
1.327627118644068,0.6101694915254238,1.7289034080342267,imaginary
1.327627118644068,0.6355932203389831,1.769724876973545,imaginary
1.327627118644068,0.6610169491525424,1.8107294033134267,imaginary
1.327627118644068,0.6864406779661018,1.8518935899293545,imaginary
1.327627118644068,0.7118644067796611,1.8931973239105497,imaginary
1.327627118644068,0.7372881355932204,1.934623274400949,imaginary
1.327627118644068,0.7627118644067797,1.976156471491731,imaginary
1.327627118644068,0.788135593220339,2.01778395299674,imaginary
1.327627118644068,0.8135593220338984,2.0594944679053233,imaginary
1.327627118644068,0.8389830508474577,2.101278227078849,imaginary
1.327627118644068,0.864406779661017,2.1431266933049495,imaginary
1.327627118644068,0.8898305084745763,2.1850324041474933,imaginary
1.327627118644068,0.9152542372881356,2.2269888221472636,imaginary
1.327627118644068,0.940677966101695,2.268990207861677,imaginary
1.327627118644068,0.9661016949152543,2.3110315120070664,imaginary
1.327627118644068,0.9915254237288136,2.353108283608357,imaginary
1.327627118644068,1.0169491525423728,2.395216591589977,imaginary
1.327627118644068,1.0423728813559323,2.437352957677918,imaginary
1.327627118644068,1.0677966101694916,2.4795142988421204,imaginary
1.327627118644068,1.0932203389830508,2.5216978778042956,imaginary
1.327627118644068,1.1186440677966103,2.5639012603804274,imaginary
1.327627118644068,1.1440677966101696,2.606122278628823,imaginary
1.327627118644068,1.1694915254237288,2.6483589989411485,imaginary
1.327627118644068,1.1949152542372883,2.6906096943520486,imaginary
1.327627118644068,1.2203389830508475,2.7328728204574553,imaginary
1.327627118644068,1.2457627118644068,2.775146994426996,imaginary
1.327627118644068,1.2711864406779663,2.8174309766752623,imaginary
1.327627118644068,1.2966101694915255,2.8597236548230556,imaginary
1.327627118644068,1.3220338983050848,2.902024029635145,imaginary
1.327627118644068,1.3474576271186443,2.944331202667642,imaginary
1.327627118644068,1.3728813559322035,2.986644365397236,imaginary
1.327627118644068,1.3983050847457628,3.0289627896374305,imaginary
1.327627118644068,1.4237288135593222,3.0712858190748484,imaginary
1.327627118644068,1.4491525423728815,3.113612861782123,imaginary
1.327627118644068,1.4745762711864407,3.155943383583944,imaginary
1.327627118644068,1.5,3.19827690216979,imaginary
1.378305084745763,0.0,1.0,imaginary
1.378305084745763,0.025423728813559324,1.011621882309154,imaginary
1.378305084745763,0.05084745762711865,1.0255202674045023,imaginary
1.378305084745763,0.07627118644067797,1.0418413774522657,imaginary
1.378305084745763,0.1016949152542373,1.0606715262680144,imaginary
1.378305084745763,0.1271186440677966,1.0820272509373774,imaginary
1.378305084745763,0.15254237288135594,1.1058540610132233,imaginary
1.378305084745763,0.17796610169491528,1.1320341006281815,imaginary
1.378305084745763,0.2033898305084746,1.1604005745119454,imaginary
1.378305084745763,0.2288135593220339,1.1907553422907144,imaginary
1.378305084745763,0.2542372881355932,1.2228860914495325,imaginary
1.378305084745763,0.2796610169491526,1.2565805855325871,imaginary
1.378305084745763,0.3050847457627119,1.2916368998340348,imaginary
1.378305084745763,0.3305084745762712,1.3278697032910909,imaginary
1.378305084745763,0.35593220338983056,1.3651132928813667,imaginary
1.378305084745763,0.38135593220338987,1.4032222926949889,imaginary
1.378305084745763,0.4067796610169492,1.4420708627258618,imaginary
1.378305084745763,0.4322033898305085,1.481551079070198,imaginary
1.378305084745763,0.4576271186440678,1.5215709477326365,imaginary
1.378305084745763,0.48305084745762716,1.5620523456770072,imaginary
1.378305084745763,0.5084745762711864,1.6029290582282703,imaginary
1.378305084745763,0.5338983050847458,1.6441449979504814,imaginary
1.378305084745763,0.5593220338983051,1.6856526375488452,imaginary
1.378305084745763,0.5847457627118644,1.7274116587754633,imaginary
1.378305084745763,0.6101694915254238,1.7693878031305585,imaginary
1.378305084745763,0.6355932203389831,1.81155190283259,imaginary
1.378305084745763,0.6610169491525424,1.8538790683788802,imaginary
1.378305084745763,0.6864406779661018,1.8963480096741094,imaginary
1.378305084745763,0.7118644067796611,1.9389404697300272,imaginary
1.378305084745763,0.7372881355932204,1.9816407524984352,imaginary
1.378305084745763,0.7627118644067797,2.0244353290291905,imaginary
1.378305084745763,0.788135593220339,2.067312508609546,imaginary
1.378305084745763,0.8135593220338984,2.110262163737163,imaginary
1.378305084745763,0.8389830508474577,2.153275499676178,imaginary
1.378305084745763,0.864406779661017,2.1963448609524767,imaginary
1.378305084745763,0.8898305084745763,2.239463568487481,imaginary
1.378305084745763,0.9152542372881356,2.282625782182813,imaginary
1.378305084745763,0.940677966101695,2.325826384685468,imaginary
1.378305084745763,0.9661016949152543,2.3690608828162985,imaginary
1.378305084745763,0.9915254237288136,2.412325323761768,imaginary
1.378305084745763,1.0169491525423728,2.4556162236344328,imaginary
1.378305084745763,1.0423728813559323,2.4989305064212393,imaginary
1.378305084745763,1.0677966101694916,2.5422654516778147,imaginary
1.378305084745763,1.0932203389830508,2.585618649604944,imaginary
1.378305084745763,1.1186440677966103,2.6289879623717516,imaginary
1.378305084745763,1.1440677966101696,2.672371490738058,imaginary
1.378305084745763,1.1694915254237288,2.7157675451831973,imaginary
1.378305084745763,1.1949152542372883,2.7591746208766614,imaginary
1.378305084745763,1.2203389830508475,2.8025913759317067,imaginary
1.378305084745763,1.2457627118644068,2.8460166124711432,imaginary
1.378305084745763,1.2711864406779663,2.8894492601075052,imaginary
1.378305084745763,1.2966101694915255,2.9328883615008268,imaginary
1.378305084745763,1.3220338983050848,2.976333059708196,imaginary
1.378305084745763,1.3474576271186443,3.019782587081831,imaginary
1.378305084745763,1.3728813559322035,3.0632362555084054,imaginary
1.378305084745763,1.3983050847457628,3.106693447812346,imaginary
1.378305084745763,1.4237288135593222,3.1501536101713508,imaginary
1.378305084745763,1.4491525423728815,3.1936162454138484,imaginary
1.378305084745763,1.4745762711864407,3.2370809070863507,imaginary
1.378305084745763,1.5,3.2805471941941,imaginary
1.4289830508474577,0.0,1.0,imaginary
1.4289830508474577,0.025423728813559324,1.012797188118877,imaginary
1.4289830508474577,0.05084745762711865,1.028076582249398,imaginary
1.4289830508474577,0.07627118644067797,1.0459712885447348,imaginary
1.4289830508474577,0.1016949152542373,1.0665413419695424,imaginary
1.4289830508474577,0.1271186440677966,1.0897665830057035,imaginary
1.4289830508474577,0.15254237288135594,1.1155502886598274,imaginary
1.4289830508474577,0.17796610169491528,1.1437324261604467,imaginary
1.4289830508474577,0.2033898305084746,1.1741088158338222,imaginary
1.4289830508474577,0.2288135593220339,1.2064516187389618,imaginary
1.4289830508474577,0.2542372881355932,1.240527409794072,imaginary
1.4289830508474577,0.2796610169491526,1.276110804788216,imaginary
1.4289830508474577,0.3050847457627119,1.3129932415898322,imaginary
1.4289830508474577,0.3305084745762712,1.3509875672975025,imaginary
1.4289830508474577,0.35593220338983056,1.3899295115085846,imaginary
1.4289830508474577,0.38135593220338987,1.4296771260243355,imaginary
1.4289830508474577,0.4067796610169492,1.4701090664788505,imaginary
1.4289830508474577,0.4322033898305085,1.51112233767356,imaginary
1.4289830508474577,0.4576271186440678,1.552629900743455,imaginary
1.4289830508474577,0.48305084745762716,1.5945583723999333,imaginary
1.4289830508474577,0.5084745762711864,1.6368459328418847,imaginary
1.4289830508474577,0.5338983050847458,1.6794404879673348,imaginary
1.4289830508474577,0.5593220338983051,1.7222980905381606,imaginary
1.4289830508474577,0.5847457627118644,1.7653816034551242,imaginary
1.4289830508474577,0.6101694915254238,1.8086595787044775,imaginary
1.4289830508474577,0.6355932203389831,1.8521053227805973,imaginary
1.4289830508474577,0.6610169491525424,1.8956961202842597,imaginary
1.4289830508474577,0.6864406779661018,1.9394125900293053,imaginary
1.4289830508474577,0.7118644067796611,1.9832381512663806,imaginary
1.4289830508474577,0.7372881355932204,2.027158580959657,imaginary
1.4289830508474577,0.7627118644067797,2.0711616461385485,imaginary
1.4289830508474577,0.788135593220339,2.1152367980695663,imaginary
1.4289830508474577,0.8135593220338984,2.159374917324631,imaginary
1.4289830508474577,0.8389830508474577,2.2035681007797563,imaginary
1.4289830508474577,0.864406779661017,2.247809483200968,imaginary
1.4289830508474577,0.8898305084745763,2.292093087409214,imaginary
1.4289830508474577,0.9152542372881356,2.336413698107677,imaginary
1.4289830508474577,0.940677966101695,2.380766755345336,imaginary
1.4289830508474577,0.9661016949152543,2.425148264315323,imaginary
1.4289830508474577,0.9915254237288136,2.4695547187763114,imaginary
1.4289830508474577,1.0169491525423728,2.513983035865113,imaginary
1.4289830508474577,1.0423728813559323,2.5584305004595387,imaginary
1.4289830508474577,1.0677966101694916,2.6028947175695,imaginary
1.4289830508474577,1.0932203389830508,2.6473735714947737,imaginary
1.4289830508474577,1.1186440677966103,2.691865190701286,imaginary
1.4289830508474577,1.1440677966101696,2.7363679175425437,imaginary
1.4289830508474577,1.1694915254237288,2.780880282096949,imaginary
1.4289830508474577,1.1949152542372883,2.8254009795102055,imaginary
1.4289830508474577,1.2203389830508475,2.869928850330028,imaginary
1.4289830508474577,1.2457627118644068,2.9144628634016203,imaginary
1.4289830508474577,1.2711864406779663,2.9590021009597107,imaginary
1.4289830508474577,1.2966101694915255,3.0035457456091024,imaginary
1.4289830508474577,1.3220338983050848,3.048093068932527,imaginary
1.4289830508474577,1.3474576271186443,3.0926434215037566,imaginary
1.4289830508474577,1.3728813559322035,3.1371962241168037,imaginary
1.4289830508474577,1.3983050847457628,3.1817509600697,imaginary
1.4289830508474577,1.4237288135593222,3.226307168364576,imaginary
1.4289830508474577,1.4491525423728815,3.2708644377054634,imaginary
1.4289830508474577,1.4745762711864407,3.3154224011919533,imaginary
1.4289830508474577,1.5,3.359980731620837,imaginary
1.4796610169491526,0.0,1.0,imaginary
1.4796610169491526,0.025423728813559324,1.0140109890204532,imaginary
1.4796610169491526,0.05084745762711865,1.0307082788407744,imaginary
1.4796610169491526,0.07627118644067797,1.0502060009855754,imaginary
1.4796610169491526,0.1016949152542373,1.0725320115826156,imaginary
1.4796610169491526,0.1271186440677966,1.0976248846181833,imaginary
1.4796610169491526,0.15254237288135594,1.1253434500765638,imaginary
1.4796610169491526,0.17796610169491528,1.1554859144659164,imaginary
1.4796610169491526,0.2033898305084746,1.1878132815722071,imaginary
1.4796610169491526,0.2288135593220339,1.2220718315794987,imaginary
1.4796610169491526,0.2542372881355932,1.2580111750156087,imaginary
1.4796610169491526,0.2796610169491526,1.2953965855898406,imaginary
1.4796610169491526,0.3050847457627119,1.3340159711294912,imaginary
1.4796610169491526,0.3305084745762712,1.3736826698455415,imaginary
1.4796610169491526,0.35593220338983056,1.4142354258953287,imaginary
1.4796610169491526,0.38135593220338987,1.4555367045515548,imaginary
1.4796610169491526,0.4067796610169492,1.4974701951875735,imaginary
1.4796610169491526,0.4322033898305085,1.5399380543063264,imaginary
1.4796610169491526,0.4576271186440678,1.5828582119264774,imaginary
1.4796610169491526,0.48305084745762716,1.6261619077350529,imaginary
1.4796610169491526,0.5084745762711864,1.6697915250824298,imaginary
1.4796610169491526,0.5338983050847458,1.713698734128913,imaginary
1.4796610169491526,0.5593220338983051,1.7578429257127186,imaginary
1.4796610169491526,0.5847457627118644,1.8021899041901035,imaginary
1.4796610169491526,0.6101694915254238,1.8467108035362185,imaginary
1.4796610169491526,0.6355932203389831,1.891381191973706,imaginary
1.4796610169491526,0.6610169491525424,1.9361803336928252,imaginary
1.4796610169491526,0.6864406779661018,1.9810905803620893,imaginary
1.4796610169491526,0.7118644067796611,2.0260968693165258,imaginary
1.4796610169491526,0.7372881355932204,2.0711863091726728,imaginary
1.4796610169491526,0.7627118644067797,2.11634783700341,imaginary
1.4796610169491526,0.788135593220339,2.1615719340812882,imaginary
1.4796610169491526,0.8135593220338984,2.206850389595734,imaginary
1.4796610169491526,0.8389830508474577,2.2521761037221237,imaginary
1.4796610169491526,0.864406779661017,2.297542923031161,imaginary
1.4796610169491526,0.8898305084745763,2.342945502535327,imaginary
1.4796610169491526,0.9152542372881356,2.3883791897287105,imaginary
1.4796610169491526,0.940677966101695,2.433839926833625,imaginary
1.4796610169491526,0.9661016949152543,2.4793241681602525,imaginary
1.4796610169491526,0.9915254237288136,2.5248288100462895,imaginary
1.4796610169491526,1.0169491525423728,2.570351131297491,imaginary
1.4796610169491526,1.0423728813559323,2.6158887424183437,imaginary
1.4796610169491526,1.0677966101694916,2.661439542221447,imaginary
1.4796610169491526,1.0932203389830508,2.707001680648012,imaginary
1.4796610169491526,1.1186440677966103,2.7525735268308704,imaginary
1.4796610169491526,1.1440677966101696,2.798153641594398,imaginary
1.4796610169491526,1.1694915254237288,2.8437407537193957,imaginary
1.4796610169491526,1.1949152542372883,2.8893337394109433,imaginary
1.4796610169491526,1.2203389830508475,2.9349316044979656,imaginary
1.4796610169491526,1.2457627118644068,2.9805334689683405,imaginary
1.4796610169491526,1.2711864406779663,3.0261385535055036,imaginary
1.4796610169491526,1.2966101694915255,3.071746167744324,imaginary
1.4796610169491526,1.3220338983050848,3.117355700007118,imaginary
1.4796610169491526,1.3474576271186443,3.1629666083167107,imaginary
1.4796610169491526,1.3728813559322035,3.208578412513669,imaginary
1.4796610169491526,1.3983050847457628,3.2541906873301985,imaginary
1.4796610169491526,1.4237288135593222,3.2998030562945537,imaginary
1.4796610169491526,1.4491525423728815,3.345415186357832,imaginary
1.4796610169491526,1.4745762711864407,3.391026783150324,imaginary
1.4796610169491526,1.5,3.436637586787451,imaginary
1.5303389830508476,0.0,1.0,imaginary
1.5303389830508476,0.025423728813559324,1.0152587225947378,imaginary
1.5303389830508476,0.05084745762711865,1.0334043741869083,imaginary
1.5303389830508476,0.07627118644067797,1.0545262098179529,imaginary
1.5303389830508476,0.1016949152542373,1.0786144813288165,imaginary
1.5303389830508476,0.1271186440677966,1.105562895679,imaginary
1.5303389830508476,0.15254237288135594,1.135184827735005,imaginary
1.5303389830508476,0.17796610169491528,1.1672382222641513,imaginary
1.5303389830508476,0.2033898305084746,1.2014525188672507,imaginary
1.5303389830508476,0.2288135593220339,1.2375521360218997,imaginary
1.5303389830508476,0.2542372881355932,1.275273669027088,imaginary
1.5303389830508476,0.2796610169491526,1.3143764152972885,imaginary
1.5303389830508476,0.3050847457627119,1.3546473336051956,imaginary
1.5303389830508476,0.3305084745762712,1.395902061396328,imaginary
1.5303389830508476,0.35593220338983056,1.4379835128343919,imaginary
1.5303389830508476,0.38135593220338987,1.4807592223803772,imaginary
1.5303389830508476,0.4067796610169492,1.5241182130342155,imaginary
1.5303389830508476,0.4322033898305085,1.5679678547543927,imaginary
1.5303389830508476,0.4576271186440678,1.6122309585404382,imaginary
1.5303389830508476,0.48305084745762716,1.6568432122138574,imaginary
1.5303389830508476,0.5084745762711864,1.7017509829466495,imaginary
1.5303389830508476,0.5338983050847458,1.7469094688943931,imaginary
1.5303389830508476,0.5593220338983051,1.792281162865888,imaginary
1.5303389830508476,0.5847457627118644,1.837834584746271,imaginary
1.5303389830508476,0.6101694915254238,1.883543240116212,imaginary
1.5303389830508476,0.6355932203389831,1.929384766480815,imaginary
1.5303389830508476,0.6610169491525424,1.975340233673833,imaginary
1.5303389830508476,0.6864406779661018,2.021393570253928,imaginary
1.5303389830508476,0.7118644067796611,2.067531092544952,imaginary
1.5303389830508476,0.7372881355932204,2.1137411171903797,imaginary
1.5303389830508476,0.7627118644067797,2.160013641655767,imaginary
1.5303389830508476,0.788135593220339,2.206340080064044,imaginary
1.5303389830508476,0.8135593220338984,2.2527130441612124,imaginary
1.5303389830508476,0.8389830508474577,2.2991261611663667,imaginary
1.5303389830508476,0.864406779661017,2.345573921838694,imaginary
1.5303389830508476,0.8898305084745763,2.3920515533643187,imaginary
1.5303389830508476,0.9152542372881356,2.4385549126867168,imaginary
1.5303389830508476,0.940677966101695,2.485080396724752,imaginary
1.5303389830508476,0.9661016949152543,2.5316248665819283,imaginary
1.5303389830508476,0.9915254237288136,2.578185583381863,imaginary
1.5303389830508476,1.0169491525423728,2.624760153793215,imaginary
1.5303389830508476,1.0423728813559323,2.671346483653906,imaginary
1.5303389830508476,1.0677966101694916,2.717942738385061,imaginary
1.5303389830508476,1.0932203389830508,2.764547309113146,imaginary
1.5303389830508476,1.1186440677966103,2.8111587836045504,imaginary
1.5303389830508476,1.1440677966101696,2.8577759212684946,imaginary
1.5303389830508476,1.1694915254237288,2.904397631608514,imaginary
1.5303389830508476,1.1949152542372883,2.951022955604667,imaginary
1.5303389830508476,1.2203389830508475,2.9976510495928657,imaginary
1.5303389830508476,1.2457627118644068,3.0442811712769853,imaginary
1.5303389830508476,1.2711864406779663,3.090912667567006,imaginary
1.5303389830508476,1.2966101694915255,3.1375449639841837,imaginary
1.5303389830508476,1.3220338983050848,3.1841775554140206,imaginary
1.5303389830508476,1.3474576271186443,3.2308099980209644,imaginary
1.5303389830508476,1.3728813559322035,3.277441902166658,imaginary
1.5303389830508476,1.3983050847457628,3.3240729261967616,imaginary
1.5303389830508476,1.4237288135593222,3.370702770981167,imaginary
1.5303389830508476,1.4491525423728815,3.4173311751087825,imaginary
1.5303389830508476,1.4745762711864407,3.4639579106522405,imaginary
1.5303389830508476,1.5,3.5105827794296114,imaginary
1.5810169491525425,0.0,1.0000000000000002,imaginary
1.5810169491525425,0.025423728813559324,1.016535832695439,imaginary
1.5810169491525425,0.05084745762711865,1.0361540388502581,imaginary
1.5810169491525425,0.07627118644067797,1.058913214266996,imaginary
1.5810169491525425,0.1016949152542373,1.084761211334218,imaginary
1.5810169491525425,0.1271186440677966,1.1135442971247866,imaginary
1.5810169491525425,0.15254237288135594,1.145030494448054,imaginary
1.5810169491525425,0.17796610169491528,1.1789398434758205,imaginary
1.5810169491525425,0.2033898305084746,1.2149738884215455,imaginary
1.5810169491525425,0.2288135593220339,1.2528391844834634,imaginary
1.5810169491525425,0.2542372881355932,1.2922629337385314,imaginary
1.5810169491525425,0.2796610169491526,1.3330013506157876,imaginary
1.5810169491525425,0.3050847457627119,1.3748425361578116,imaginary
1.5810169491525425,0.3305084745762712,1.4176058039337667,imaginary
1.5810169491525425,0.35593220338983056,1.4611390514392528,imaginary
1.5810169491525425,0.38135593220338987,1.5053152870282898,imaginary
1.5810169491525425,0.4067796610169492,1.5500289951209139,imaginary
1.5810169491525425,0.4322033898305085,1.5951927109085633,imaginary
1.5810169491525425,0.4576271186440678,1.6407339743084837,imaginary
1.5810169491525425,0.48305084745762716,1.6865927144180475,imaginary
1.5810169491525425,0.5084745762711864,1.7327190524588536,imaginary
1.5810169491525425,0.5338983050847458,1.7790714817061897,imaginary
1.5810169491525425,0.5593220338983051,1.8256153726040873,imaginary
1.5810169491525425,0.5847457627118644,1.8723217510662704,imaginary
1.5810169491525425,0.6101694915254238,1.9191663025102574,imaginary
1.5810169491525425,0.6355932203389831,1.9661285604962113,imaginary
1.5810169491525425,0.6610169491525424,2.013191245398824,imaginary
1.5810169491525425,0.6864406779661018,2.0603397245998107,imaginary
1.5810169491525425,0.7118644067796611,2.1075615709651805,imaginary
1.5810169491525425,0.7372881355932204,2.154846200810775,imaginary
1.5810169491525425,0.7627118644067797,2.202184576215633,imaginary
1.5810169491525425,0.788135593220339,2.2495689595136756,imaginary
1.5810169491525425,0.8135593220338984,2.2969927101880097,imaginary
1.5810169491525425,0.8389830508474577,2.344450116311376,imaginary
1.5810169491525425,0.864406779661017,2.391936254210418,imaginary
1.5810169491525425,0.8898305084745763,2.439446871256832,imaginary
1.5810169491525425,0.9152542372881356,2.486978287666746,imaginary
1.5810169491525425,0.940677966101695,2.5345273139719366,imaginary
1.5810169491525425,0.9661016949152543,2.582091181452506,imaginary
1.5810169491525425,0.9915254237288136,2.6296674833228613,imaginary
1.5810169491525425,1.0169491525423728,2.677254124866694,imaginary
1.5810169491525425,1.0423728813559323,2.724849281042055,imaginary
1.5810169491525425,1.0677966101694916,2.772451360340698,imaginary
1.5810169491525425,1.0932203389830508,2.8200589738991346,imaginary
1.5810169491525425,1.1186440677966103,2.8676709090321215,imaginary
1.5810169491525425,1.1440677966101696,2.9152861065006537,imaginary
1.5810169491525425,1.1694915254237288,2.9629036409420815,imaginary
1.5810169491525425,1.1949152542372883,3.0105227039847597,imaginary
1.5810169491525425,1.2203389830508475,3.0581425896475967,imaginary
1.5810169491525425,1.2457627118644068,3.105762681689147,imaginary
1.5810169491525425,1.2711864406779663,3.1533824426241637,imaginary
1.5810169491525425,1.2966101694915255,3.201001404169589,imaginary
1.5810169491525425,1.3220338983050848,3.2486191589187747,imaginary
1.5810169491525425,1.3474576271186443,3.296235353073235,imaginary
1.5810169491525425,1.3728813559322035,3.3438496800869912,imaginary
1.5810169491525425,1.3983050847457628,3.3914618750999534,imaginary
1.5810169491525425,1.4237288135593222,3.4390717100548653,imaginary
1.5810169491525425,1.4491525423728815,3.4866789894076105,imaginary
1.5810169491525425,1.4745762711864407,3.5342835463534685,imaginary
1.5810169491525425,1.5,3.581885239502824,imaginary
1.6316949152542375,0.0,1.0,imaginary
1.6316949152542375,0.025423728813559324,1.01783782708966,imaginary
1.6316949152542375,0.05084745762711865,1.038946738722454,imaginary
1.6316949152542375,0.07627118644067797,1.06334915502606,imaginary
1.6316949152542375,0.1016949152542373,1.0909464765653294,imaginary
1.6316949152542375,0.1271186440677966,1.121535983805142,imaginary
1.6316949152542375,0.15254237288135594,1.1548414214207376,imaginary
1.6316949152542375,0.17796610169491528,1.190547912887502,imaginary
1.6316949152542375,0.2033898305084746,1.2283329657323652,imaginary
1.6316949152542375,0.2288135593220339,1.2678890918055163,imaginary
1.6316949152542375,0.2542372881355932,1.3089373278485168,imaginary
1.6316949152542375,0.2796610169491526,1.3512332351451808,imaginary
1.6316949152542375,0.3050847457627119,1.3945677139899757,imaginary
1.6316949152542375,0.3305084745762712,1.4387647736551472,imaginary
1.6316949152542375,0.35593220338983056,1.4836778398773305,imaginary
1.6316949152542375,0.38135593220338987,1.5291856122724576,imaginary
1.6316949152542375,0.4067796610169492,1.5751880426555955,imaginary
1.6316949152542375,0.4322033898305085,1.621602710423725,imaginary
1.6316949152542375,0.4576271186440678,1.6683616942027446,imaginary
1.6316949152542375,0.48305084745762716,1.7154089427401797,imaginary
1.6316949152542375,0.5084745762711864,1.7626981018238947,imaginary
1.6316949152542375,0.5338983050847458,1.810190736441161,imaginary
1.6316949152542375,0.5593220338983051,1.857854884974401,imaginary
1.6316949152542375,0.5847457627118644,1.9056638870234057,imaginary
1.6316949152542375,0.6101694915254238,1.9535954340520512,imaginary
1.6316949152542375,0.6355932203389831,2.0016308001992837,imaginary
1.6316949152542375,0.6610169491525424,2.0497542181907056,imaginary
1.6316949152542375,0.6864406779661018,2.097952371911891,imaginary
1.6316949152542375,0.7118644067796611,2.1462139827645057,imaginary
1.6316949152542375,0.7372881355932204,2.1945294714852674,imaginary
1.6316949152542375,0.7627118644067797,2.2428906807922426,imaginary
1.6316949152542375,0.788135593220339,2.2912906471740926,imaginary
1.6316949152542375,0.8135593220338984,2.3397234124889414,imaginary
1.6316949152542375,0.8389830508474577,2.3881838679073035,imaginary
1.6316949152542375,0.864406779661017,2.436667624215583,imaginary
1.6316949152542375,0.8898305084745763,2.4851709036729015,imaginary
1.6316949152542375,0.9152542372881356,2.5336904495485015,imaginary
1.6316949152542375,0.940677966101695,2.5822234502106296,imaginary
1.6316949152542375,0.9661016949152543,2.6307674752308263,imaginary
1.6316949152542375,0.9915254237288136,2.679320421441806,imaginary
1.6316949152542375,1.0169491525423728,2.727880467267184,imaginary
1.6316949152542375,1.0423728813559323,2.7764460339469696,imaginary
1.6316949152542375,1.0677966101694916,2.8250157525292785,imaginary
1.6316949152542375,1.0932203389830508,2.8735884356980708,imaginary
1.6316949152542375,1.1186440677966103,2.922163053668571,imaginary
1.6316949152542375,1.1440677966101696,2.970738713513681,imaginary
1.6316949152542375,1.1694915254237288,3.0193146413923415,imaginary
1.6316949152542375,1.1949152542372883,3.067890167238764,imaginary
1.6316949152542375,1.2203389830508475,3.116464711543952,imaginary
1.6316949152542375,1.2457627118644068,3.1650377739204334,imaginary
1.6316949152542375,1.2711864406779663,3.2136089231905043,imaginary
1.6316949152542375,1.2966101694915255,3.2621777887790935,imaginary
1.6316949152542375,1.3220338983050848,3.3107440532262893,imaginary
1.6316949152542375,1.3474576271186443,3.3593074456628775,imaginary
1.6316949152542375,1.3728813559322035,3.407867736115876,imaginary
1.6316949152542375,1.3983050847457628,3.4564247305308826,imaginary
1.6316949152542375,1.4237288135593222,3.5049782664146507,imaginary
1.6316949152542375,1.4491525423728815,3.5535282090153437,imaginary
1.6316949152542375,1.4745762711864407,3.6020744479697364,imaginary
1.6316949152542375,1.5,3.6506168943566952,imaginary
1.6823728813559324,0.0,1.0,imaginary
1.6823728813559324,0.025423728813559324,1.0191603265859353,imaginary
1.6823728813559324,0.05084745762711865,1.0417723512765211,imaginary
1.6823728813559324,0.07627118644067797,1.067817195088154,imaginary
1.6823728813559324,0.1016949152542373,1.0971465663875957,imaginary
1.6823728813559324,0.1271186440677966,1.1295081884996385,imaginary
1.6823728813559324,0.15254237288135594,1.1645834080796562,imaginary
1.6823728813559324,0.17796610169491528,1.202025839007191,imaginary
1.6823728813559324,0.2033898305084746,1.2414928215606598,imaginary
1.6823728813559324,0.2288135593220339,1.282666363760923,imaginary
1.6823728813559324,0.2542372881355932,1.3252641481648766,imaginary
1.6823728813559324,0.2796610169491526,1.3690430827892799,imaginary
1.6823728813559324,0.3050847457627119,1.4137981513322118,imaginary
1.6823728813559324,0.3305084745762712,1.4593587888562871,imaginary
1.6823728813559324,0.35593220338983056,1.5055842873401712,imaginary
1.6823728813559324,0.38135593220338987,1.5523591175993996,imaginary
1.6823728813559324,0.4067796610169492,1.59958862051893,imaginary
1.6823728813559324,0.4322033898305085,1.6471952524294307,imaginary
1.6823728813559324,0.4576271186440678,1.695115420098454,imaginary
1.6823728813559324,0.48305084745762716,1.7432968667308337,imaginary
1.6823728813559324,0.5084745762711864,1.7916965399616018,imaginary
1.6823728813559324,0.5338983050847458,1.8402788657633298,imaginary
1.6823728813559324,0.5593220338983051,1.8890143564374027,imaginary
1.6823728813559324,0.5847457627118644,1.9378784897301782,imaginary
1.6823728813559324,0.6101694915254238,1.986850806135736,imaginary
1.6823728813559324,0.6355932203389831,2.0359141809645993,imaginary
1.6823728813559324,0.6610169491525424,2.085054236102073,imaginary
1.6823728813559324,0.6864406779661018,2.134258863380756,imaginary
1.6823728813559324,0.7118644067796611,2.183517837214298,imaginary
1.6823728813559324,0.7372881355932204,2.232822498742445,imaginary
1.6823728813559324,0.7627118644067797,2.2821654974037733,imaginary
1.6823728813559324,0.788135593220339,2.3315405787557486,imaginary
1.6823728813559324,0.8135593220338984,2.3809424096538727,imaginary
1.6823728813559324,0.8389830508474577,2.430366433709001,imaginary
1.6823728813559324,0.864406779661017,2.479808751367257,imaginary
1.6823728813559324,0.8898305084745763,2.5292660200824946,imaginary
1.6823728813559324,0.9152542372881356,2.5787353709413305,imaginary
1.6823728813559324,0.940677966101695,2.6282143388066377,imaginary
1.6823728813559324,0.9661016949152543,2.6777008036063528,imaginary
1.6823728813559324,0.9915254237288136,2.7271929408417757,imaginary
1.6823728813559324,1.0169491525423728,2.7766891797472524,imaginary
1.6823728813559324,1.0423728813559323,2.8261881678200815,imaginary
1.6823728813559324,1.0677966101694916,2.8756887406704514,imaginary
1.6823728813559324,1.0932203389830508,2.925189896327839,imaginary
1.6823728813559324,1.1186440677966103,2.97469077329127,imaginary
1.6823728813559324,1.1440677966101696,3.0241906317337723,imaginary
1.6823728813559324,1.1694915254237288,3.0736888373715177,imaginary
1.6823728813559324,1.1949152542372883,3.1231848475900152,imaginary
1.6823728813559324,1.2203389830508475,3.1726781994869917,imaginary
1.6823728813559324,1.2457627118644068,3.2221684995469992,imaginary
1.6823728813559324,1.2711864406779663,3.2716554147083277,imaginary
1.6823728813559324,1.2966101694915255,3.3211386646208076,imaginary
1.6823728813559324,1.3220338983050848,3.3706180149243705,imaginary
1.6823728813559324,1.3474576271186443,3.4200932714044394,imaginary
1.6823728813559324,1.3728813559322035,3.469564274902083,imaginary
1.6823728813559324,1.3983050847457628,3.5190308968750883,imaginary
1.6823728813559324,1.4237288135593222,3.5684930355215227,imaginary
1.6823728813559324,1.4491525423728815,3.6179506123902216,imaginary
1.6823728813559324,1.4745762711864407,3.667403569413487,imaginary
1.6823728813559324,1.5,3.7168518663066314,imaginary
1.7330508474576274,0.0,1.0,imaginary
1.7330508474576274,0.025423728813559324,1.02049910576007,imaginary
1.7330508474576274,0.05084745762711865,1.0446212571215148,imaginary
1.7330508474576274,0.07627118644067797,1.072301648366345,imaginary
1.7330508474576274,0.1016949152542373,1.1033398962673304,imaginary
1.7330508474576274,0.1271186440677966,1.1374344870478987,imaginary
1.7330508474576274,0.15254237288135594,1.1742268837427665,imaginary
1.7330508474576274,0.17796610169491528,1.2133428323386963,imaginary
1.7330508474576274,0.2033898305084746,1.2544232531169204,imaginary
1.7330508474576274,0.2288135593220339,1.2971428521110566,imaginary
1.7330508474576274,0.2542372881355932,1.3412183592818827,imaginary
1.7330508474576274,0.2796610169491526,1.386409645103891,imaginary
1.7330508474576274,0.3050847457627119,1.432516748340186,imaginary
1.7330508474576274,0.3305084745762712,1.4793750294178976,imaginary
1.7330508474576274,0.35593220338983056,1.5268498274626305,imaginary
1.7330508474576274,0.38135593220338987,1.5748313653631365,imaginary
1.7330508474576274,0.4067796610169492,1.6232302380595585,imaginary
1.7330508474576274,0.4322033898305085,1.6719735840418382,imaginary
1.7330508474576274,0.4576271186440678,1.7210019192716328,imaginary
1.7330508474576274,0.48305084745762716,1.7702665597368232,imaginary
1.7330508474576274,0.5084745762711864,1.819727542657038,imaginary
1.7330508474576274,0.5338983050847458,1.869351958367957,imaginary
1.7330508474576274,0.5593220338983051,1.9191126147120936,imaginary
1.7330508474576274,0.5847457627118644,1.9689869679156276,imaginary
1.7330508474576274,0.6101694915254238,2.0189562658202913,imaginary
1.7330508474576274,0.6355932203389831,2.0690048598736435,imaginary
1.7330508474576274,0.6610169491525424,2.1191196511409625,imaginary
1.7330508474576274,0.6864406779661018,2.1692896428321267,imaginary
1.7330508474576274,0.7118644067796611,2.219505577630194,imaginary
1.7330508474576274,0.7372881355932204,2.269759642699597,imaginary
1.7330508474576274,0.7627118644067797,2.3200452288664004,imaginary
1.7330508474576274,0.788135593220339,2.3703567332993036,imaginary
1.7330508474576274,0.8135593220338984,2.4206893972424353,imaginary
1.7330508474576274,0.8389830508474577,2.471039172092471,imaginary
1.7330508474576274,0.864406779661017,2.521402608479145,imaginary
1.7330508474576274,0.8898305084745763,2.5717767640823697,imaginary
1.7330508474576274,0.9152542372881356,2.6221591267656126,imaginary
1.7330508474576274,0.940677966101695,2.672547550274183,imaginary
1.7330508474576274,0.9661016949152543,2.7229402002773084,imaginary
1.7330508474576274,0.9915254237288136,2.7733355089546086,imaginary
1.7330508474576274,1.0169491525423728,2.823732136664065,imaginary
1.7330508474576274,1.0423728813559323,2.8741289394980742,imaginary
1.7330508474576274,1.0677966101694916,2.9245249417505867,imaginary
1.7330508474576274,1.0932203389830508,2.974919312492955,imaginary
1.7330508474576274,1.1186440677966103,3.0253113455972414,imaginary
1.7330508474576274,1.1440677966101696,3.075700442660413,imaginary
1.7330508474576274,1.1694915254237288,3.1260860983761196,imaginary
1.7330508474576274,1.1949152542372883,3.176467887977119,imaginary
1.7330508474576274,1.2203389830508475,3.226845456433845,imaginary
1.7330508474576274,1.2457627118644068,3.277218509146055,imaginary
1.7330508474576274,1.2711864406779663,3.327586803906908,imaginary
1.7330508474576274,1.2966101694915255,3.3779501439538357,imaginary
1.7330508474576274,1.3220338983050848,3.428308371949735,imaginary
1.7330508474576274,1.3474576271186443,3.4786613647621727,imaginary
1.7330508474576274,1.3728813559322035,3.5290090289284604,imaginary
1.7330508474576274,1.3983050847457628,3.5793512967114163,imaginary
1.7330508474576274,1.4237288135593222,3.6296881226647066,imaginary
1.7330508474576274,1.4491525423728815,3.6800194806386464,imaginary
1.7330508474576274,1.4745762711864407,3.730345361167287,imaginary
1.7330508474576274,1.5,3.7806657691861902,imaginary
1.7837288135593223,0.0,1.0,imaginary
1.7837288135593223,0.025423728813559324,1.0218501256325327,imaginary
1.7837288135593223,0.05084745762711865,1.0474844084582802,imaginary
1.7837288135593223,0.07627118644067797,1.0767880617717362,imaginary
1.7837288135593223,0.1016949152542373,1.109507046322327,imaginary
1.7837288135593223,0.1271186440677966,1.1452917129724964,imaginary
1.7837288135593223,0.15254237288135594,1.1837466235202618,imaginary
1.7837288135593223,0.17796610169491528,1.224473379705511,imaginary
1.7837288135593223,0.2033898305084746,1.267100015027999,imaginary
1.7837288135593223,0.2288135593220339,1.3112967738901022,imaginary
1.7837288135593223,0.2542372881355932,1.3567814511924678,imaginary
1.7837288135593223,0.2796610169491526,1.4033181614605041,imaginary
1.7837288135593223,0.3050847457627119,1.4507127129549426,imaginary
1.7837288135593223,0.3305084745762712,1.4988067100799805,imaginary
1.7837288135593223,0.35593220338983056,1.5474716024301463,imaginary
1.7837288135593223,0.38135593220338987,1.5966032758637578,imaginary
1.7837288135593223,0.4067796610169492,1.6461174077629512,imaginary
1.7837288135593223,0.4322033898305085,1.69594560956416,imaginary
1.7837288135593223,0.4576271186440678,1.7460322870099005,imaginary
1.7837288135593223,0.48305084745762716,1.7963321150296438,imaginary
1.7837288135593223,0.5084745762711864,1.8468080205149753,imaginary
1.7837288135593223,0.5338983050847458,1.8974295759748512,imaginary
1.7837288135593223,0.5593220338983051,1.9481717214171308,imaginary
1.7837288135593223,0.5847457627118644,1.9990137465536155,imaginary
1.7837288135593223,0.6101694915254238,2.049938478733643,imaginary
1.7837288135593223,0.6355932203389831,2.100931633272174,imaginary
1.7837288135593223,0.6610169491525424,2.1519812920308903,imaginary
1.7837288135593223,0.6864406779661018,2.2030774834566866,imaginary
1.7837288135593223,0.7118644067796611,2.254211843077264,imaginary
1.7837288135593223,0.7372881355932204,2.3053773379916302,imaginary
1.7837288135593223,0.7627118644067797,2.3565680424326976,imaginary
1.7837288135593223,0.788135593220339,2.407778954234988,imaginary
1.7837288135593223,0.8135593220338984,2.459005844186612,imaginary
1.7837288135593223,0.8389830508474577,2.5102451319175247,imaginary
1.7837288135593223,0.864406779661017,2.5614937832829985,imaginary
1.7837288135593223,0.8898305084745763,2.612749225224641,imaginary
1.7837288135593223,0.9152542372881356,2.6640092748951902,imaginary
1.7837288135593223,0.940677966101695,2.7152720804668404,imaginary
1.7837288135593223,0.9661016949152543,2.7665360715436433,imaginary
1.7837288135593223,0.9915254237288136,2.8177999174962016,imaginary
1.7837288135593223,1.0169491525423728,2.8690624923532466,imaginary
1.7837288135593223,1.0423728813559323,2.92032284513781,imaginary
1.7837288135593223,1.0677966101694916,2.97158017473865,imaginary
1.7837288135593223,1.0932203389830508,3.022833808570899,imaginary
1.7837288135593223,1.1186440677966103,3.0740831844120393,imaginary
1.7837288135593223,1.1440677966101696,3.1253278349061615,imaginary
1.7837288135593223,1.1694915254237288,3.1765673743166722,imaginary
1.7837288135593223,1.1949152542372883,3.2278014871784935,imaginary
1.7837288135593223,1.2203389830508475,3.279029918559099,imaginary
1.7837288135593223,1.2457627118644068,3.330252465685471,imaginary
1.7837288135593223,1.2711864406779663,3.3814689707333923,imaginary
1.7837288135593223,1.2966101694915255,3.432679314608075,imaginary
1.7837288135593223,1.3220338983050848,3.483883411572069,imaginary
1.7837288135593223,1.3474576271186443,3.535081204598802,imaginary
1.7837288135593223,1.3728813559322035,3.5862726613487848,imaginary
1.7837288135593223,1.3983050847457628,3.6374577706811335,imaginary
1.7837288135593223,1.4237288135593222,3.688636539626117,imaginary
1.7837288135593223,1.4491525423728815,3.7398089907554315,imaginary
1.7837288135593223,1.4745762711864407,3.79097515989616,imaginary
1.7837288135593223,1.5,3.842135094142168,imaginary
1.8344067796610173,0.0,0.9999999999999999,imaginary
1.8344067796610173,0.025423728813559324,1.023209558831485,imaginary
1.8344067796610173,0.05084745762711865,1.0503533765652104,imaginary
1.8344067796610173,0.07627118644067797,1.0812632571707543,imaginary
1.8344067796610173,0.1016949152542373,1.1156307413166169,imaginary
1.8344067796610173,0.1271186440677966,1.153059806829903,imaginary
1.8344067796610173,0.15254237288135594,1.1931214125674054,imaginary
1.8344067796610173,0.17796610169491528,1.2353967014756735,imaginary
1.8344067796610173,0.2033898305084746,1.2795040817137098,imaginary
1.8344067796610173,0.2288135593220339,1.325111814694595,imaginary
1.8344067796610173,0.2542372881355932,1.3719404291900585,imaginary
1.8344067796610173,0.2796610169491526,1.419759280497213,imaginary
1.8344067796610173,0.3050847457627119,1.4683804520679862,imaginary
1.8344067796610173,0.3305084745762712,1.517651970595074,imaginary
1.8344067796610173,0.35593220338983056,1.5674513727620505,imaginary
1.8344067796610173,0.38135593220338987,1.6176800701300826,imaginary
1.8344067796610173,0.4067796610169492,1.668258628783541,imaginary
1.8344067796610173,0.4322033898305085,1.7191229184368928,imaginary
1.8344067796610173,0.4576271186440678,1.770221019832419,imaginary
1.8344067796610173,0.48305084745762716,1.8215107632968845,imaginary
1.8344067796610173,0.5084745762711864,1.8729577785796703,imaginary
1.8344067796610173,0.5338983050847458,1.9245339522836542,imaginary
1.8344067796610173,0.5593220338983051,1.9762162072558984,imaginary
1.8344067796610173,0.5847457627118644,2.027985535081291,imaginary
1.8344067796610173,0.6101694915254238,2.0798262271786427,imaginary
1.8344067796610173,0.6355932203389831,2.131725261753726,imaginary
1.8344067796610173,0.6610169491525424,2.1836718132453505,imaginary
1.8344067796610173,0.6864406779661018,2.2356568582752034,imaginary
1.8344067796610173,0.7118644067796611,2.2876728578578773,imaginary
1.8344067796610173,0.7372881355932204,2.3397135000828664,imaginary
1.8344067796610173,0.7627118644067797,2.391773490927897,imaginary
1.8344067796610173,0.788135593220339,2.443848383530299,imaginary
1.8344067796610173,0.8135593220338984,2.495934438308961,imaginary
1.8344067796610173,0.8389830508474577,2.5480285079328513,imaginary
1.8344067796610173,0.864406779661017,2.6001279423796415,imaginary
1.8344067796610173,0.8898305084745763,2.6522305103018846,imaginary
1.8344067796610173,0.9152542372881356,2.7043343336809142,imaginary
1.8344067796610173,0.940677966101695,2.756437833348292,imaginary
1.8344067796610173,0.9661016949152543,2.808539683427498,imaginary
1.8344067796610173,0.9915254237288136,2.8606387731232994,imaginary
1.8344067796610173,1.0169491525423728,2.9127341745840036,imaginary
1.8344067796610173,1.0423728813559323,2.9648251157993815,imaginary
1.8344067796610173,1.0677966101694916,3.0169109576874447,imaginary
1.8344067796610173,1.0932203389830508,3.068991174676248,imaginary
1.8344067796610173,1.1186440677966103,3.1210653382103124,imaginary
1.8344067796610173,1.1440677966101696,3.17313310271129,imaginary
1.8344067796610173,1.1694915254237288,3.2251941936036483,imaginary
1.8344067796610173,1.1949152542372883,3.2772483970823947,imaginary
1.8344067796610173,1.2203389830508475,3.3292955513540226,imaginary
1.8344067796610173,1.2457627118644068,3.3813355391263045,imaginary
1.8344067796610173,1.2711864406779663,3.433368281159095,imaginary
1.8344067796610173,1.2966101694915255,3.485393730718572,imaginary
1.8344067796610173,1.3220338983050848,3.5374118688022795,imaginary
1.8344067796610173,1.3474576271186443,3.5894227000231878,imaginary
1.8344067796610173,1.3728813559322035,3.6414262490581217,imaginary
1.8344067796610173,1.3983050847457628,3.6934225575805515,imaginary
1.8344067796610173,1.4237288135593222,3.7454116816096303,imaginary
1.8344067796610173,1.4491525423728815,3.797393689217566,imaginary
1.8344067796610173,1.4745762711864407,3.8493686585460165,imaginary
1.8344067796610173,1.5,3.9013366760892385,imaginary
1.885084745762712,0.0,1.0,imaginary
1.885084745762712,0.025423728813559324,1.0245738078984976,imaginary
1.885084745762712,0.05084745762711865,1.053220380757597,imaginary
1.885084745762712,0.07627118644067797,1.0857153398563633,imaginary
1.885084745762712,0.1016949152542373,1.1216957857054564,imaginary
1.885084745762712,0.1271186440677966,1.1607216216595044,imaginary
1.885084745762712,0.15254237288135594,1.2023336849646262,imaginary
1.885084745762712,0.17796610169491528,1.2460962171915801,imaginary
1.885084745762712,0.2033898305084746,1.291620959917672,imaginary
1.885084745762712,0.2288135593220339,1.3385763238192003,imaginary
1.885084745762712,0.2542372881355932,1.3866869314527177,imaginary
1.885084745762712,0.2796610169491526,1.4357281364482128,imaginary
1.885084745762712,0.3050847457627119,1.4855186357482464,imaginary
1.885084745762712,0.3305084745762712,1.5359129491545631,imaginary
1.885084745762712,0.35593220338983056,1.5867946142258533,imaginary
1.885084745762712,0.38135593220338987,1.6380703990094327,imaginary
1.885084745762712,0.4067796610169492,1.689665552742979,imaginary
1.885084745762712,0.4322033898305085,1.741519989365879,imaginary
1.885084745762712,0.4576271186440678,1.7935852576301203,imaginary
1.885084745762712,0.48305084745762716,1.8458221512560111,imaginary
1.885084745762712,0.5084745762711864,1.8981988291705745,imaginary
1.885084745762712,0.5338983050847458,1.9506893374140866,imaginary
1.885084745762712,0.5593220338983051,2.0032724453081867,imaginary
1.885084745762712,0.5847457627118644,2.055930726800316,imaginary
1.885084745762712,0.6101694915254238,2.1086498330028887,imaginary
1.885084745762712,0.6355932203389831,2.1614179140089855,imaginary
1.885084745762712,0.6610169491525424,2.214225157525059,imaginary
1.885084745762712,0.6864406779661018,2.2670634191981516,imaginary
1.885084745762712,0.7118644067796611,2.3199259251731217,imaginary
1.885084745762712,0.7372881355932204,2.3728070317667616,imaginary
1.885084745762712,0.7627118644067797,2.42570203049061,imaginary
1.885084745762712,0.788135593220339,2.4786069892278553,imaginary
1.885084745762712,0.8135593220338984,2.5315186223539623,imaginary
1.885084745762712,0.8389830508474577,2.5844341841244565,imaginary
1.885084745762712,0.864406779661017,2.6373513808429783,imaginary
1.885084745762712,0.8898305084745763,2.6902682982484802,imaginary
1.885084745762712,0.9152542372881356,2.7431833412837774,imaginary
1.885084745762712,0.940677966101695,2.7960951839748827,imaginary
1.885084745762712,0.9661016949152543,2.8490027275971586,imaginary
1.885084745762712,0.9915254237288136,2.9019050656574055,imaginary
1.885084745762712,1.0169491525423728,2.954801454501185,imaginary
1.885084745762712,1.0423728813559323,3.0076912885778557,imaginary
1.885084745762712,1.0677966101694916,3.0605740795744825,imaginary
1.885084745762712,1.0932203389830508,3.11344943877299,imaginary
1.885084745762712,1.1186440677966103,3.166317062100509,imaginary
1.885084745762712,1.1440677966101696,3.2191767174363046,imaginary
1.885084745762712,1.1694915254237288,3.2720282338144475,imaginary
1.885084745762712,1.1949152542372883,3.3248714922231297,imaginary
1.885084745762712,1.2203389830508475,3.37770641775204,imaginary
1.885084745762712,1.2457627118644068,3.4305329728804885,imaginary
1.885084745762712,1.2711864406779663,3.483351151733005,imaginary
1.885084745762712,1.2966101694915255,3.536160975157163,imaginary
1.885084745762712,1.3220338983050848,3.5889624865016745,imaginary
1.885084745762712,1.3474576271186443,3.641755747991786,imaginary
1.885084745762712,1.3728813559322035,3.694540837615398,imaginary
1.885084745762712,1.3983050847457628,3.747317846446285,imaginary
1.885084745762712,1.4237288135593222,3.800086876342235,imaginary
1.885084745762712,1.4491525423728815,3.852848037965117,imaginary
1.885084745762712,1.4745762711864407,3.9056014490778903,imaginary
1.885084745762712,1.5,3.9583472330799654,imaginary
1.935762711864407,0.0,1.0,imaginary
1.935762711864407,0.025423728813559324,1.0259395174673458,imaginary
1.935762711864407,0.05084745762711865,1.0560783013990527,imaginary
1.935762711864407,0.07627118644067797,1.090133679977521,imaginary
1.935762711864407,0.1016949152542373,1.12768896582498,imaginary
1.935762711864407,0.1271186440677966,1.1682627018990266,imaginary
1.935762711864407,0.15254237288135594,1.2113691566190197,imaginary
1.935762711864407,0.17796610169491528,1.2565590362353771,imaginary
1.935762711864407,0.2033898305084746,1.303440061023439,imaginary
1.935762711864407,0.2288135593220339,1.3516826015117382,imaginary
1.935762711864407,0.2542372881355932,1.401016464893124,imaginary
1.935762711864407,0.2796610169491526,1.4512235623686447,imaginary
1.935762711864407,0.3050847457627119,1.502129409827226,imaginary
1.935762711864407,0.3305084745762712,1.5535950096612503,imaginary
1.935762711864407,0.35593220338983056,1.6055097695428797,imaginary
1.935762711864407,0.38135593220338987,1.6577856247893494,imaginary
1.935762711864407,0.4067796610169492,1.7103522977028847,imaginary
1.935762711864407,0.4322033898305085,1.7631535370170122,imaginary
1.935762711864407,0.4576271186440678,1.8161441621294598,imaginary
1.935762711864407,0.48305084745762716,1.8692877501400027,imaginary
1.935762711864407,0.5084745762711864,1.92255482821313,imaginary
1.935762711864407,0.5338983050847458,1.975921459718665,imaginary
1.935762711864407,0.5593220338983051,2.0293681359312834,imaginary
1.935762711864407,0.5847457627118644,2.082878904538917,imaginary
1.935762711864407,0.6101694915254238,2.1364406818163166,imaginary
1.935762711864407,0.6355932203389831,2.190042707544636,imaginary
1.935762711864407,0.6610169491525424,2.243676111206689,imaginary
1.935762711864407,0.6864406779661018,2.297333565236877,imaginary
1.935762711864407,0.7118644067796611,2.35100900664715,imaginary
1.935762711864407,0.7372881355932204,2.404697412583258,imaginary
1.935762711864407,0.7627118644067797,2.45839461860077,imaginary
1.935762711864407,0.788135593220339,2.512097170927673,imaginary
1.935762711864407,0.8135593220338984,2.5658022058827052,imaginary
1.935762711864407,0.8389830508474577,2.6195073510840197,imaginary
1.935762711864407,0.864406779661017,2.673210644215956,imaginary
1.935762711864407,0.8898305084745763,2.7269104660012564,imaginary
1.935762711864407,0.9152542372881356,2.78060548471164,imaginary
1.935762711864407,0.940677966101695,2.834294610086192,imaginary
1.935762711864407,0.9661016949152543,2.8879769549487135,imaginary
1.935762711864407,0.9915254237288136,2.94165180314782,imaginary
1.935762711864407,1.0169491525423728,2.995318582707418,imaginary
1.935762711864407,1.0423728813559323,3.0489768432847613,imaginary
1.935762711864407,1.0677966101694916,3.102626237200999,imaginary
1.935762711864407,1.0932203389830508,3.156266503443375,imaginary
1.935762711864407,1.1186440677966103,3.2098974541463683,imaginary
1.935762711864407,1.1440677966101696,3.2635189631464745,imaginary
1.935762711864407,1.1694915254237288,3.3171309562760096,imaginary
1.935762711864407,1.1949152542372883,3.3707334031190426,imaginary
1.935762711864407,1.2203389830508475,3.424326309999487,imaginary
1.935762711864407,1.2457627118644068,3.477909714009879,imaginary
1.935762711864407,1.2711864406779663,3.5314836779210323,imaginary
1.935762711864407,1.2966101694915255,3.5850482858387736,imaginary
1.935762711864407,1.3220338983050848,3.6386036394954613,imaginary
1.935762711864407,1.3474576271186443,3.6921498550818987,imaginary
1.935762711864407,1.3728813559322035,3.7456870605400012,imaginary
1.935762711864407,1.3983050847457628,3.7992153932489336,imaginary
1.935762711864407,1.4237288135593222,3.852734998047799,imaginary
1.935762711864407,1.4491525423728815,3.906246025546527,imaginary
1.935762711864407,1.4745762711864407,3.959748630683886,imaginary
1.935762711864407,1.5,4.013242971497626,imaginary
1.986440677966102,0.0,0.9999999999999999,imaginary
1.986440677966102,0.025423728813559324,1.0273035810780577,imaginary
1.986440677966102,0.05084745762711865,1.0589206795364448,imaginary
1.986440677966102,0.07627118644067797,1.0945088729054249,imaginary
1.986440677966102,0.1016949152542373,1.1335989295667,imaginary
1.986440677966102,0.1271186440677966,1.1756710493658686,imaginary
1.986440677966102,0.15254237288135594,1.2202164658707442,imaginary
1.986440677966102,0.17796610169491528,1.2667754835076088,imaginary
1.986440677966102,0.2033898305084746,1.3149541366059647,imaginary
1.986440677966102,0.2288135593220339,1.3644262741149666,imaginary
1.986440677966102,0.2542372881355932,1.4149277476905266,imaginary
1.986440677966102,0.2796610169491526,1.4662474225619773,imaginary
1.986440677966102,0.3050847457627119,1.5182177346308507,imaginary
1.986440677966102,0.3305084745762712,1.5707060976734533,imaginary
1.986440677966102,0.35593220338983056,1.623607628072899,imaginary
1.986440677966102,0.38135593220338987,1.6768392279342952,imaginary
1.986440677966102,0.4067796610169492,1.7303348830420693,imaginary
1.986440677966102,0.4322033898305085,1.7840419746681595,imaginary
1.986440677966102,0.4576271186440678,1.837918406058153,imaginary
1.986440677966102,0.48305084745762716,1.891930369610042,imaginary
1.986440677966102,0.5084745762711864,1.946050611886891,imaginary
1.986440677966102,0.5338983050847458,2.0002570830793847,imaginary
1.986440677966102,0.5593220338983051,2.054531882648727,imaginary
1.986440677966102,0.5847457627118644,2.1088604331689536,imaginary
1.986440677966102,0.6101694915254238,2.163230830299368,imaginary
1.986440677966102,0.6355932203389831,2.2176333290872052,imaginary
1.986440677966102,0.6610169491525424,2.2720599361723783,imaginary
1.986440677966102,0.6864406779661018,2.32650408459061,imaginary
1.986440677966102,0.7118644067796611,2.3809603732779046,imaginary
1.986440677966102,0.7372881355932204,2.43542435748411,imaginary
1.986440677966102,0.7627118644067797,2.4898923794247545,imaginary
1.986440677966102,0.788135593220339,2.544361430880829,imaginary
1.986440677966102,0.8135593220338984,2.5988290412773454,imaginary
1.986440677966102,0.8389830508474577,2.653293186170295,imaginary
1.986440677966102,0.864406779661017,2.707752212150192,imaginary
1.986440677966102,0.8898305084745763,2.7622047750056726,imaginary
1.986440677966102,0.9152542372881356,2.8166497886402326,imaginary
1.986440677966102,0.940677966101695,2.8710863827426416,imaginary
1.986440677966102,0.9661016949152543,2.925513867609637,imaginary
1.986440677966102,0.9915254237288136,2.9799317048331644,imaginary
1.986440677966102,1.0169491525423728,3.034339482812601,imaginary
1.986440677966102,1.0423728813559323,3.0887368962494874,imaginary
1.986440677966102,1.0677966101694916,3.143123728939671,imaginary
1.986440677966102,1.0932203389830508,3.197499839303578,imaginary
1.986440677966102,1.1186440677966103,3.2518651481966425,imaginary
1.986440677966102,1.1440677966101696,3.3062196286235968,imaginary
1.986440677966102,1.1694915254237288,3.3605632970464114,imaginary
1.986440677966102,1.1949152542372883,3.4148962060295136,imaginary
1.986440677966102,1.2203389830508475,3.4692184380095883,imaginary
1.986440677966102,1.2457627118644068,3.5235301000132755,imaginary
1.986440677966102,1.2711864406779663,3.5778313191753037,imaginary
1.986440677966102,1.2966101694915255,3.632122238933925,imaginary
1.986440677966102,1.3220338983050848,3.6864030158004244,imaginary
1.986440677966102,1.3474576271186443,3.7406738166160394,imaginary
1.986440677966102,1.3728813559322035,3.7949348162233267,imaginary
1.986440677966102,1.3983050847457628,3.8491861954904167,imaginary
1.986440677966102,1.4237288135593222,3.9034281396361767,imaginary
1.986440677966102,1.4491525423728815,3.9576608368121913,imaginary
1.986440677966102,1.4745762711864407,4.011884476904178,imaginary
1.986440677966102,1.5,4.066099250521126,imaginary
2.037118644067797,0.0,1.0,imaginary
2.037118644067797,0.025423728813559324,1.028663143387153,imaginary
2.037118644067797,0.05084745762711865,1.061741705617588,imaginary
2.037118644067797,0.07627118644067797,1.098832683882578,imaginary
2.037118644067797,0.1016949152542373,1.1394160520824916,imaginary
2.037118644067797,0.1271186440677966,1.1829368865697374,imaginary
2.037118644067797,0.15254237288135594,1.2288668309466777,imaginary
2.037118644067797,0.17796610169491528,1.2767386652918358,imaginary
2.037118644067797,0.2033898305084746,1.3261587766653122,imaginary
2.037118644067797,0.2288135593220339,1.3768057504241693,imaginary
2.037118644067797,0.2542372881355932,1.4284221463607998,imaginary
2.037118644067797,0.2796610169491526,1.4808040477725672,imaginary
2.037118644067797,0.3050847457627119,1.533790830430249,imaginary
2.037118644067797,0.3305084745762712,1.587256203785102,imaginary
2.037118644067797,0.35593220338983056,1.641100811392206,imaginary
2.037118644067797,0.38135593220338987,1.695246316717799,imaginary
2.037118644067797,0.4067796610169492,1.7496307633855808,imaginary
2.037118644067797,0.4322033898305085,1.8042049716601471,imaginary
2.037118644067797,0.4576271186440678,1.8589297527457616,imaginary
2.037118644067797,0.48305084745762716,1.9137737578213039,imaginary
2.037118644067797,0.5084745762711864,1.9687118153466638,imaginary
2.037118644067797,0.5338983050847458,2.0237236424666976,imaginary
2.037118644067797,0.5593220338983051,2.078792842792644,imaginary
2.037118644067797,0.5847457627118644,2.133906123679837,imaginary
2.037118644067797,0.6101694915254238,2.189052682178815,imaginary
2.037118644067797,0.6355932203389831,2.244223721059773,imaginary
2.037118644067797,0.6610169491525424,2.2994120655537618,imaginary
2.037118644067797,0.6864406779661018,2.3546118584259648,imaginary
2.037118644067797,0.7118644067796611,2.4098183162537326,imaginary
2.037118644067797,0.7372881355932204,2.4650275337523953,imaginary
2.037118644067797,0.7627118644067797,2.520236325998189,imaginary
2.037118644067797,0.788135593220339,2.5754421006813533,imaginary
2.037118644067797,0.8135593220338984,2.6306427542644535,imaginary
2.037118644067797,0.8389830508474577,2.685836587254766,imaginary
2.037118644067797,0.864406779661017,2.7410222348258806,imaginary
2.037118644067797,0.8898305084745763,2.796198609816442,imaginary
2.037118644067797,0.9152542372881356,2.851364855749485,imaginary
2.037118644067797,0.940677966101695,2.9065203079956725,imaginary
2.037118644067797,0.9661016949152543,2.9616644615795717,imaginary
2.037118644067797,0.9915254237288136,3.0167969444238474,imaginary
2.037118644067797,1.0169491525423728,3.071917495059727,imaginary
2.037118644067797,1.0423728813559323,3.127025944017587,imaginary
2.037118644067797,1.0677966101694916,3.18212219825898,imaginary
2.037118644067797,1.0932203389830508,3.2372062281296548,imaginary
2.037118644067797,1.1186440677966103,3.2922780564078153,imaginary
2.037118644067797,1.1440677966101696,3.347337749098369,imaginary
2.037118644067797,1.1694915254237288,3.402385407685625,imaginary
2.037118644067797,1.1949152542372883,3.4574211626071123,imaginary
2.037118644067797,1.2203389830508475,3.5124451677519994,imaginary
2.037118644067797,1.2457627118644068,3.5674575958209807,imaginary
2.037118644067797,1.2711864406779663,3.6224586344118332,imaginary
2.037118644067797,1.2966101694915255,3.677448482717328,imaginary
2.037118644067797,1.3220338983050848,3.7324273487406807,imaginary
2.037118644067797,1.3474576271186443,3.787395446949149,imaginary
2.037118644067797,1.3728813559322035,3.8423529962988656,imaginary
2.037118644067797,1.3983050847457628,3.8973002185748777,imaginary
2.037118644067797,1.4237288135593222,3.9522373369987953,imaginary
2.037118644067797,1.4491525423728815,4.007164575064059,imaginary
2.037118644067797,1.4745762711864407,4.062082155564874,imaginary
2.037118644067797,1.5,4.116990299790036,imaginary
2.0877966101694914,0.0,1.0,imaginary
2.0877966101694914,0.025423728813559324,1.0300155985085422,imaginary
2.0877966101694914,0.05084745762711865,1.0645361995666134,imaginary
2.0877966101694914,0.07627118644067797,1.1030979815882127,imaginary
2.0877966101694914,0.1016949152542373,1.145132294363615,imaginary
2.0877966101694914,0.1271186440677966,1.1900524248050133,imaginary
2.0877966101694914,0.15254237288135594,1.2373137299196177,imaginary
2.0877966101694914,0.17796610169491528,1.2864440771333565,imaginary
2.0877966101694914,0.2033898305084746,1.3370519675450043,imaginary
2.0877966101694914,0.2288135593220339,1.3888217514967844,imaginary
2.0877966101694914,0.2542372881355932,1.44150319558524,imaginary
2.0877966101694914,0.2796610169491526,1.4948997583846093,imaginary
2.0877966101694914,0.3050847457627119,1.5488577129081573,imaginary
2.0877966101694914,0.3305084745762712,1.6032569166785442,imaginary
2.0877966101694914,0.35593220338983056,1.6580033466271753,imaginary
2.0877966101694914,0.38135593220338987,1.7130232217303467,imaginary
2.0877966101694914,0.4067796610169492,1.7682584440154778,imaginary
2.0877966101694914,0.4322033898305085,1.8236630887323984,imaginary
2.0877966101694914,0.4576271186440678,1.879200710014942,imaginary
2.0877966101694914,0.48305084745762716,1.9348422723179188,imaginary
2.0877966101694914,0.5084745762711864,1.9905645590198073,imaginary
2.0877966101694914,0.5338983050847458,2.046348944069593,imaginary
2.0877966101694914,0.5593220338983051,2.1021804399757804,imaginary
2.0877966101694914,0.5847457627118644,2.1580469566047262,imaginary
2.0877966101694914,0.6101694915254238,2.2139387213334736,imaginary
2.0877966101694914,0.6355932203389831,2.26984782320703,imaginary
2.0877966101694914,0.6610169491525424,2.3257678528266825,imaginary
2.0877966101694914,0.6864406779661018,2.381693616495411,imaginary
2.0877966101694914,0.7118644067796611,2.437620908245271,imaginary
2.0877966101694914,0.7372881355932204,2.493546327204593,imaginary
2.0877966101694914,0.7627118644067797,2.54946713065346,imaginary
2.0877966101694914,0.788135593220339,2.605381115304884,imaginary
2.0877966101694914,0.8135593220338984,2.6612865210134333,imaginary
2.0877966101694914,0.8389830508474577,2.717181952384597,imaginary
2.0877966101694914,0.864406779661017,2.7730663147340153,imaginary
2.0877966101694914,0.8898305084745763,2.8289387615981854,imaginary
2.0877966101694914,0.9152542372881356,2.8847986515812765,imaginary
2.0877966101694914,0.940677966101695,2.9406455127764697,imaginary
2.0877966101694914,0.9661016949152543,2.9964790133551436,imaginary
2.0877966101694914,0.9915254237288136,3.05229893719596,imaginary
2.0877966101694914,1.0169491525423728,3.1081051636457913,imaginary
2.0877966101694914,1.0423728813559323,3.163897650678767,imaginary
2.0877966101694914,1.0677966101694916,3.219676420858233,imaginary
2.0877966101694914,1.0932203389830508,3.275441549617292,imaginary
2.0877966101694914,1.1186440677966103,3.3311931554622376,imaginary
2.0877966101694914,1.1440677966101696,3.386931391774854,imaginary
2.0877966101694914,1.1694915254237288,3.442656439947127,imaginary
2.0877966101694914,1.1949152542372883,3.4983685036288272,imaginary
2.0877966101694914,1.2203389830508475,3.5540678039064746,imaginary
2.0877966101694914,1.2457627118644068,3.6097545752631985,imaginary
2.0877966101694914,1.2711864406779663,3.6654290621945465,imaginary
2.0877966101694914,1.2966101694915255,3.7210915163760694,imaginary
2.0877966101694914,1.3220338983050848,3.7767421942957413,imaginary
2.0877966101694914,1.3474576271186443,3.83238135527848,imaginary
2.0877966101694914,1.3728813559322035,3.888009259841739,imaginary
2.0877966101694914,1.3983050847457628,3.943626168330934,imaginary
2.0877966101694914,1.4237288135593222,3.9992323397915595,imaginary
2.0877966101694914,1.4491525423728815,4.054828031041576,imaginary
2.0877966101694914,1.4745762711864407,4.1104134959134,imaginary
2.0877966101694914,1.5,4.165988984639478,imaginary
2.1384745762711863,0.0,1.0,imaginary
2.1384745762711863,0.025423728813559324,1.0313585851749356,imaginary
2.1384745762711863,0.05084745762711865,1.0672995842633872,imaginary
2.1384745762711863,0.07627118644067797,1.1072986645254326,imaginary
2.1384745762711863,0.1016949152542373,1.150741060005321,imaginary
2.1384745762711863,0.1271186440677966,1.1970116421767905,imaginary
2.1384745762711863,0.15254237288135594,1.2455526062435605,imaginary
2.1384745762711863,0.17796610169491528,1.2958892533256985,imaginary
2.1384745762711863,0.2033898305084746,1.3476337051730958,imaginary
2.1384745762711863,0.2288135593220339,1.4004769058990618,imaginary
2.1384745762711863,0.2542372881355932,1.454176189871205,imaginary
2.1384745762711863,0.2796610169491526,1.5085424626582087,imaginary
2.1384745762711863,0.3050847457627119,1.563428804433949,imaginary
2.1384745762711863,0.3305084745762712,1.6187210510595682,imaginary
2.1384745762711863,0.35593220338983056,1.6743303126563704,imaginary
2.1384745762711863,0.38135593220338987,1.73018716061688,imaginary
2.1384745762711863,0.4067796610169492,1.786237163575217,imaginary
2.1384745762711863,0.4322033898305085,1.842437477640504,imaginary
2.1384745762711863,0.4576271186440678,1.8987542454092614,imaginary
2.1384745762711863,0.48305084745762716,1.9551606094712661,imaginary
2.1384745762711863,0.5084745762711864,2.011635190852987,imaginary
2.1384745762711863,0.5338983050847458,2.0681609190023793,imaginary
2.1384745762711863,0.5593220338983051,2.124724127993837,imaginary
2.1384745762711863,0.5847457627118644,2.1813138549521867,imaginary
2.1384745762711863,0.6101694915254238,2.2379212926912837,imaginary
2.1384745762711863,0.6355932203389831,2.294539360494343,imaginary
2.1384745762711863,0.6610169491525424,2.351162365844089,imaginary
2.1384745762711863,0.6864406779661018,2.407785736523963,imaginary
2.1384745762711863,0.7118644067796611,2.4644058074465027,imaginary
2.1384745762711863,0.7372881355932204,2.5210196502591833,imaginary
2.1384745762711863,0.7627118644067797,2.5776249365544346,imaginary
2.1384745762711863,0.788135593220339,2.634219827606336,imaginary
2.1384745762711863,0.8135593220338984,2.690802885145981,imaginary
2.1384745762711863,0.8389830508474577,2.747372998898871,imaginary
2.1384745762711863,0.864406779661017,2.8039293275354247,imaginary
2.1384745762711863,0.8898305084745763,2.860471250399718,imaginary
2.1384745762711863,0.9152542372881356,2.9169983279337726,imaginary
2.1384745762711863,0.940677966101695,2.973510269143896,imaginary
2.1384745762711863,0.9661016949152543,3.0300069047906177,imaginary
2.1384745762711863,0.9915254237288136,3.08648816524658,imaginary
2.1384745762711863,1.0169491525423728,3.1429540621738834,imaginary
2.1384745762711863,1.0423728813559323,3.199404673336067,imaginary
2.1384745762711863,1.0677966101694916,3.2558401299903084,imaginary
2.1384745762711863,1.0932203389830508,3.312260606409111,imaginary
2.1384745762711863,1.1186440677966103,3.368666311163971,imaginary
2.1384745762711863,1.1440677966101696,3.425057479870495,imaginary
2.1384745762711863,1.1694915254237288,3.481434369148227,imaginary
2.1384745762711863,1.1949152542372883,3.5377972515922456,imaginary
2.1384745762711863,1.2203389830508475,3.594146411589027,imaginary
2.1384745762711863,1.2457627118644068,3.650482141837992,imaginary
2.1384745762711863,1.2711864406779663,3.7068047404637916,imaginary
2.1384745762711863,1.2966101694915255,3.7631145086237874,imaginary
2.1384745762711863,1.3220338983050848,3.8194117485310963,imaginary
2.1384745762711863,1.3474576271186443,3.875696761826709,imaginary
2.1384745762711863,1.3728813559322035,3.9319698482450574,imaginary
2.1384745762711863,1.3983050847457628,3.9882313045264253,imaginary
2.1384745762711863,1.4237288135593222,4.04448142353704,imaginary
2.1384745762711863,1.4491525423728815,4.100720493563912,imaginary
2.1384745762711863,1.4745762711864407,4.156948797756719,imaginary
2.1384745762711863,1.5,4.213166613693313,imaginary
2.1891525423728813,0.0,1.0,imaginary
2.1891525423728813,0.025423728813559324,1.0326899793530184,imaginary
2.1891525423728813,0.05084745762711865,1.0700278542233141,imaginary
2.1891525423728813,0.07627118644067797,1.1114295834363321,imaginary
2.1891525423728813,0.1016949152542373,1.15623705414345,imaginary
2.1891525423728813,0.1271186440677966,1.2038100749030125,imaginary
2.1891525423728813,0.15254237288135594,1.2535806010746833,imaginary
2.1891525423728813,0.17796610169491528,1.3050734561814021,imaginary
2.1891525423728813,0.2033898305084746,1.357905658624928,imaginary
2.1891525423728813,0.2288135593220339,1.411775402623601,imaginary
2.1891525423728813,0.2542372881355932,1.466447837188033,imaginary
2.1891525423728813,0.2796610169491526,1.5217413187639488,imaginary
2.1891525423728813,0.3050847457627119,1.5775156091433267,imaginary
2.1891525423728813,0.3305084745762712,1.6336623381853448,imaginary
2.1891525423728813,0.35593220338983056,1.6900975469506485,imaginary
2.1891525423728813,0.38135593220338987,1.7467559611016206,imaginary
2.1891525423728813,0.4067796610169492,1.8035866325543846,imaginary
2.1891525423728813,0.4322033898305085,1.8605496340479557,imaginary
2.1891525423728813,0.4576271186440678,1.9176135522871653,imaginary
2.1891525423728813,0.48305084745762716,1.9747535825306803,imaginary
2.1891525423728813,0.5084745762711864,2.031950075100338,imaginary
2.1891525423728813,0.5338983050847458,2.0891874216750757,imaginary
2.1891525423728813,0.5593220338983051,2.1464531977061365,imaginary
2.1891525423728813,0.5847457627118644,2.2037374986158715,imaginary
2.1891525423728813,0.6101694915254238,2.261032423277955,imaginary
2.1891525423728813,0.6355932203389831,2.318331669992851,imaginary
2.1891525423728813,0.6610169491525424,2.375630218836706,imaginary
2.1891525423728813,0.6864406779661018,2.43292408067953,imaginary
2.1891525423728813,0.7118644067796611,2.4902100979365898,imaginary
2.1891525423728813,0.7372881355932204,2.5474857856728286,imaginary
2.1891525423728813,0.7627118644067797,2.604749204344177,imaginary
2.1891525423728813,0.788135593220339,2.661998857464844,imaginary
2.1891525423728813,0.8135593220338984,2.719233609006926,imaginary
2.1891525423728813,0.8389830508474577,2.776452616492206,imaginary
2.1891525423728813,0.864406779661017,2.8336552766178804,imaginary
2.1891525423728813,0.8898305084745763,2.8908411809353636,imaginary
2.1891525423728813,0.9152542372881356,2.9480100796243143,imaginary
2.1891525423728813,0.940677966101695,3.005161851809945,imaginary
2.1891525423728813,0.9661016949152543,3.0622964811878997,imaginary
2.1891525423728813,0.9915254237288136,3.1194140359690117,imaginary
2.1891525423728813,1.0169491525423728,3.176514652351022,imaginary
2.1891525423728813,1.0423728813559323,3.233598520878531,imaginary
2.1891525423728813,1.0677966101694916,3.2906658751746662,imaginary
2.1891525423728813,1.0932203389830508,3.3477169826254003,imaginary
2.1891525423728813,1.1186440677966103,3.4047521366752713,imaginary
2.1891525423728813,1.1440677966101696,3.46177165045598,imaginary
2.1891525423728813,1.1694915254237288,3.518775851519538,imaginary
2.1891525423728813,1.1949152542372883,3.5757650774886103,imaginary
2.1891525423728813,1.2203389830508475,3.6327396724695618,imaginary
2.1891525423728813,1.2457627118644068,3.689699984100775,imaginary
2.1891525423728813,1.2711864406779663,3.7466463611307104,imaginary
2.1891525423728813,1.2966101694915255,3.8035791514381145,imaginary
2.1891525423728813,1.3220338983050848,3.8604987004217057,imaginary
2.1891525423728813,1.3474576271186443,3.917405349698574,imaginary
2.1891525423728813,1.3728813559322035,3.9742994360608463,imaginary
2.1891525423728813,1.3983050847457628,4.031181290648227,imaginary
2.1891525423728813,1.4237288135593222,4.088051238301068,imaginary
2.1891525423728813,1.4491525423728815,4.144909597064211,imaginary
2.1891525423728813,1.4745762711864407,4.2017566778167765,imaginary
2.1891525423728813,1.5,4.258592784006861,imaginary
2.239830508474576,0.0,0.9999999999999998,imaginary
2.239830508474576,0.025423728813559324,1.0340078848820553,imaginary
2.239830508474576,0.05084745762711865,1.0727175410193408,imaginary
2.239830508474576,0.07627118644067797,1.1154864623092682,imaginary
2.239830508474576,0.1016949152542373,1.1616161474390783,imaginary
2.239830508474576,0.1271186440677966,1.210444623844862,imaginary
2.239830508474576,0.15254237288135594,1.2613963122958276,imaginary
2.239830508474576,0.17796610169491528,1.3139974024314245,imaginary
2.239830508474576,0.2033898305084746,1.3678708788375453,imaginary
2.239830508474576,0.2288135593220339,1.4227226944355555,imaginary
2.239830508474576,0.2542372881355932,1.4783259658491579,imaginary
2.239830508474576,0.2796610169491526,1.534506450965601,imaginary
2.239830508474576,0.3050847457627119,1.5911304417189591,imaginary
2.239830508474576,0.3305084745762712,1.6480951687782215,imaginary
2.239830508474576,0.35593220338983056,1.7053214029829986,imaginary
2.239830508474576,0.38135593220338987,1.762747832525517,imaginary
2.239830508474576,0.4067796610169492,1.8203268181626797,imaginary
2.239830508474576,0.4322033898305085,1.8780211947284038,imaginary
2.239830508474576,0.4576271186440678,1.9358018582587653,imaginary
2.239830508474576,0.48305084745762716,1.9936459401963276,imaginary
2.239830508474576,0.5084745762711864,2.0515354199763305,imaginary
2.239830508474576,0.5338983050847458,2.109456065537796,imaginary
2.239830508474576,0.5593220338983051,2.1673966199621626,imaginary
2.239830508474576,0.5847457627118644,2.225348173656146,imaginary
2.239830508474576,0.6101694915254238,2.2833036771069963,imaginary
2.239830508474576,0.6355932203389831,2.341257560707076,imaginary
2.239830508474576,0.6610169491525424,2.3992054365773923,imaginary
2.239830508474576,0.6864406779661018,2.4571438635367184,imaginary
2.239830508474576,0.7118644067796611,2.5150701609631207,imaginary
2.239830508474576,0.7372881355932204,2.5729822607141135,imaginary
2.239830508474576,0.7627118644067797,2.6308785888257566,imaginary
2.239830508474576,0.788135593220339,2.6887579706286107,imaginary
2.239830508474576,0.8135593220338984,2.7466195543658998,imaginary
2.239830508474576,0.8389830508474577,2.8044627494976906,imaginary
2.239830508474576,0.864406779661017,2.8622871767127944,imaginary
2.239830508474576,0.8898305084745763,2.9200926273127754,imaginary
2.239830508474576,0.9152542372881356,2.9778790301277387,imaginary
2.239830508474576,0.940677966101695,3.035646424507451,imaginary
2.239830508474576,0.9661016949152543,3.093394938229957,imaginary
2.239830508474576,0.9915254237288136,3.151124769403581,imaginary
2.239830508474576,1.0169491525423728,3.2088361716218263,imaginary
2.239830508474576,1.0423728813559323,3.2665294417754334,imaginary
2.239830508474576,1.0677966101694916,3.3242049100408138,imaginary
2.239830508474576,1.0932203389830508,3.3818629316553244,imaginary
2.239830508474576,1.1186440677966103,3.439503880162862,imaginary
2.239830508474576,1.1440677966101696,3.4971281418717575,imaginary
2.239830508474576,1.1694915254237288,3.5547361113140408,imaginary
2.239830508474576,1.1949152542372883,3.6123281875331332,imaginary
2.239830508474576,1.2203389830508475,3.6699047710578663,imaginary
2.239830508474576,1.2457627118644068,3.7274662614457013,imaginary
2.239830508474576,1.2711864406779663,3.785013055298423,imaginary
2.239830508474576,1.2966101694915255,3.842545544670379,imaginary
2.239830508474576,1.3220338983050848,3.900064115802746,imaginary
2.239830508474576,1.3474576271186443,3.9575691481288553,imaginary
2.239830508474576,1.3728813559322035,4.0150610135045826,imaginary
2.239830508474576,1.3983050847457628,4.072540075625657,imaginary
2.239830508474576,1.4237288135593222,4.130006689599935,imaginary
2.239830508474576,1.4491525423728815,4.187461201648016,imaginary
2.239830508474576,1.4745762711864407,4.24490394890988,imaginary
2.239830508474576,1.5,4.302335259338919,imaginary
2.290508474576271,0.0,1.0,imaginary
2.290508474576271,0.025423728813559324,1.0353106226391344,imaginary
2.290508474576271,0.05084745762711865,1.0753656767415871,imaginary
2.290508474576271,0.07627118644067797,1.119465819972866,imaginary
2.290508474576271,0.1016949152542373,1.1668752470823724,imaginary
2.290508474576271,0.1271186440677966,1.2169133771801512,imaginary
2.290508474576271,0.15254237288135594,1.2689995793038222,imaginary
2.290508474576271,0.17796610169491528,1.3226630236726273,imaginary
2.290508474576271,0.2033898305084746,1.3775335474285544,imaginary
2.290508474576271,0.2288135593220339,1.4333252450601028,imaginary
2.290508474576271,0.2542372881355932,1.4898192770051948,imaginary
2.290508474576271,0.2796610169491526,1.546848711713235,imaginary
2.290508474576271,0.3050847457627119,1.604286201384134,imaginary
2.290508474576271,0.3305084745762712,1.662034379841484,imaginary
2.290508474576271,0.35593220338983056,1.7200185498975915,imaginary
2.290508474576271,0.38135593220338987,1.7781811778630727,imaginary
2.290508474576271,0.4067796610169492,1.8364777678931226,imaginary
2.290508474576271,0.4322033898305085,1.8948737717350106,imaginary
2.290508474576271,0.4576271186440678,1.9533422689802873,imaginary
2.290508474576271,0.48305084745762716,2.0118622190754487,imaginary
2.290508474576271,0.5084745762711864,2.070417137861104,imaginary
2.290508474576271,0.5338983050847458,2.1289940901894435,imaginary
2.290508474576271,0.5593220338983051,2.1875829188412252,imaginary
2.290508474576271,0.5847457627118644,2.2461756509719044,imaginary
2.290508474576271,0.6101694915254238,2.3047660386553948,imaginary
2.290508474576271,0.6355932203389831,2.3633492012917,imaginary
2.290508474576271,0.6610169491525424,2.4219213458361715,imaginary
2.290508474576271,0.6864406779661018,2.480479546821305,imaginary
2.290508474576271,0.7118644067796611,2.5390215725755123,imaginary
2.290508474576271,0.7372881355932204,2.5975457473284163,imaginary
2.290508474576271,0.7627118644067797,2.6560508413393764,imaginary
2.290508474576271,0.788135593220339,2.7145359830188065,imaginary
2.290508474576271,0.8135593220338984,2.7730005883924123,imaginary
2.290508474576271,0.8389830508474577,2.831444304303976,imaginary
2.290508474576271,0.864406779661017,2.8898669625485565,imaginary
2.290508474576271,0.8898305084745763,2.948268542737384,imaginary
2.290508474576271,0.9152542372881356,3.006649142165083,imaginary
2.290508474576271,0.940677966101695,3.0650089513125205,imaginary
2.290508474576271,0.9661016949152543,3.1233482339007312,imaginary
2.290508474576271,0.9915254237288136,3.1816673106317315,imaginary
2.290508474576271,1.0169491525423728,3.239966545924796,imaginary
2.290508474576271,1.0423728813559323,3.298246337093026,imaginary
2.290508474576271,1.0677966101694916,3.356507105512851,imaginary
2.290508474576271,1.0932203389830508,3.4147492894247446,imaginary
2.290508474576271,1.1186440677966103,3.472973338071765,imaginary
2.290508474576271,1.1440677966101696,3.5311797069372286,imaginary
2.290508474576271,1.1694915254237288,3.5893688538868216,imaginary
2.290508474576271,1.1949152542372883,3.647541236055835,imaginary
2.290508474576271,1.2203389830508475,3.705697307350927,imaginary
2.290508474576271,1.2457627118644068,3.7638375164590605,imaginary
2.290508474576271,1.2711864406779663,3.8219623052751612,imaginary
2.290508474576271,1.2966101694915255,3.8800721076755575,imaginary
2.290508474576271,1.3220338983050848,3.9381673485768434,imaginary
2.290508474576271,1.3474576271186443,3.996248443230166,imaginary
2.290508474576271,1.3728813559322035,4.054315796709557,imaginary
2.290508474576271,1.3983050847457628,4.112369803559841,imaginary
2.290508474576271,1.4237288135593222,4.170410847575521,imaginary
2.290508474576271,1.4491525423728815,4.228439301686857,imaginary
2.290508474576271,1.4745762711864407,4.286455527933278,imaginary
2.290508474576271,1.5,4.344459877507682,imaginary
2.341186440677966,0.0,1.0,imaginary
2.341186440677966,0.025423728813559324,1.0365967186679554,imaginary
2.341186440677966,0.05084745762711865,1.0779697565600244,imaginary
2.341186440677966,0.07627118644067797,1.1233648937799352,imaginary
2.341186440677966,0.1016949152542373,1.1720121760674118,imaginary
2.341186440677966,0.1271186440677966,1.2232154493829963,imaginary
2.341186440677966,0.15254237288135594,1.276391292082077,imaginary
2.341186440677966,0.17796610169491528,1.3310732576331863,imaginary
2.341186440677966,0.2033898305084746,1.3868987608649295,imaginary
2.341186440677966,0.2288135593220339,1.4435903143202242,imaginary
2.341186440677966,0.2542372881355932,1.5009371361259016,imaginary
2.341186440677966,0.2796610169491526,1.5587794826407348,imaginary
2.341186440677966,0.3050847457627119,1.61699618398349,imaginary
2.341186440677966,0.3305084745762712,1.6754950783149318,imaginary
2.341186440677966,0.35593220338983056,1.7342058075578057,imaginary
2.341186440677966,0.38135593220338987,1.7930744395887543,imaginary
2.341186440677966,0.4067796610169492,1.8520594654290692,imaginary
2.341186440677966,0.4322033898305085,1.9111288174861942,imaginary
2.341186440677966,0.4576271186440678,1.9702576415456008,imaginary
2.341186440677966,0.48305084745762716,2.0294266245379,imaginary
2.341186440677966,0.5084745762711864,2.0886207328319206,imaginary
2.341186440677966,0.5338983050847458,2.1478282548609653,imaginary
2.341186440677966,0.5593220338983051,2.20704007043019,imaginary
2.341186440677966,0.5847457627118644,2.26624908978083,imaginary
2.341186440677966,0.6101694915254238,2.3254498205159226,imaginary
2.341186440677966,0.6355932203389831,2.3846380314021376,imaginary
2.341186440677966,0.6610169491525424,2.4438104900064834,imaginary
2.341186440677966,0.6864406779661018,2.502964756935562,imaginary
2.341186440677966,0.7118644067796611,2.562099023713789,imaginary
2.341186440677966,0.7372881355932204,2.621211984490882,imaginary
2.341186440677966,0.7627118644067797,2.680302734112321,imaginary
2.341186440677966,0.788135593220339,2.7393706868377397,imaginary
2.341186440677966,0.8135593220338984,2.798415511308543,imaginary
2.341186440677966,0.8389830508474577,2.857437078360924,imaginary
2.341186440677966,0.864406779661017,2.916435419037039,imaginary
2.341186440677966,0.8898305084745763,2.975410690725023,imaginary
2.341186440677966,0.9152542372881356,3.0343631498029118,imaginary
2.341186440677966,0.940677966101695,3.0932931295045774,imaginary
2.341186440677966,0.9661016949152543,3.152201021992074,imaginary
2.341186440677966,0.9915254237288136,3.211087263826616,imaginary
2.341186440677966,1.0169491525423728,3.2699523241929267,imaginary
2.341186440677966,1.0423728813559323,3.3287966953599626,imaginary
2.341186440677966,1.0677966101694916,3.3876208849621294,imaginary
2.341186440677966,1.0932203389830508,3.446425409765304,imaginary
2.341186440677966,1.1186440677966103,3.5052107906461383,imaginary
2.341186440677966,1.1440677966101696,3.5639775485640794,imaginary
2.341186440677966,1.1694915254237288,3.6227262013466355,imaginary
2.341186440677966,1.1949152542372883,3.6814572611414293,imaginary
2.341186440677966,1.2203389830508475,3.7401712324152316,imaginary
2.341186440677966,1.2457627118644068,3.7988686104018274,imaginary
2.341186440677966,1.2711864406779663,3.8575498799179857,imaginary
2.341186440677966,1.2966101694915255,3.916215514481281,imaginary
2.341186440677966,1.3220338983050848,3.97486597567498,imaginary
2.341186440677966,1.3474576271186443,4.033501712714979,imaginary
2.341186440677966,1.3728813559322035,4.092123162181427,imaginary
2.341186440677966,1.3983050847457628,4.150730747884254,imaginary
2.341186440677966,1.4237288135593222,4.209324880837068,imaginary
2.341186440677966,1.4491525423728815,4.267905959318319,imaginary
2.341186440677966,1.4745762711864407,4.32647436900219,imaginary
2.341186440677966,1.5,4.3850304831447655,imaginary
2.391864406779661,0.0,1.0000000000000002,imaginary
2.391864406779661,0.025423728813559324,1.0378648916442452,imaginary
2.391864406779661,0.05084745762711865,1.080527701247082,imaginary
2.391864406779661,0.07627118644067797,1.127181566470858,imaginary
2.391864406779661,0.1016949152542373,1.1770255614314848,imaginary
2.391864406779661,0.1271186440677966,1.2293508361475016,imaginary
2.391864406779661,0.15254237288135594,1.2835732227770056,imaginary
2.391864406779661,0.17796610169491528,1.3392318670557561,imaginary
2.391864406779661,0.2033898305084746,1.3959723456086597,imaginary
2.391864406779661,0.2288135593220339,1.4535257760186402,imaginary
2.391864406779661,0.2542372881355932,1.5116893977608798,imaginary
2.391864406779661,0.2796610169491526,1.5703105085221414,imaginary
2.391864406779661,0.3050847457627119,1.6292739261667721,imaginary
2.391864406779661,0.3305084745762712,1.6884924956802592,imaginary
2.391864406779661,0.35593220338983056,1.7479000112588463,imaginary
2.391864406779661,0.38135593220338987,1.8074459738989999,imaginary
2.391864406779661,0.4067796610169492,1.8670917136406404,imaginary
2.391864406779661,0.4322033898305085,1.9268075157555749,imaginary
2.391864406779661,0.4576271186440678,1.9865704826970032,imaginary
2.391864406779661,0.48305084745762716,2.04636293541361,imaginary
2.391864406779661,0.5084745762711864,2.10617121116681,imaginary
2.391864406779661,0.5338983050847458,2.165984754104354,imaginary
2.391864406779661,0.5593220338983051,2.225795423137225,imaginary
2.391864406779661,0.5847457627118644,2.28559696205494,imaginary
2.391864406779661,0.6101694915254238,2.3453845915052045,imaginary
2.391864406779661,0.6355932203389831,2.4051546930745897,imaginary
2.391864406779661,0.6610169491525424,2.4649045634006836,imaginary
2.391864406779661,0.6864406779661018,2.52463222185188,imaginary
2.391864406779661,0.7118644067796611,2.5843362594177877,imaginary
2.391864406779661,0.7372881355932204,2.644015719479386,imaginary
2.391864406779661,0.7627118644067797,2.7036700033710686,imaginary
2.391864406779661,0.788135593220339,2.7632987953194257,imaginary
2.391864406779661,0.8135593220338984,2.8229020025983593,imaginary
2.391864406779661,0.8389830508474577,2.8824797076868474,imaginary
2.391864406779661,0.864406779661017,2.9420321299341854,imaginary
2.391864406779661,0.8898305084745763,3.0015595947857716,imaginary
2.391864406779661,0.9152542372881356,3.0610625090431616,imaginary
2.391864406779661,0.940677966101695,3.120541340956408,imaginary
2.391864406779661,0.9661016949152543,3.179996604198219,imaginary
2.391864406779661,0.9915254237288136,3.2394288449652158,imaginary
2.391864406779661,1.0169491525423728,3.298838631604642,imaginary
2.391864406779661,1.0423728813559323,3.3582265462854157,imaginary
2.391864406779661,1.0677966101694916,3.417593178327213,imaginary
2.391864406779661,1.0932203389830508,3.47693911887662,imaginary
2.391864406779661,1.1186440677966103,3.5362649566791924,imaginary
2.391864406779661,1.1440677966101696,3.5955712747440094,imaginary
2.391864406779661,1.1694915254237288,3.654858647735625,imaginary
2.391864406779661,1.1949152542372883,3.71412763995898,imaginary
2.391864406779661,1.2203389830508475,3.7733788038276863,imaginary
2.391864406779661,1.2457627118644068,3.832612678726116,imaginary
2.391864406779661,1.2711864406779663,3.89182979019197,imaginary
2.391864406779661,1.2966101694915255,3.951030649359214,imaginary
2.391864406779661,1.3220338983050848,4.010215752612027,imaginary
2.391864406779661,1.3474576271186443,4.069385581409188,imaginary
2.391864406779661,1.3728813559322035,4.128540602245615,imaginary
2.391864406779661,1.3983050847457628,4.1876812667234935,imaginary
2.391864406779661,1.4237288135593222,4.246808011710494,imaginary
2.391864406779661,1.4491525423728815,4.305921259566437,imaginary
2.391864406779661,1.4745762711864407,4.365021418423071,imaginary
2.391864406779661,1.5,4.424108882504451,imaginary
2.442542372881356,0.0,1.0,imaginary
2.442542372881356,0.025423728813559324,1.0391140399911054,imaginary
2.442542372881356,0.05084745762711865,1.0830378203324957,imaginary
2.442542372881356,0.07627118644067797,1.1309142969652497,imaginary
2.442542372881356,0.1016949152542373,1.1819147317297745,imaginary
2.442542372881356,0.1271186440677966,1.2353202845419566,imaginary
2.442542372881356,0.15254237288135594,1.2905478778576285,imaginary
2.442542372881356,0.17796610169491528,1.3471432831395258,imaginary
2.442542372881356,0.2033898305084746,1.404760700283466,imaginary
2.442542372881356,0.2288135593220339,1.4631399640017815,imaginary
2.442542372881356,0.2542372881355932,1.5220862586744235,imaginary
2.442542372881356,0.2796610169491526,1.5814537591467122,imaginary
2.442542372881356,0.3050847457627119,1.6411330766463748,imaginary
2.442542372881356,0.3305084745762712,1.701041868593,imaginary
2.442542372881356,0.35593220338983056,1.7611179013438585,imaginary
2.442542372881356,0.38135593220338987,1.821313948719207,imaginary
2.442542372881356,0.4067796610169492,1.8815940403002729,imaginary
2.442542372881356,0.4322033898305085,1.9419306943940646,imaginary
2.442542372881356,0.4576271186440678,2.002302867872252,imaginary
2.442542372881356,0.48305084745762716,2.062694428724753,imaginary
2.442542372881356,0.5084745762711864,2.1230930111738875,imaginary
2.442542372881356,0.5338983050847458,2.183489152185916,imaginary
2.442542372881356,0.5593220338983051,2.243875636169683,imaginary
2.442542372881356,0.5847457627118644,2.304246994654511,imaginary
2.442542372881356,0.6101694915254238,2.3645991220717026,imaginary
2.442542372881356,0.6355932203389831,2.4249289790683317,imaginary
2.442542372881356,0.6610169491525424,2.4852343622246025,imaginary
2.442542372881356,0.6864406779661018,2.545513724451034,imaginary
2.442542372881356,0.7118644067796611,2.605766034290189,imaginary
2.442542372881356,0.7372881355932204,2.665990665249568,imaginary
2.442542372881356,0.7627118644067797,2.7261873084385644,imaginary
2.442542372881356,0.788135593220339,2.7863559033795715,imaginary
2.442542372881356,0.8135593220338984,2.846496583058983,imaginary
2.442542372881356,0.8389830508474577,2.9066096301847475,imaginary
2.442542372881356,0.864406779661017,2.966695442299256,imaginary
2.442542372881356,0.8898305084745763,3.026754503916414,imaginary
2.442542372881356,0.9152542372881356,3.0867873642497985,imaginary
2.442542372881356,0.940677966101695,3.1467946194055756,imaginary
2.442542372881356,0.9661016949152543,3.2067768981510127,imaginary
2.442542372881356,0.9915254237288136,3.2667348505540343,imaginary
2.442542372881356,1.0169491525423728,3.32666913893335,imaginary
2.442542372881356,1.0423728813559323,3.3865804306717804,imaginary
2.442542372881356,1.0677966101694916,3.4464693925344894,imaginary
2.442542372881356,1.0932203389830508,3.506336686204343,imaginary
2.442542372881356,1.1186440677966103,3.566182964802497,imaginary
2.442542372881356,1.1440677966101696,3.626008870207005,imaginary
2.442542372881356,1.1694915254237288,3.6858150310177686,imaginary
2.442542372881356,1.1949152542372883,3.745602061044868,imaginary
2.442542372881356,1.2203389830508475,3.8053705582202273,imaginary
2.442542372881356,1.2457627118644068,3.865121103851194,imaginary
2.442542372881356,1.2711864406779663,3.92485426214961,imaginary
2.442542372881356,1.2966101694915255,3.984570579982132,imaginary
2.442542372881356,1.3220338983050848,4.044270586797486,imaginary
2.442542372881356,1.3474576271186443,4.1039547946944035,imaginary
2.442542372881356,1.3728813559322035,4.1636236986005954,imaginary
2.442542372881356,1.3983050847457628,4.223277776538435,imaginary
2.442542372881356,1.4237288135593222,4.282917489957602,imaginary
2.442542372881356,1.4491525423728815,4.342543284118387,imaginary
2.442542372881356,1.4745762711864407,4.4021555885124295,imaginary
2.442542372881356,1.5,4.4617548173101325,imaginary
2.493220338983051,0.0,1.0,imaginary
2.493220338983051,0.025423728813559324,1.040343228902777,imaginary
2.493220338983051,0.05084745762711865,1.0854987764027486,imaginary
2.493220338983051,0.07627118644067797,1.1345620555558595,imaginary
2.493220338983051,0.1016949152542373,1.186679623705263,imaginary
2.493220338983051,0.1271186440677966,1.2411251774605305,imaginary
2.493220338983051,0.15254237288135594,1.2973183689115682,imaginary
2.493220338983051,0.17796610169491528,1.3548124706879525,imaginary
2.493220338983051,0.2033898305084746,1.4132706613271235,imaginary
2.493220338983051,0.2288135593220339,1.4724415424320654,imaginary
2.493220338983051,0.2542372881355932,1.5321381351528722,imaginary
2.493220338983051,0.2796610169491526,1.5922213148416595,imaginary
2.493220338983051,0.3050847457627119,1.65258729029693,imaginary
2.493220338983051,0.3305084745762712,1.713158341416576,imaginary
2.493220338983051,0.35593220338983056,1.7738760337444175,imaginary
2.493220338983051,0.38135593220338987,1.8346962616793951,imaginary
2.493220338983051,0.4067796610169492,1.8955856228676564,imaginary
2.493220338983051,0.4322033898305085,1.9565187562963642,imaginary
2.493220338983051,0.4576271186440678,2.017476377752484,imaginary
2.493220338983051,0.48305084745762716,2.0784438212576166,imaginary
2.493220338983051,0.5084745762711864,2.139409949278462,imaginary
2.493220338983051,0.5338983050847458,2.2003663332297227,imaginary
2.493220338983051,0.5593220338983051,2.2613066333229286,imaginary
2.493220338983051,0.5847457627118644,2.3222261263958828,imaginary
2.493220338983051,0.6101694915254238,2.3831213443167414,imaginary
2.493220338983051,0.6355932203389831,2.4439897955506185,imaginary
2.493220338983051,0.6610169491525424,2.504829749669362,imaginary
2.493220338983051,0.6864406779661018,2.565640069792716,imaginary
2.493220338983051,0.7118644067796611,2.6264200817428844,imaginary
2.493220338983051,0.7372881355932204,2.687169471476389,imaginary
2.493220338983051,0.7627118644067797,2.747888204409946,imaginary
2.493220338983051,0.788135593220339,2.808576461781651,imaginary
2.493220338983051,0.8135593220338984,2.8692345903283183,imaginary
2.493220338983051,0.8389830508474577,2.929863062416348,imaginary
2.493220338983051,0.864406779661017,2.9904624444116403,imaginary
2.493220338983051,0.8898305084745763,3.0510333715667475,imaginary
2.493220338983051,0.9152542372881356,3.1115765280806005,imaginary
2.493220338983051,0.940677966101695,3.1720926312757327,imaginary
2.493220338983051,0.9661016949152543,3.232582419062016,imaginary
2.493220338983051,0.9915254237288136,3.2930466400296425,imaginary
2.493220338983051,1.0169491525423728,3.3534860456497584,imaginary
2.493220338983051,1.0423728813559323,3.4139013841672683,imaginary
2.493220338983051,1.0677966101694916,3.4742933958540063,imaginary
2.493220338983051,1.0932203389830508,3.5346628093562664,imaginary
2.493220338983051,1.1186440677966103,3.5950103389231205,imaginary
2.493220338983051,1.1440677966101696,3.6553366823434543,imaginary
2.493220338983051,1.1694915254237288,3.715642519452884,imaginary
2.493220338983051,1.1949152542372883,3.775928511098258,imaginary
2.493220338983051,1.2203389830508475,3.836195298468799,imaginary
2.493220338983051,1.2457627118644068,3.896443502720154,imaginary
2.493220338983051,1.2711864406779663,3.956673724831359,imaginary
2.493220338983051,1.2966101694915255,4.016886545646193,imaginary
2.493220338983051,1.3220338983050848,4.077082526059153,imaginary
2.493220338983051,1.3474576271186443,4.137262207314027,imaginary
2.493220338983051,1.3728813559322035,4.19742611138878,imaginary
2.493220338983051,1.3983050847457628,4.25757474144559,imaginary
2.493220338983051,1.4237288135593222,4.317708582328712,imaginary
2.493220338983051,1.4491525423728815,4.3778281010962115,imaginary
2.493220338983051,1.4745762711864407,4.437933747574336,imaginary
2.493220338983051,1.5,4.498025954925343,imaginary
2.543898305084746,0.0,1.0,imaginary
2.543898305084746,0.025423728813559324,1.041551677486067,imaginary
2.543898305084746,0.05084745762711865,1.0879095509213517,imaginary
2.543898305084746,0.07627118644067797,1.1381242637614502,imaginary
2.543898305084746,0.1016949152542373,1.191320697892071,imaginary
2.543898305084746,0.1271186440677966,1.2467674313172912,imaginary
2.543898305084746,0.15254237288135594,1.3038883001793637,imaginary
2.543898305084746,0.17796610169491528,1.3622448123463962,imaginary
2.543898305084746,0.2033898305084746,1.4215093889973207,imaginary
2.543898305084746,0.2288135593220339,1.4814393968224584,imaginary
2.543898305084746,0.2542372881355932,1.5418555608909363,imaginary
2.543898305084746,0.2796610169491526,1.6026252720228173,imaginary
2.543898305084746,0.3050847457627119,1.6636501415312683,imaginary
2.543898305084746,0.3305084745762712,1.72485688719533,imaginary
2.543898305084746,0.35593220338983056,1.7861907081102653,imaginary
2.543898305084746,0.38135593220338987,1.8476104748613462,imaginary
2.543898305084746,0.4067796610169492,1.9090852292850224,imaginary
2.543898305084746,0.4322033898305085,1.9705916256850216,imaginary
2.543898305084746,0.4576271186440678,2.0321120495072043,imaginary
2.543898305084746,0.48305084745762716,2.0936332252824257,imaginary
2.543898305084746,0.5084745762711864,2.155145179776901,imaginary
2.543898305084746,0.5338983050847458,2.216640464609679,imaginary
2.543898305084746,0.5593220338983051,2.2781135696572843,imaginary
2.543898305084746,0.5847457627118644,2.3395604776990995,imaginary
2.543898305084746,0.6101694915254238,2.400978324333933,imaginary
2.543898305084746,0.6355932203389831,2.4623651368805124,imaginary
2.543898305084746,0.6610169491525424,2.523719632920287,imaginary
2.543898305084746,0.6864406779661018,2.5850410641547743,imaginary
2.543898305084746,0.7118644067796611,2.646329094893489,imaginary
2.543898305084746,0.7372881355932204,2.7075837071539763,imaginary
2.543898305084746,0.7627118644067797,2.7688051263183997,imaginary
2.543898305084746,0.788135593220339,2.829993762746257,imaginary
2.543898305084746,0.8135593220338984,2.8911501658282175,imaginary
2.543898305084746,0.8389830508474577,2.952274987780781,imaginary
2.543898305084746,0.864406779661017,3.0133689550966825,imaginary
2.543898305084746,0.8898305084745763,3.074432846033138,imaginary
2.543898305084746,0.9152542372881356,3.135467472876695,imaginary
2.543898305084746,0.940677966101695,3.19647366799736,imaginary
2.543898305084746,0.9661016949152543,3.257452272915812,imaginary
2.543898305084746,0.9915254237288136,3.3184041297713303,imaginary
2.543898305084746,1.0169491525423728,3.379330074705493,imaginary
2.543898305084746,1.0423728813559323,3.440230932776433,imaginary
2.543898305084746,1.0677966101694916,3.5011075140967187,imaginary
2.543898305084746,1.0932203389830508,3.5619606109495923,imaginary
2.543898305084746,1.1186440677966103,3.622790995687239,imaginary
2.543898305084746,1.1440677966101696,3.683599419253317,imaginary
2.543898305084746,1.1694915254237288,3.744386610203066,imaginary
2.543898305084746,1.1949152542372883,3.805153274118764,imaginary
2.543898305084746,1.2203389830508475,3.865900093338234,imaginary
2.543898305084746,1.2457627118644068,3.9266277269298264,imaginary
2.543898305084746,1.2711864406779663,3.987336810860163,imaginary
2.543898305084746,1.2966101694915255,4.0480279583112,imaginary
2.543898305084746,1.3220338983050848,4.108701760111526,imaginary
2.543898305084746,1.3474576271186443,4.169358785253526,imaginary
2.543898305084746,1.3728813559322035,4.2299995814735905,imaginary
2.543898305084746,1.3983050847457628,4.290624675876912,imaginary
2.543898305084746,1.4237288135593222,4.3512345755920725,imaginary
2.543898305084746,1.4491525423728815,4.411829768443662,imaginary
2.543898305084746,1.4745762711864407,4.47241072363335,imaginary
2.543898305084746,1.5,4.532977892422069,imaginary
2.594576271186441,0.0,1.0,imaginary
2.594576271186441,0.025423728813559324,1.042738746185147,imaginary
2.594576271186441,0.05084745762711865,1.09026941183252,imaginary
2.594576271186441,0.07627118644067797,1.1416007389275031,imaginary
2.594576271186441,0.1016949152542373,1.1958388627395309,imaginary
2.594576271186441,0.1271186440677966,1.252249405875618,imaginary
2.594576271186441,0.15254237288135594,1.3102616710248716,imaginary
2.594576271186441,0.17796610169491528,1.3694460095620595,imaginary
2.594576271186441,0.2033898305084746,1.4294842709746487,imaginary
2.594576271186441,0.2288135593220339,1.490142542854288,imaginary
2.594576271186441,0.2542372881355932,1.551249102386636,imaginary
2.594576271186441,0.2796610169491526,1.6126776657040194,imaginary
2.594576271186441,0.3050847457627119,1.674335053944014,imaginary
2.594576271186441,0.3305084745762712,1.7361522441523938,imaginary
2.594576271186441,0.35593220338983056,1.7980779107255072,imaginary
2.594576271186441,0.38135593220338987,1.8600737636309324,imaginary
2.594576271186441,0.4067796610169492,1.9221111722107385,imaginary
2.594576271186441,0.4322033898305085,1.98416870724799,imaginary
2.594576271186441,0.4576271186440678,2.0462303403716287,imaginary
2.594576271186441,0.48305084745762716,2.10828411614622,imaginary
2.594576271186441,0.5084745762711864,2.1703211660623754,imaginary
2.594576271186441,0.5338983050847458,2.232334971465815,imaginary
2.594576271186441,0.5593220338983051,2.294320809000237,imaginary
2.594576271186441,0.5847457627118644,2.3562753308056785,imaginary
2.594576271186441,0.6101694915254238,2.418196244902938,imaginary
2.594576271186441,0.6355932203389831,2.4800820705664948,imaginary
2.594576271186441,0.6610169491525424,2.541931950190244,imaginary
2.594576271186441,0.6864406779661018,2.6037455039754835,imaginary
2.594576271186441,0.7118644067796611,2.665522717268394,imaginary
2.594576271186441,0.7372881355932204,2.727263852927568,imaginary
2.594576271186441,0.7627118644067797,2.7889693829785887,imaginary
2.594576271186441,0.788135593220339,2.8506399352010203,imaginary
2.594576271186441,0.8135593220338984,2.9122762513270564,imaginary
2.594576271186441,0.8389830508474577,2.9738791543055876,imaginary
2.594576271186441,0.864406779661017,3.035449522669563,imaginary
2.594576271186441,0.8898305084745763,3.0969882704871217,imaginary
2.594576271186441,0.9152542372881356,3.1584963317145096,imaginary
2.594576271186441,0.940677966101695,3.2199746480275238,imaginary
2.594576271186441,0.9661016949152543,3.2814241594072513,imaginary
2.594576271186441,0.9915254237288136,3.3428457969101886,imaginary
2.594576271186441,1.0169491525423728,3.404240477172557,imaginary
2.594576271186441,1.0423728813559323,3.4656090982921626,imaginary
2.594576271186441,1.0677966101694916,3.526952536804502,imaginary
2.594576271186441,1.0932203389830508,3.588271645527416,imaginary
2.594576271186441,1.1186440677966103,3.649567252094236,imaginary
2.594576271186441,1.1440677966101696,3.7108401580313095,imaginary
2.594576271186441,1.1694915254237288,3.7720911382645785,imaginary
2.594576271186441,1.1949152542372883,3.833320940962652,imaginary
2.594576271186441,1.2203389830508475,3.894530287642089,imaginary
2.594576271186441,1.2457627118644068,3.955719873475259,imaginary
2.594576271186441,1.2711864406779663,4.016890367752856,imaginary
2.594576271186441,1.2966101694915255,4.078042414462605,imaginary
2.594576271186441,1.3220338983050848,4.13917663295329,imaginary
2.594576271186441,1.3474576271186443,4.200293618659435,imaginary
2.594576271186441,1.3728813559322035,4.26139394386686,imaginary
2.594576271186441,1.3983050847457628,4.322478158503437,imaginary
2.594576271186441,1.4237288135593222,4.383546790942506,imaginary
2.594576271186441,1.4491525423728815,4.444600348809239,imaginary
2.594576271186441,1.4745762711864407,4.505639319782115,imaginary
2.594576271186441,1.5,4.56666417238368,imaginary
2.645254237288136,0.0,1.0,imaginary
2.645254237288136,0.025423728813559324,1.043903924617495,imaginary
2.645254237288136,0.05084745762711865,1.0925778831173172,imaginary
2.645254237288136,0.07627118644067797,1.1449916435369314,imaginary
2.645254237288136,0.1016949152542373,1.2002354067479102,imaginary
2.645254237288136,0.1271186440677966,1.2575738251037938,imaginary
2.645254237288136,0.15254237288135594,1.3164427916627168,imaginary
2.645254237288136,0.17796610169491528,1.3764219981437034,imaginary
2.645254237288136,0.2033898305084746,1.437202841148895,imaginary
2.645254237288136,0.2288135593220339,1.4985600504088596,imaginary
2.645254237288136,0.2542372881355932,1.5603292892228966,imaginary
2.645254237288136,0.2796610169491526,1.6223904063611656,imaginary
2.645254237288136,0.3050847457627119,1.684655243680293,imaginary
2.645254237288136,0.3305084745762712,1.747058865255411,imaginary
2.645254237288136,0.35593220338983056,1.8095532698502652,imaginary
2.645254237288136,0.38135593220338987,1.8721028772925425,imaginary
2.645254237288136,0.4067796610169492,1.9346812745227675,imaginary
2.645254237288136,0.4322033898305085,1.9972688560495084,imaginary
2.645254237288136,0.4576271186440678,2.059851101556644,imaginary
2.645254237288136,0.48305084745762716,2.1224173098111,imaginary
2.645254237288136,0.5084745762711864,2.184959661458497,imaginary
2.645254237288136,0.5338983050847458,2.247472520536556,imaginary
2.645254237288136,0.5593220338983051,2.3099519105138935,imaginary
2.645254237288136,0.5847457627118644,2.372395118847905,imaginary
2.645254237288136,0.6101694915254238,2.4348003968541736,imaginary
2.645254237288136,0.6355932203389831,2.497166730743787,imaginary
2.645254237288136,0.6610169491525424,2.5594936661477985,imaginary
2.645254237288136,0.6864406779661018,2.6217811730890643,imaginary
2.645254237288136,0.7118644067796611,2.684029541718231,imaginary
2.645254237288136,0.7372881355932204,2.7462393015756636,imaginary
2.645254237288136,0.7627118644067797,2.808411158934425,imaginary
2.645254237288136,0.788135593220339,2.8705459481038695,imaginary
2.645254237288136,0.8135593220338984,2.932644593557733,imaginary
2.645254237288136,0.8389830508474577,2.994708080487154,imaginary
2.645254237288136,0.864406779661017,3.0567374319330565,imaginary
2.645254237288136,0.8898305084745763,3.1187336910719523,imaginary
2.645254237288136,0.9152542372881356,3.180697907548222,imaginary
2.645254237288136,0.940677966101695,3.242631126990457,imaginary
2.645254237288136,0.9661016949152543,3.30453438303685,imaginary
2.645254237288136,0.9915254237288136,3.3664086913400078,imaginary
2.645254237288136,1.0169491525423728,3.428255045133903,imaginary
2.645254237288136,1.0423728813559323,3.490074412033352,imaginary
2.645254237288136,1.0677966101694916,3.551867731805179,imaginary
2.645254237288136,1.0932203389830508,3.6136359149038544,imaginary
2.645254237288136,1.1186440677966103,3.675379841606975,imaginary
2.645254237288136,1.1440677966101696,3.737100361619414,imaginary
2.645254237288136,1.1694915254237288,3.798798294041592,imaginary
2.645254237288136,1.1949152542372883,3.8604744276183935,imaginary
2.645254237288136,1.2203389830508475,3.922129521202171,imaginary
2.645254237288136,1.2457627118644068,3.983764304376636,imaginary
2.645254237288136,1.2711864406779663,4.045379478199319,imaginary
2.645254237288136,1.2966101694915255,4.106975716028737,imaginary
2.645254237288136,1.3220338983050848,4.168553664409525,imaginary
2.645254237288136,1.3474576271186443,4.230113943994271,imaginary
2.645254237288136,1.3728813559322035,4.291657150485196,imaginary
2.645254237288136,1.3983050847457628,4.353183855582597,imaginary
2.645254237288136,1.4237288135593222,4.414694607929785,imaginary
2.645254237288136,1.4491525423728815,4.47618993404652,imaginary
2.645254237288136,1.4745762711864407,4.5376703392450235,imaginary
2.645254237288136,1.5,4.599136308523981,imaginary
2.6959322033898308,0.0,1.0,imaginary
2.6959322033898308,0.025423728813559324,1.0450468199162248,imaginary
2.6959322033898308,0.05084745762711865,1.0948347163959444,imaginary
2.6959322033898308,0.07627118644067797,1.1482974391002754,imaginary
2.6959322033898308,0.1016949152542373,1.204511938051814,imaginary
2.6959322033898308,0.1271186440677966,1.2627437079789552,imaginary
2.6959322033898308,0.15254237288135594,1.3224362106003935,imaginary
2.6959322033898308,0.17796610169491528,1.383178876532212,imaginary
2.6959322033898308,0.2033898305084746,1.4446727114828979,imaginary
2.6959322033898308,0.2288135593220339,1.5067009806002811,imaginary
2.6959322033898308,0.2542372881355932,1.5691065569972855,imaginary
2.6959322033898308,0.2796610169491526,1.6317752289399863,imaginary
2.6959322033898308,0.3050847457627119,1.6946236743780632,imaginary
2.6959322033898308,0.3305084745762712,1.7575908787746657,imaginary
2.6959322033898308,0.35593220338983056,1.8206320214948157,imaginary
2.6959322033898308,0.38135593220338987,1.8837141096549226,imaginary
2.6959322033898308,0.4067796610169492,1.9468128442596278,imaginary
2.6959322033898308,0.4322033898305085,2.0099103564542395,imaginary
2.6959322033898308,0.4576271186440678,2.0729935607966286,imaginary
2.6959322033898308,0.48305084745762716,2.1360529487011477,imaginary
2.6959322033898308,0.5084745762711864,2.1990816980751093,imaginary
2.6959322033898308,0.5338983050847458,2.2620750117654334,imaginary
2.6959322033898308,0.5593220338983051,2.325029622824114,imaginary
2.6959322033898308,0.5847457627118644,2.387943422298356,imaginary
2.6959322033898308,0.6101694915254238,2.45081517766008,imaginary
2.6959322033898308,0.6355932203389831,2.513644318749517,imaginary
2.6959322033898308,0.6610169491525424,2.5764307743365307,imaginary
2.6959322033898308,0.6864406779661018,2.639174846865308,imaginary
2.6959322033898308,0.7118644067796611,2.7018771161678656,imaginary
2.6959322033898308,0.7372881355932204,2.7645383652725513,imaginary
2.6959322033898308,0.7627118644067797,2.827159523147045,imaginary
2.6959322033898308,0.788135593220339,2.889741620478571,imaginary
2.6959322033898308,0.8135593220338984,2.9522857555311446,imaginary
2.6959322033898308,0.8389830508474577,3.0147930678195727,imaginary
2.6959322033898308,0.864406779661017,3.0772647178656656,imaginary
2.6959322033898308,0.8898305084745763,3.1397018716993843,imaginary
2.6959322033898308,0.9152542372881356,3.202105689069523,imaginary
2.6959322033898308,0.940677966101695,3.2644773145589374,imaginary
2.6959322033898308,0.9661016949152543,3.3268178709763276,imaginary
2.6959322033898308,0.9915254237288136,3.389128454532965,imaginary
2.6959322033898308,1.0169491525423728,3.451410131418313,imaginary
2.6959322033898308,1.0423728813559323,3.513663935470729,imaginary
2.6959322033898308,1.0677966101694916,3.57589086670349,imaginary
2.6959322033898308,1.0932203389830508,3.6380918904965807,imaginary
2.6959322033898308,1.1186440677966103,3.7002679373042597,imaginary
2.6959322033898308,1.1440677966101696,3.762419902759429,imaginary
2.6959322033898308,1.1694915254237288,3.8245486480804973,imaginary
2.6959322033898308,1.1949152542372883,3.88665500070595,imaginary
2.6959322033898308,1.2203389830508475,3.948739755097241,imaginary
2.6959322033898308,1.2457627118644068,4.010803673663112,imaginary
2.6959322033898308,1.2711864406779663,4.072847487768078,imaginary
2.6959322033898308,1.2966101694915255,4.134871898795885,imaginary
2.6959322033898308,1.3220338983050848,4.196877579244874,imaginary
2.6959322033898308,1.3474576271186443,4.2588651738372505,imaginary
2.6959322033898308,1.3728813559322035,4.32083530062833,imaginary
2.6959322033898308,1.3983050847457628,4.382788552105012,imaginary
2.6959322033898308,1.4237288135593222,4.4447254962652805,imaginary
2.6959322033898308,1.4491525423728815,4.506646677672656,imaginary
2.6959322033898308,1.4745762711864407,4.568552618481152,imaginary
2.6959322033898308,1.5,4.63044381942755,imaginary
2.7466101694915257,0.0,1.0,imaginary
2.7466101694915257,0.025423728813559324,1.046167145646469,imaginary
2.7466101694915257,0.05084745762711865,1.0970398646100354,imaginary
2.7466101694915257,0.07627118644067797,1.1515188444295048,imaginary
2.7466101694915257,0.1016949152542373,1.2086703308631936,imaginary
2.7466101694915257,0.1271186440677966,1.2677623082147502,imaginary
2.7466101694915257,0.15254237288135594,1.328246652393329,imaginary
2.7466101694915257,0.17796610169491528,1.389722845110687,imaginary
2.7466101694915257,0.2033898305084746,1.4519015151222514,imaginary
2.7466101694915257,0.2288135593220339,1.5145743339064106,imaginary
2.7466101694915257,0.2542372881355932,1.5775912009886923,imaginary
2.7466101694915257,0.2796610169491526,1.6408436521288232,imaginary
2.7466101694915257,0.3050847457627119,1.7042530218611986,imaginary
2.7466101694915257,0.3305084745762712,1.767762058077858,imaginary
2.7466101694915257,0.35593220338983056,1.8313289839409215,imaginary
2.7466101694915257,0.38135593220338987,1.8949232778923077,imaginary
2.7466101694915257,0.4067796610169492,1.9585226574477008,imaginary
2.7466101694915257,0.4322033898305085,2.022110908572884,imaginary
2.7466101694915257,0.4576271186440678,2.0856763120965462,imaginary
2.7466101694915257,0.48305084745762716,2.1492104944663453,imaginary
2.7466101694915257,0.5084745762711864,2.2127075823354274,imaginary
2.7466101694915257,0.5338983050847458,2.276163576366611,imaginary
2.7466101694915257,0.5593220338983051,2.339575884425665,imaginary
2.7466101694915257,0.5847457627118644,2.4029429715391624,imaginary
2.7466101694915257,0.6101694915254238,2.4662640960135747,imaginary
2.7466101694915257,0.6355932203389831,2.529539109573425,imaginary
2.7466101694915257,0.6610169491525424,2.59276830537688,imaginary
2.7466101694915257,0.6864406779661018,2.6559523020552285,imaginary
2.7466101694915257,0.7118644067796611,2.7190919550106303,imaginary
2.7466101694915257,0.7372881355932204,2.782188288446446,imaginary
2.7466101694915257,0.7627118644067797,2.8452424432412786,imaginary
2.7466101694915257,0.788135593220339,2.908255636982142,imaginary
2.7466101694915257,0.8135593220338984,2.971229133364136,imaginary
2.7466101694915257,0.8389830508474577,3.034164218829008,imaginary
2.7466101694915257,0.864406779661017,3.097062184813636,imaginary
2.7466101694915257,0.8898305084745763,3.159924314355489,imaginary
2.7466101694915257,0.9152542372881356,3.2227518720875548,imaginary
2.7466101694915257,0.940677966101695,3.2855460968725074,imaginary
2.7466101694915257,0.9661016949152543,3.3483081964925816,imaginary
2.7466101694915257,0.9915254237288136,3.4110393439397435,imaginary
2.7466101694915257,1.0169491525423728,3.473740674949791,imaginary
2.7466101694915257,1.0423728813559323,3.5364132865009794,imaginary
2.7466101694915257,1.0677966101694916,3.5990582360574823,imaginary
2.7466101694915257,1.0932203389830508,3.661676541384935,imaginary
2.7466101694915257,1.1186440677966103,3.724269180801833,imaginary
2.7466101694915257,1.1440677966101696,3.7868370937595133,imaginary
2.7466101694915257,1.1694915254237288,3.849381181666131,imaginary
2.7466101694915257,1.1949152542372883,3.9119023088879628,imaginary
2.7466101694915257,1.2203389830508475,3.9744013038756614,imaginary
2.7466101694915257,1.2457627118644068,4.036878960374318,imaginary
2.7466101694915257,1.2711864406779663,4.099336038685148,imaginary
2.7466101694915257,1.2966101694915255,4.16177326695375,imaginary
2.7466101694915257,1.3220338983050848,4.2241913424655575,imaginary
2.7466101694915257,1.3474576271186443,4.286590932933566,imaginary
2.7466101694915257,1.3728813559322035,4.348972677767093,imaginary
2.7466101694915257,1.3983050847457628,4.411337189313067,imaginary
2.7466101694915257,1.4237288135593222,4.4736850540637265,imaginary
2.7466101694915257,1.4491525423728815,4.536016833826303,imaginary
2.7466101694915257,1.4745762711864407,4.598333066851738,imaginary
2.7466101694915257,1.5,4.660634268920611,imaginary
2.7972881355932206,0.0,1.0,imaginary
2.7972881355932206,0.025423728813559324,1.047264711340485,imaginary
2.7972881355932206,0.05084745762711865,1.0991934577724267,imaginary
2.7972881355932206,0.07627118644067797,1.1546567980560887,imaginary
2.7972881355932206,0.1016949152542373,1.2127126781842434,imaginary
2.7972881355932206,0.1271186440677966,1.2726330619543818,imaginary
2.7972881355932206,0.15254237288135594,1.333878964449731,imaginary
2.7972881355932206,0.17796610169491528,1.3960601550817873,imaginary
2.7972881355932206,0.2033898305084746,1.4588968591611293,imaginary
2.7972881355932206,0.2288135593220339,1.5221890077624327,imaginary
2.7972881355932206,0.2542372881355932,1.5857933389291443,imaginary
2.7972881355932206,0.2796610169491526,1.6496069462989817,imaginary
2.7972881355932206,0.3050847457627119,1.7135556470371143,imaginary
2.7972881355932206,0.3305084745762712,1.7775857991740438,imaginary
2.7972881355932206,0.35593220338983056,1.8416585395831773,imaginary
2.7972881355932206,0.38135593220338987,1.90574570833177,imaginary
2.7972881355932206,0.4067796610169492,1.969826947499847,imaginary
2.7972881355932206,0.4322033898305085,2.0338876209631724,imaginary
2.7972881355932206,0.4576271186440678,2.0979173114557272,imaginary
2.7972881355932206,0.48305084745762716,2.161908726479005,imaginary
2.7972881355932206,0.5084745762711864,2.225856896022985,imaginary
2.7972881355932206,0.5338983050847458,2.2897585802258855,imaginary
2.7972881355932206,0.5593220338983051,2.353611829263892,imaginary
2.7972881355932206,0.5847457627118644,2.4174156544714296,imaginary
2.7972881355932206,0.6101694915254238,2.48116978133028,imaginary
2.7972881355932206,0.6355932203389831,2.544874463133801,imaginary
2.7972881355932206,0.6610169491525424,2.608530339910439,imaginary
2.7972881355932206,0.6864406779661018,2.672138331310449,imaginary
2.7972881355932206,0.7118644067796611,2.735699555119956,imaginary
2.7972881355932206,0.7372881355932204,2.7992152652096896,imaginary
2.7972881355932206,0.7627118644067797,2.8626868042888347,imaginary
2.7972881355932206,0.788135593220339,2.92611556798232,imaginary
2.7972881355932206,0.8135593220338984,2.9895029775987405,imaginary
2.7972881355932206,0.8389830508474577,3.052850459587553,imaginary
2.7972881355932206,0.864406779661017,3.1161594301570807,imaginary
2.7972881355932206,0.8898305084745763,3.1794312838807577,imaginary
2.7972881355932206,0.9152542372881356,3.24266738538852,imaginary
2.7972881355932206,0.940677966101695,3.3058690634453196,imaginary
2.7972881355932206,0.9661016949152543,3.3690376068753847,imaginary
2.7972881355932206,0.9915254237288136,3.4321742619113356,imaginary
2.7972881355932206,1.0169491525423728,3.495280230639931,imaginary
2.7972881355932206,1.0423728813559323,3.558356670288218,imaginary
2.7972881355932206,1.0677966101694916,3.6214046931495503,imaginary
2.7972881355932206,1.0932203389830508,3.6844253669925706,imaginary
2.7972881355932206,1.1186440677966103,3.7474197158301377,imaginary
2.7972881355932206,1.1440677966101696,3.810388720951966,imaginary
2.7972881355932206,1.1694915254237288,3.873333322145579,imaginary
2.7972881355932206,1.1949152542372883,3.936254419046765,imaginary
2.7972881355932206,1.2203389830508475,3.9991528725736893,imaginary
2.7972881355932206,1.2457627118644068,4.0620295064090515,imaginary
2.7972881355932206,1.2711864406779663,4.124885108502897,imaginary
2.7972881355932206,1.2966101694915255,4.187720432575007,imaginary
2.7972881355932206,1.3220338983050848,4.250536199600957,imaginary
2.7972881355932206,1.3474576271186443,4.313333099269866,imaginary
2.7972881355932206,1.3728813559322035,4.376111791405134,imaginary
2.7972881355932206,1.3983050847457628,4.438872907341863,imaginary
2.7972881355932206,1.4237288135593222,4.501617051256733,imaginary
2.7972881355932206,1.4491525423728815,4.564344801447518,imaginary
2.7972881355932206,1.4745762711864407,4.627056711560753,imaginary
2.7972881355932206,1.5,4.689753311766935,imaginary
2.847966101694915,0.0,1.0,imaginary
2.847966101694915,0.025423728813559324,1.0483394126771688,imaginary
2.847966101694915,0.05084745762711865,1.1012957807367303,imaginary
2.847966101694915,0.07627118644067797,1.1577124245274886,imaginary
2.847966101694915,0.1016949152542373,1.2166412502144552,imaginary
2.847966101694915,0.1271186440677966,1.2773595425437931,imaginary
2.847966101694915,0.15254237288135594,1.3393380717544054,imaginary
2.847966101694915,0.17796610169491528,1.402197065620121,imaginary
2.847966101694915,0.2033898305084746,1.4656662856869507,imaginary
2.847966101694915,0.2288135593220339,1.5295537622123174,imaginary
2.847966101694915,0.2542372881355932,1.5937228814871751,imaginary
2.847966101694915,0.2796610169491526,1.6580761087534208,imaginary
2.847966101694915,0.3050847457627119,1.7225435756862377,imaginary
2.847966101694915,0.3305084745762712,1.7870751047453393,imaginary
2.847966101694915,0.35593220338983056,1.851634622880391,imaginary
2.847966101694915,0.38135593220338987,1.91619622800581,imaginary
2.847966101694915,0.4067796610169492,1.9807414000694126,imaginary
2.847966101694915,0.4322033898305085,2.0452570085108004,imaginary
2.847966101694915,0.4576271186440678,2.1097338775285803,imaginary
2.847966101694915,0.48305084745762716,2.174165745054094,imaginary
2.847966101694915,0.5084745762711864,2.2385485018665205,imaginary
2.847966101694915,0.5338983050847458,2.3028796316779947,imaginary
2.847966101694915,0.5593220338983051,2.367157796552723,imaginary
2.847966101694915,0.5847457627118644,2.4313825282402712,imaginary
2.847966101694915,0.6101694915254238,2.495553997262805,imaginary
2.847966101694915,0.6355932203389831,2.559672839476995,imaginary
2.847966101694915,0.6610169491525424,2.623740025392808,imaginary
2.847966101694915,0.6864406779661018,2.6877567614879583,imaginary
2.847966101694915,0.7118644067796611,2.7517244155938116,imaginary
2.847966101694915,0.7372881355932204,2.8156444604786244,imaginary
2.847966101694915,0.7627118644067797,2.879518431246246,imaginary
2.847966101694915,0.788135593220339,2.943347893262415,imaginary
2.847966101694915,0.8135593220338984,3.0071344181281088,imaginary
2.847966101694915,0.8389830508474577,3.070879565819043,imaginary
2.847966101694915,0.864406779661017,3.134584871558626,imaginary
2.847966101694915,0.8898305084745763,3.19825183632821,imaginary
2.847966101694915,0.9152542372881356,3.261881920173032,imaginary
2.847966101694915,0.940677966101695,3.325476537655348,imaginary
2.847966101694915,0.9661016949152543,3.389037054953656,imaginary
2.847966101694915,0.9915254237288136,3.452564788219796,imaginary
2.847966101694915,1.0169491525423728,3.5160610028926067,imaginary
2.847966101694915,1.0423728813559323,3.5795269137338512,imaginary
2.847966101694915,1.0677966101694916,3.6429636854042173,imaginary
2.847966101694915,1.0932203389830508,3.7063724334374175,imaginary
2.847966101694915,1.1186440677966103,3.7697542255020435,imaginary
2.847966101694915,1.1440677966101696,3.833110082865371,imaginary
2.847966101694915,1.1694915254237288,3.89644098199253,imaginary
2.847966101694915,1.1949152542372883,3.9597478562296278,imaginary
2.847966101694915,1.2203389830508475,4.023031597531213,imaginary
2.847966101694915,1.2457627118644068,4.086293058201783,imaginary
2.847966101694915,1.2711864406779663,4.149533052628406,imaginary
2.847966101694915,1.2966101694915255,4.2127523589872595,imaginary
2.847966101694915,1.3220338983050848,4.275951720911396,imaginary
2.847966101694915,1.3474576271186443,4.339131849110649,imaginary
2.847966101694915,1.3728813559322035,4.4022934229372845,imaginary
2.847966101694915,1.3983050847457628,4.465437091893286,imaginary
2.847966101694915,1.4237288135593222,4.528563477076751,imaginary
2.847966101694915,1.4491525423728815,4.59167317256621,imaginary
2.847966101694915,1.4745762711864407,4.654766746742694,imaginary
2.847966101694915,1.5,4.71784474355014,imaginary
2.89864406779661,0.0,1.0,imaginary
2.89864406779661,0.025423728813559324,1.0493912223163109,imaginary
2.89864406779661,0.05084745762711865,1.1033472529132524,imaginary
2.89864406779661,0.07627118644067797,1.1606870043029291,imaginary
2.89864406779661,0.1016949152542373,1.2204584579009794,imaginary
2.89864406779661,0.1271186440677966,1.281945421575297,imaginary
2.89864406779661,0.15254237288135594,1.3446289385045869,imaginary
2.89864406779661,0.17796610169491528,1.4081398081687835,imaginary
2.89864406779661,0.2033898305084746,1.4722172399122866,imaginary
2.89864406779661,0.2288135593220339,1.5366771924122329,imaginary
2.89864406779661,0.2542372881355932,1.6013895092724901,imaginary
2.89864406779661,0.2796610169491526,1.6662618451266942,imaginary
2.89864406779661,0.3050847457627119,1.7312284840279368,imaginary
2.89864406779661,0.3305084745762712,1.796242573595639,imaginary
2.89864406779661,0.35593220338983056,1.861270713390312,imaginary
2.89864406779661,0.38135593220338987,1.926289160984871,imaginary
2.89864406779661,0.4067796610169492,1.9912811524120018,imaginary
2.89864406779661,0.4322033898305085,2.0562349945763136,imaginary
2.89864406779661,0.4576271186440678,2.1211426963378446,imaginary
2.89864406779661,0.48305084745762716,2.1859989785345224,imaginary
2.89864406779661,0.5084745762711864,2.2508005528256687,imaginary
2.89864406779661,0.5338983050847458,2.315545592841481,imaginary
2.89864406779661,0.5593220338983051,2.3802333440255974,imaginary
2.89864406779661,0.5847457627118644,2.444863834284662,imaginary
2.89864406779661,0.6101694915254238,2.509437658446284,imaginary
2.89864406779661,0.6355932203389831,2.5739558171276076,imaginary
2.89864406779661,0.6610169491525424,2.6384195959679406,imaginary
2.89864406779661,0.6864406779661018,2.7028304749773597,imaginary
2.89864406779661,0.7118644067796611,2.767190060471596,imaginary
2.89864406779661,0.7372881355932204,2.831500034023832,imaginary
2.89864406779661,0.7627118644067797,2.895762114288352,imaginary
2.89864406779661,0.788135593220339,2.959978028593166,imaginary
2.89864406779661,0.8135593220338984,3.024149491966513,imaginary
2.89864406779661,0.8389830508474577,3.0882781918311726,imaginary
2.89864406779661,0.864406779661017,3.1523657770251368,imaginary
2.89864406779661,0.8898305084745763,3.21641385012543,imaginary
2.89864406779661,0.9152542372881356,3.2804239622919407,imaginary
2.89864406779661,0.940677966101695,3.3443976100300445,imaginary
2.89864406779661,0.9661016949152543,3.4083362334091287,imaginary
2.89864406779661,0.9915254237288136,3.4722412153800652,imaginary
2.89864406779661,1.0169491525423728,3.536113881915831,imaginary
2.89864406779661,1.0423728813559323,3.599955502761963,imaginary
2.89864406779661,1.0677966101694916,3.663767292631966,imaginary
2.89864406779661,1.0932203389830508,3.7275504127200816,imaginary
2.89864406779661,1.1186440677966103,3.7913059724330376,imaginary
2.89864406779661,1.1440677966101696,3.855035031264891,imaginary
2.89864406779661,1.1694915254237288,3.91873860075687,imaginary
2.89864406779661,1.1949152542372883,3.9824176464976877,imaginary
2.89864406779661,1.2203389830508475,4.046073090130803,imaginary
2.89864406779661,1.2457627118644068,4.109705811343314,imaginary
2.89864406779661,1.2711864406779663,4.173316649817809,imaginary
2.89864406779661,1.2966101694915255,4.236906407133681,imaginary
2.89864406779661,1.3220338983050848,4.300475848608292,imaginary
2.89864406779661,1.3474576271186443,4.364025705071597,imaginary
2.89864406779661,1.3728813559322035,4.427556674570147,imaginary
2.89864406779661,1.3983050847457628,4.491069423998319,imaginary
2.89864406779661,1.4237288135593222,4.554564590655943,imaginary
2.89864406779661,1.4491525423728815,4.618042783732698,imaginary
2.89864406779661,1.4745762711864407,4.681504585720337,imaginary
2.89864406779661,1.5,4.74495055375443,imaginary
2.949322033898305,0.0,0.9999999999999998,imaginary
2.949322033898305,0.025423728813559324,1.0504201813856548,imaginary
2.949322033898305,0.05084745762711865,1.105348409839655,imaginary
2.949322033898305,0.07627118644067797,1.1635819469657822,imaginary
2.949322033898305,0.1016949152542373,1.224166821112918,imaginary
2.949322033898305,0.1271186440677966,1.2863944354667682,imaginary
2.949322033898305,0.15254237288135594,1.3497565357650345,imaginary
2.949322033898305,0.17796610169491528,1.4138945568925987,imaginary
2.949322033898305,0.2033898305084746,1.478557044364304,imaginary
2.949322033898305,0.2288135593220339,1.5435677069509302,imaginary
2.949322033898305,0.2542372881355932,1.6088026553451749,imaginary
2.949322033898305,0.2796610169491526,1.6741745559506205,imaginary
2.949322033898305,0.3050847457627119,1.7396216891147496,imaginary
2.949322033898305,0.3305084745762712,1.805100394607027,imaginary
2.949322033898305,0.35593220338983056,1.8705798330160406,imaginary
2.949322033898305,0.38135593220338987,1.9360383286531884,imaginary
2.949322033898305,0.4067796610169492,2.0014607964501825,imaginary
2.949322033898305,0.4322033898305085,2.0668369166312055,imaginary
2.949322033898305,0.4576271186440678,2.132159829288068,imaginary
2.949322033898305,0.48305084745762716,2.197425193510249,imaginary
2.949322033898305,0.5084745762711864,2.2626305043642714,imaginary
2.949322033898305,0.5338983050847458,2.327774593812969,imaginary
2.949322033898305,0.5593220338983051,2.392857263933622,imaginary
2.949322033898305,0.5847457627118644,2.4578790160364665,imaginary
2.949322033898305,0.6101694915254238,2.522840849807571,imaginary
2.949322033898305,0.6355932203389831,2.587744113927881,imaginary
2.949322033898305,0.6610169491525424,2.652590394767059,imaginary
2.949322033898305,0.6864406779661018,2.717381433396715,imaginary
2.949322033898305,0.7118644067796611,2.782119063771359,imaginary
2.949322033898305,0.7372881355932204,2.8468051667993395,imaginary
2.949322033898305,0.7627118644067797,2.9114416363853395,imaginary
2.949322033898305,0.788135593220339,2.976030354518218,imaginary
2.949322033898305,0.8135593220338984,3.0405731732079855,imaginary
2.949322033898305,0.8389830508474577,3.105071901615509,imaginary
2.949322033898305,0.864406779661017,3.169528297120547,imaginary
2.949322033898305,0.8898305084745763,3.233944059374396,imaginary
2.949322033898305,0.9152542372881356,3.298320826609888,imaginary
2.949322033898305,0.940677966101695,3.362660173652419,imaginary
2.949322033898305,0.9661016949152543,3.4269636112057333,imaginary
2.949322033898305,0.9915254237288136,3.4912325860851645,imaginary
2.949322033898305,1.0169491525423728,3.555468482146852,imaginary
2.949322033898305,1.0423728813559323,3.6196726217196824,imaginary
2.949322033898305,1.0677966101694916,3.6838462673915013,imaginary
2.949322033898305,1.0932203389830508,3.747990624035763,imaginary
2.949322033898305,1.1186440677966103,3.8121068409915524,imaginary
2.949322033898305,1.1440677966101696,3.8761960143306684,imaginary
2.949322033898305,1.1694915254237288,3.9402591891615706,imaginary
2.949322033898305,1.1949152542372883,4.004297361932496,imaginary
2.949322033898305,1.2203389830508475,4.068311482705751,imaginary
2.949322033898305,1.2457627118644068,4.132302457382754,imaginary
2.949322033898305,1.2711864406779663,4.196271149865204,imaginary
2.949322033898305,1.2966101694915255,4.260218384142375,imaginary
2.949322033898305,1.3220338983050848,4.324144946297861,imaginary
2.949322033898305,1.3474576271186443,4.38805158643199,imaginary
2.949322033898305,1.3728813559322035,4.451939020497942,imaginary
2.949322033898305,1.3983050847457628,4.5158079320514055,imaginary
2.949322033898305,1.4237288135593222,4.579658973914481,imaginary
2.949322033898305,1.4491525423728815,4.643492769755686,imaginary
2.949322033898305,1.4745762711864407,4.70730991558833,imaginary
2.949322033898305,1.5,4.771110981190025,imaginary
3.0,0.0,1.0,imaginary
3.0,0.025423728813559324,1.0514263916092306,imaginary
3.0,0.05084745762711865,1.1072998865028107,imaginary
3.0,0.07627118644067797,1.16639876747374,imaginary
3.0,0.1016949152542373,1.2277689409557553,imaginary
3.0,0.1271186440677966,1.2907103569136502,imaginary
3.0,0.15254237288135594,1.3547258143536829,imaginary
3.0,0.17796610169491528,1.4194674044275963,imaginary
3.0,0.2033898305084746,1.484692878242638,imaginary
3.0,0.2288135593220339,1.5502335110991805,imaginary
3.0,0.2542372881355932,1.6159714923608202,imaginary
3.0,0.2796610169491526,1.6818243275462001,imaginary
3.0,0.3050847457627119,1.747734143248603,imaginary
3.0,0.3305084745762712,1.8136603444313992,imaginary
3.0,0.35593220338983056,1.8795745467240292,imaginary
3.0,0.38135593220338987,1.9454570532176811,imaginary
3.0,0.4067796610169492,2.0112943848575675,imaginary
3.0,0.4322033898305085,2.077077534723291,imaginary
3.0,0.4576271186440678,2.1428007238399025,imaginary
3.0,0.48305084745762716,2.2084605075493147,imaginary
3.0,0.5084745762711864,2.274055129104224,imaginary
3.0,0.5338983050847458,2.339584049126226,imaginary
3.0,0.5593220338983051,2.4050476012065185,imaginary
3.0,0.5847457627118644,2.470446738692436,imaginary
3.0,0.6101694915254238,2.535782847868423,imaginary
3.0,0.6355932203389831,2.6010576098015665,imaginary
3.0,0.6610169491525424,2.6662728980709436,imaginary
3.0,0.6864406779661018,2.7314307030981526,imaginary
3.0,0.7118644067796611,2.796533076289744,imaginary
3.0,0.7372881355932204,2.861582088993328,imaginary
3.0,0.7627118644067797,2.926579802565411,imaginary
3.0,0.788135593220339,2.9915282467939805,imaginary
3.0,0.8135593220338984,3.056429404612169,imaginary
3.0,0.8389830508474577,3.1212852015513777,imaginary
3.0,0.864406779661017,3.1860974987625386,imaginary
3.0,0.8898305084745763,3.250868088718206,imaginary
3.0,0.9152542372881356,3.315598692921386,imaginary
3.0,0.940677966101695,3.380290961107808,imaginary
3.0,0.9661016949152543,3.4449464715500913,imaginary
3.0,0.9915254237288136,3.509566732164929,imaginary
3.0,1.0169491525423728,3.5741531821949564,imaginary
3.0,1.0423728813559323,3.6387071942911633,imaginary
3.0,1.0677966101694916,3.7032300768630915,imaginary
3.0,1.0932203389830508,3.7677230765960825,imaginary
3.0,1.1186440677966103,3.832187381059307,imaginary
3.0,1.1440677966101696,3.8966241213474064,imaginary
3.0,1.1694915254237288,3.9610343747130803,imaginary
3.0,1.1949152542372883,4.025419167159393,imaginary
3.0,1.2203389830508475,4.08977947596917,imaginary
3.0,1.2457627118644068,4.154116232155605,imaginary
3.0,1.2711864406779663,4.218430322823492,imaginary
3.0,1.2966101694915255,4.282722593434148,imaginary
3.0,1.3220338983050848,4.346993849970475,imaginary
3.0,1.3474576271186443,4.411244861000591,imaginary
3.0,1.3728813559322035,4.475476359640246,imaginary
3.0,1.3983050847457628,4.5396890454156775,imaginary
3.0,1.4237288135593222,4.603883586029147,imaginary
3.0,1.4491525423728815,4.6680606190303635,imaginary
3.0,1.4745762711864407,4.732220753397237,imaginary
3.0,1.5,4.796364571029768,imaginary
0.01,0.0,1.0,real
0.01,0.025423728813559324,1.0002542759545492,real
0.01,0.05084745762711865,1.000508616514568,real
0.01,0.07627118644067797,1.0007630216553811,real
0.01,0.1016949152542373,1.0010174913523027,real
0.01,0.1271186440677966,1.0012720255806293,real
0.01,0.15254237288135594,1.0015266243156506,real
0.01,0.17796610169491528,1.0017812875326395,real
0.01,0.2033898305084746,1.0020360152068588,real
0.01,0.2288135593220339,1.0022908073135592,real
0.01,0.2542372881355932,1.00254566382798,real
0.01,0.2796610169491526,1.0028005847253456,real
0.01,0.3050847457627119,1.0030555699808712,real
0.01,0.3305084745762712,1.0033106195697563,real
0.01,0.35593220338983056,1.0035657334671921,real
0.01,0.38135593220338987,1.003820911648357,real
0.01,0.4067796610169492,1.0040761540884162,real
0.01,0.4322033898305085,1.0043314607625229,real
0.01,0.4576271186440678,1.0045868316458206,real
0.01,0.48305084745762716,1.004842266713437,real
0.01,0.5084745762711864,1.0050977659404932,real
0.01,0.5338983050847458,1.005353329302094,real
0.01,0.5593220338983051,1.0056089567733353,real
0.01,0.5847457627118644,1.005864648329299,real
0.01,0.6101694915254238,1.0061204039450575,real
0.01,0.6355932203389831,1.0063762235956704,real
0.01,0.6610169491525424,1.0066321072561868,real
0.01,0.6864406779661018,1.0068880549016426,real
0.01,0.7118644067796611,1.0071440665070643,real
0.01,0.7372881355932204,1.0074001420474648,real
0.01,0.7627118644067797,1.0076562814978471,real
0.01,0.788135593220339,1.0079124848332006,real
0.01,0.8135593220338984,1.0081687520285083,real
0.01,0.8389830508474577,1.0084250830587365,real
0.01,0.864406779661017,1.0086814778988429,real
0.01,0.8898305084745763,1.0089379365237756,real
0.01,0.9152542372881356,1.0091944589084652,real
0.01,0.940677966101695,1.0094510450278396,real
0.01,0.9661016949152543,1.0097076948568082,real
0.01,0.9915254237288136,1.0099644083702755,real
0.01,1.0169491525423728,1.0102211855431307,real
0.01,1.0423728813559323,1.0104780263502529,real
0.01,1.0677966101694916,1.01073493076651,real
0.01,1.0932203389830508,1.010991898766765,real
0.01,1.1186440677966103,1.0112489303258583,real
0.01,1.1440677966101696,1.011506025418629,real
0.01,1.1694915254237288,1.0117631840199017,real
0.01,1.1949152542372883,1.0120204061044937,real
0.01,1.2203389830508475,1.0122776916472045,real
0.01,1.2457627118644068,1.0125350406228308,real
0.01,1.2711864406779663,1.0127924530061527,real
0.01,1.2966101694915255,1.0130499287719446,real
0.01,1.3220338983050848,1.013307467894965,real
0.01,1.3474576271186443,1.0135650703499668,real
0.01,1.3728813559322035,1.013822736111692,real
0.01,1.3983050847457628,1.0140804651548674,real
0.01,1.4237288135593222,1.0143382574542161,real
0.01,1.4491525423728815,1.0145961129844434,real
0.01,1.4745762711864407,1.014854031720251,real
0.01,1.5,1.0151120136363267,real
0.06067796610169492,0.0,1.0,real
0.06067796610169492,0.025423728813559324,1.0015452607733466,real
0.06067796610169492,0.05084745762711865,1.003092886998602,real
0.06067796610169492,0.07627118644067797,1.0046428730849477,real
0.06067796610169492,0.1016949152542373,1.0061952134261984,real
0.06067796610169492,0.1271186440677966,1.0077499024011256,real
0.06067796610169492,0.15254237288135594,1.0093069343737893,real
0.06067796610169492,0.17796610169491528,1.01086630369385,real
0.06067796610169492,0.2033898305084746,1.0124280046969005,real
0.06067796610169492,0.2288135593220339,1.013992031704783,real
0.06067796610169492,0.2542372881355932,1.015558379025907,real
0.06067796610169492,0.2796610169491526,1.0171270409555664,real
0.06067796610169492,0.3050847457627119,1.0186980117762603,real
0.06067796610169492,0.3305084745762712,1.0202712857580019,real
0.06067796610169492,0.35593220338983056,1.0218468571586405,real
0.06067796610169492,0.38135593220338987,1.023424720224165,real
0.06067796610169492,0.4067796610169492,1.0250048691890188,real
0.06067796610169492,0.4322033898305085,1.026587298276413,real
0.06067796610169492,0.4576271186440678,1.0281720016986229,real
0.06067796610169492,0.48305084745762716,1.029758973657308,real
0.06067796610169492,0.5084745762711864,1.0313482083438077,real
0.06067796610169492,0.5338983050847458,1.0329396999394445,real
0.06067796610169492,0.5593220338983051,1.0345334426158312,real
0.06067796610169492,0.5847457627118644,1.0361294305351634,real
0.06067796610169492,0.6101694915254238,1.0377276578505246,real
0.06067796610169492,0.6355932203389831,1.0393281187061776,real
0.06067796610169492,0.6610169491525424,1.0409308072378596,real
0.06067796610169492,0.6864406779661018,1.0425357175730825,real
0.06067796610169492,0.7118644067796611,1.0441428438314095,real
0.06067796610169492,0.7372881355932204,1.045752180124761,real
0.06067796610169492,0.7627118644067797,1.047363720557695,real
0.06067796610169492,0.788135593220339,1.0489774592276875,real
0.06067796610169492,0.8135593220338984,1.0505933902254267,real
0.06067796610169492,0.8389830508474577,1.0522115076350886,real
0.06067796610169492,0.864406779661017,1.0538318055346225,real
0.06067796610169492,0.8898305084745763,1.055454277996024,real
0.06067796610169492,0.9152542372881356,1.0570789190856207,real
0.06067796610169492,0.940677966101695,1.058705722864335,real
0.06067796610169492,0.9661016949152543,1.0603346833879659,real
0.06067796610169492,0.9915254237288136,1.0619657947074592,real
0.06067796610169492,1.0169491525423728,1.063599050869174,real
0.06067796610169492,1.0423728813559323,1.0652344459151506,real
0.06067796610169492,1.0677966101694916,1.0668719738833807,real
0.06067796610169492,1.0932203389830508,1.0685116288080587,real
0.06067796610169492,1.1186440677966103,1.07015340471986,real
0.06067796610169492,1.1440677966101696,1.071797295646183,real
0.06067796610169492,1.1694915254237288,1.0734432956114244,real
0.06067796610169492,1.1949152542372883,1.0750913986372168,real
0.06067796610169492,1.2203389830508475,1.0767415987426954,real
0.06067796610169492,1.2457627118644068,1.0783938899447436,real
0.06067796610169492,1.2711864406779663,1.080048266258244,real
0.06067796610169492,1.2966101694915255,1.0817047216963227,real
0.06067796610169492,1.3220338983050848,1.0833632502705994,real
0.06067796610169492,1.3474576271186443,1.0850238459914272,real
0.06067796610169492,1.3728813559322035,1.0866865028681376,real
0.06067796610169492,1.3983050847457628,1.0883512149092764,real
0.06067796610169492,1.4237288135593222,1.090017976122836,real
0.06067796610169492,1.4491525423728815,1.0916867805165071,real
0.06067796610169492,1.4745762711864407,1.0933576220978891,real
0.06067796610169492,1.5,1.095030494874741,real
0.11135593220338984,0.0,1.0,real
0.11135593220338984,0.025423728813559324,1.0028437300287854,real
0.11135593220338984,0.05084745762711865,1.0056953399670046,real
0.11135593220338984,0.07627118644067797,1.0085547943189448,real
0.11135593220338984,0.1016949152542373,1.0114220574468349,real
0.11135593220338984,0.1271186440677966,1.0142970935775357,real
0.11135593220338984,0.15254237288135594,1.0171798668091685,real
0.11135593220338984,0.17796610169491528,1.0200703411176884,real
0.11135593220338984,0.2033898305084746,1.0229684803633767,real
0.11135593220338984,0.2288135593220339,1.02587424829727,real
0.11135593220338984,0.2542372881355932,1.0287876085675234,real
0.11135593220338984,0.2796610169491526,1.031708524725704,real
0.11135593220338984,0.3050847457627119,1.0346369602329935,real
0.11135593220338984,0.3305084745762712,1.0375728784663445,real
0.11135593220338984,0.35593220338983056,1.040516242724539,real
0.11135593220338984,0.38135593220338987,1.043467016234184,real
0.11135593220338984,0.4067796610169492,1.046425162155622,real
0.11135593220338984,0.4322033898305085,1.0493906435887714,real
0.11135593220338984,0.4576271186440678,1.0523634235788812,real
0.11135593220338984,0.48305084745762716,1.0553434651222127,real
0.11135593220338984,0.5084745762711864,1.0583307311716308,real
0.11135593220338984,0.5338983050847458,1.0613251846421272,real
0.11135593220338984,0.5593220338983051,1.0643267884162528,real
0.11135593220338984,0.5847457627118644,1.0673355053494715,real
0.11135593220338984,0.6101694915254238,1.0703512982754304,real
0.11135593220338984,0.6355932203389831,1.07337413001115,real
0.11135593220338984,0.6610169491525424,1.0764039633621256,real
0.11135593220338984,0.6864406779661018,1.079440761127352,real
0.11135593220338984,0.7118644067796611,1.0824844861042615,real
0.11135593220338984,0.7372881355932204,1.0855351010935719,real
0.11135593220338984,0.7627118644067797,1.0885925689040643,real
0.11135593220338984,0.788135593220339,1.0916568523572643,real
0.11135593220338984,0.8135593220338984,1.094727914292042,real
0.11135593220338984,0.8389830508474577,1.097805717569136,real
0.11135593220338984,0.864406779661017,1.1008902250755803,real
0.11135593220338984,0.8898305084745763,1.1039813997290604,real
0.11135593220338984,0.9152542372881356,1.1070792044821711,real
0.11135593220338984,0.940677966101695,1.1101836023266112,real
0.11135593220338984,0.9661016949152543,1.113294556297273,real
0.11135593220338984,0.9915254237288136,1.1164120294762614,real
0.11135593220338984,1.0169491525423728,1.119535984996831,real
0.11135593220338984,1.0423728813559323,1.122666386047237,real
0.11135593220338984,1.0677966101694916,1.1258031958745014,real
0.11135593220338984,1.0932203389830508,1.1289463777881081,real
0.11135593220338984,1.1186440677966103,1.1320958951636044,real
0.11135593220338984,1.1440677966101696,1.1352517114461342,real
0.11135593220338984,1.1694915254237288,1.1384137901538784,real
0.11135593220338984,1.1949152542372883,1.1415820948814333,real
0.11135593220338984,1.2203389830508475,1.1447565893030895,real
0.11135593220338984,1.2457627118644068,1.1479372371760515,real
0.11135593220338984,1.2711864406779663,1.1511240023435612,real
0.11135593220338984,1.2966101694915255,1.154316848737967,real
0.11135593220338984,1.3220338983050848,1.1575157403837015,real
0.11135593220338984,1.3474576271186443,1.160720641400176,real
0.11135593220338984,1.3728813559322035,1.1639315160046244,real
0.11135593220338984,1.3983050847457628,1.1671483285148558,real
0.11135593220338984,1.4237288135593222,1.1703710433519317,real
0.11135593220338984,1.4491525423728815,1.1735996250427851,real
0.11135593220338984,1.4745762711864407,1.1768340382227525,real
0.11135593220338984,1.5,1.1800742476380506,real
0.16203389830508477,0.0,0.9999999999999999,real
0.16203389830508477,0.025423728813559324,1.004154260477938,real
0.16203389830508477,0.05084745762711865,1.0083249293213612,real
0.16203389830508477,0.07627118644067797,1.012511893136874,real
0.16203389830508477,0.1016949152542373,1.016715038106629,real
0.16203389830508477,0.1271186440677966,1.0209342500307153,real
0.16203389830508477,0.15254237288135594,1.0251694143687098,real
0.16203389830508477,0.17796610169491528,1.0294204162803735,real
0.16203389830508477,0.2033898305084746,1.033687140665478,real
0.16203389830508477,0.2288135593220339,1.0379694722027653,real
0.16203389830508477,0.2542372881355932,1.0422672953880263,real
0.16203389830508477,0.2796610169491526,1.0465804945712824,real
0.16203389830508477,0.3050847457627119,1.05090895399309,real
0.16203389830508477,0.3305084745762712,1.055252557819936,real
0.16203389830508477,0.35593220338983056,1.059611190178742,real
0.16203389830508477,0.38135593220338987,1.0639847351904763,real
0.16203389830508477,0.4067796610169492,1.0683730770028572,real
0.16203389830508477,0.4322033898305085,1.0727760998221696,real
0.16203389830508477,0.4576271186440678,1.0771936879441861,real
0.16203389830508477,0.48305084745762716,1.0816257257842055,real
0.16203389830508477,0.5084745762711864,1.0860720979061944,real
0.16203389830508477,0.5338983050847458,1.0905326890510665,real
0.16203389830508477,0.5593220338983051,1.0950073841640864,real
0.16203389830508477,0.5847457627118644,1.0994960684214066,real
0.16203389830508477,0.6101694915254238,1.1039986272557492,real
0.16203389830508477,0.6355932203389831,1.1085149463812547,real
0.16203389830508477,0.6610169491525424,1.113044911817472,real
0.16203389830508477,0.6864406779661018,1.1175884099125506,real
0.16203389830508477,0.7118644067796611,1.1221453273655966,real
0.16203389830508477,0.7372881355932204,1.126715551248228,real
0.16203389830508477,0.7627118644067797,1.1312989690253572,real
0.16203389830508477,0.788135593220339,1.1358954685751637,real
0.16203389830508477,0.8135593220338984,1.1405049382083292,real
0.16203389830508477,0.8389830508474577,1.1451272666865024,real
0.16203389830508477,0.864406779661017,1.149762343240023,real
0.16203389830508477,0.8898305084745763,1.1544100575849332,real
0.16203389830508477,0.9152542372881356,1.1590702999392541,real
0.16203389830508477,0.940677966101695,1.1637429610385874,real
0.16203389830508477,0.9661016949152543,1.1684279321510074,real
0.16203389830508477,0.9915254237288136,1.1731251050912985,real
0.16203389830508477,1.0169491525423728,1.1778343722345348,real
0.16203389830508477,1.0423728813559323,1.1825556265290107,real
0.16203389830508477,1.0677966101694916,1.187288761508543,real
0.16203389830508477,1.0932203389830508,1.1920336713041642,real
0.16203389830508477,1.1186440677966103,1.1967902506552226,real
0.16203389830508477,1.1440677966101696,1.2015583949198774,real
0.16203389830508477,1.1694915254237288,1.206338000085044,real
0.16203389830508477,1.1949152542372883,1.211128962775774,real
0.16203389830508477,1.2203389830508475,1.2159311802640953,real
0.16203389830508477,1.2457627118644068,1.2207445504773162,real
0.16203389830508477,1.2711864406779663,1.2255689720058334,real
0.16203389830508477,1.2966101694915255,1.2304043441104175,real
0.16203389830508477,1.3220338983050848,1.2352505667290323,real
0.16203389830508477,1.3474576271186443,1.24010754048317,real
0.16203389830508477,1.3728813559322035,1.244975166683726,real
0.16203389830508477,1.3983050847457628,1.2498533473364408,real
0.16203389830508477,1.4237288135593222,1.254741985146882,real
0.16203389830508477,1.4491525423728815,1.259640983525045,real
0.16203389830508477,1.4745762711864407,1.2645502465895109,real
0.16203389830508477,1.5,1.2694696791712201,real
0.2127118644067797,0.0,1.0,real
0.2127118644067797,0.025423728813559324,1.0054809720151827,real
0.2127118644067797,0.05084745762711865,1.0109895827433417,real
0.2127118644067797,0.07627118644067797,1.0165255647592137,real
0.2127118644067797,0.1016949152542373,1.0220886502013404,real
0.2127118644067797,0.1271186440677966,1.0276785709271128,real
0.2127118644067797,0.15254237288135594,1.0332950586621155,real
0.2127118644067797,0.17796610169491528,1.0389378451438136,real
0.2127118644067797,0.2033898305084746,1.0446066622596002,real
0.2127118644067797,0.2288135593220339,1.0503012421792475,real
0.2127118644067797,0.2542372881355932,1.056021317481806,real
0.2127118644067797,0.2796610169491526,1.061766621277061,real
0.2127118644067797,0.3050847457627119,1.067536887321563,real
0.2127118644067797,0.3305084745762712,1.0733318501293683,real
0.2127118644067797,0.35593220338983056,1.079151245077567,real
0.2127118644067797,0.38135593220338987,1.084994808506688,real
0.2127118644067797,0.4067796610169492,1.0908622778161132,real
0.2127118644067797,0.4322033898305085,1.0967533915545937,real
0.2127118644067797,0.4576271186440678,1.1026678895060054,real
0.2127118644067797,0.48305084745762716,1.1086055127704422,real
0.2127118644067797,0.5084745762711864,1.1145660038408007,real
0.2127118644067797,0.5338983050847458,1.120549106674956,real
0.2127118644067797,0.5593220338983051,1.126554566763683,real
0.2127118644067797,0.5847457627118644,1.132582131194437,real
0.2127118644067797,0.6101694915254238,1.13863154871113,real
0.2127118644067797,0.6355932203389831,1.1447025697700401,real
0.2127118644067797,0.6610169491525424,1.150794946591977,real
0.2127118644067797,0.6864406779661018,1.1569084332108441,real
0.2127118644067797,0.7118644067796611,1.1630427855187075,real
0.2127118644067797,0.7372881355932204,1.1691977613075417,real
0.2127118644067797,0.7627118644067797,1.1753731203077178,real
0.2127118644067797,0.788135593220339,1.1815686242234265,real
0.2127118644067797,0.8135593220338984,1.1877840367650987,real
0.2127118644067797,0.8389830508474577,1.1940191236789908,real
0.2127118644067797,0.864406779661017,1.2002736527740259,real
0.2127118644067797,0.8898305084745763,1.2065473939460092,real
0.2127118644067797,0.9152542372881356,1.2128401191993476,real
0.2127118644067797,0.940677966101695,1.219151602666359,real
0.2127118644067797,0.9661016949152543,1.2254816206242996,real
0.2127118644067797,0.9915254237288136,1.2318299515101987,real
0.2127118644067797,1.0169491525423728,1.2381963759336088,real
0.2127118644067797,1.0423728813559323,1.2445806766873655,real
0.2127118644067797,1.0677966101694916,1.2509826387564629,real
0.2127118644067797,1.0932203389830508,1.257402049325108,real
0.2127118644067797,1.1186440677966103,1.2638386977820868,real
0.2127118644067797,1.1440677966101696,1.2702923757244793,real
0.2127118644067797,1.1694915254237288,1.2767628769598476,real
0.2127118644067797,1.1949152542372883,1.2832499975069498,real
0.2127118644067797,1.2203389830508475,1.2897535355950607,real
0.2127118644067797,1.2457627118644068,1.2962732916619923,real
0.2127118644067797,1.2711864406779663,1.3028090683508569,real
0.2127118644067797,1.2966101694915255,1.3093606705056615,real
0.2127118644067797,1.3220338983050848,1.3159279051657877,real
0.2127118644067797,1.3474576271186443,1.3225105815594342,real
0.2127118644067797,1.3728813559322035,1.3291085110960514,real
0.2127118644067797,1.3983050847457628,1.335721507357877,real
0.2127118644067797,1.4237288135593222,1.3423493860905698,real
0.2127118644067797,1.4491525423728815,1.3489919651930447,real
0.2127118644067797,1.4745762711864407,1.3556490647065211,real
0.2127118644067797,1.5,1.3623205068028639,real
0.26338983050847464,0.0,1.0000000000000002,real
0.26338983050847464,0.025423728813559324,1.006827365944483,real
0.26338983050847464,0.05084745762711865,1.0136958742448356,real
0.26338983050847464,0.07627118644067797,1.0206049950370184,real
0.26338983050847464,0.1016949152542373,1.0275541997850413,real
0.26338983050847464,0.1271186440677966,1.0345429616804518,real
0.26338983050847464,0.15254237288135594,1.0415707560164154,real
0.26338983050847464,0.17796610169491528,1.0486370605370505,real
0.26338983050847464,0.2033898305084746,1.0557413557627067,real
0.26338983050847464,0.2288135593220339,1.0628831252919864,real
0.26338983050847464,0.2542372881355932,1.0700618560812618,real
0.26338983050847464,0.2796610169491526,1.0772770387025723,real
0.26338983050847464,0.3050847457627119,1.0845281675807397,real
0.26338983050847464,0.3305084745762712,1.0918147412105699,real
0.26338983050847464,0.35593220338983056,1.099136262355075,real
0.26338983050847464,0.38135593220338987,1.1064922382255455,real
0.26338983050847464,0.4067796610169492,1.1138821806444112,real
0.26338983050847464,0.4322033898305085,1.1213056061917404,real
0.26338983050847464,0.4576271186440678,1.12876203633627,real
0.26338983050847464,0.48305084745762716,1.1362509975517978,real
0.26338983050847464,0.5084745762711864,1.1437720214197857,real
0.26338983050847464,0.5338983050847458,1.15132464471898,real
0.26338983050847464,0.5593220338983051,1.1589084095028284,real
0.26338983050847464,0.5847457627118644,1.1665228631654738,real
0.26338983050847464,0.6101694915254238,1.1741675584970317,real
0.26338983050847464,0.6355932203389831,1.1818420537288823,real
0.26338983050847464,0.6610169491525424,1.1895459125696277,real
0.26338983050847464,0.6864406779661018,1.197278704232378,real
0.26338983050847464,0.7118644067796611,1.2050400034539661,real
0.26338983050847464,0.7372881355932204,1.2128293905066938,real
0.26338983050847464,0.7627118644067797,1.2206464512031399,real
0.26338983050847464,0.788135593220339,1.2284907768945827,real
0.26338983050847464,0.8135593220338984,1.2363619644635078,real
0.26338983050847464,0.8389830508474577,1.2442596163106965,real
0.26338983050847464,0.864406779661017,1.25218334033731,real
0.26338983050847464,0.8898305084745763,1.2601327499224013,real
0.26338983050847464,0.9152542372881356,1.268107463896248,real
0.26338983050847464,0.940677966101695,1.2761071065098502,real
0.26338983050847464,0.9661016949152543,1.2841313074009642,real
0.26338983050847464,0.9915254237288136,1.2921797015569618,real
0.26338983050847464,1.0169491525423728,1.3002519292748476,real
0.26338983050847464,1.0423728813559323,1.3083476361186672,real
0.26338983050847464,1.0677966101694916,1.3164664728746158,real
0.26338983050847464,1.0932203389830508,1.3246080955040562,real
0.26338983050847464,1.1186440677966103,1.3327721650946716,real
0.26338983050847464,1.1440677966101696,1.3409583478099716,real
0.26338983050847464,1.1694915254237288,1.3491663148373427,real
0.26338983050847464,1.1949152542372883,1.3573957423348129,real
0.26338983050847464,1.2203389830508475,1.3656463113767006,real
0.26338983050847464,1.2457627118644068,1.3739177078983007,real
0.26338983050847464,1.2711864406779663,1.3822096226397564,real
0.26338983050847464,1.2966101694915255,1.390521751089211,real
0.26338983050847464,1.3220338983050848,1.3988537934254242,real
0.26338983050847464,1.3474576271186443,1.4072054544598924,real
0.26338983050847464,1.3728813559322035,1.415576443578621,real
0.26338983050847464,1.3983050847457628,1.423966474683626,real
0.26338983050847464,1.4237288135593222,1.4323752661342442,real
0.26338983050847464,1.4491525423728815,1.4408025406883513,real
0.26338983050847464,1.4745762711864407,1.449248025443526,real
0.26338983050847464,1.5,1.4577114517782686,real
0.31406779661016954,0.0,1.0000000000000002,real
0.31406779661016954,0.025423728813559324,1.0081961883483999,real
0.31406779661016954,0.05084745762711865,1.0164487499596389,real
0.31406779661016954,0.07627118644067797,1.024756750076935,real
0.31406779661016954,0.1016949152542373,1.0331192620926304,real
0.31406779661016954,0.1271186440677966,1.0415353683187827,real
0.31406779661016954,0.15254237288135594,1.0500041606732764,real
0.31406779661016954,0.17796610169491528,1.058524741285983,real
0.31406779661016954,0.2033898305084746,1.0670962230295868,real
0.31406779661016954,0.2288135593220339,1.0757177299797587,real
0.31406779661016954,0.2542372881355932,1.0843883978093556,real
0.31406779661016954,0.2796610169491526,1.0931073741212343,real
0.31406779661016954,0.3050847457627119,1.101873818724251,real
0.31406779661016954,0.3305084745762712,1.1106869038568319,real
0.31406779661016954,0.35593220338983056,1.1195458143623613,real
0.31406779661016954,0.38135593220338987,1.1284497478205484,real
0.31406779661016954,0.4067796610169492,1.1373979146386182,real
0.31406779661016954,0.4322033898305085,1.146389538106092,real
0.31406779661016954,0.4576271186440678,1.1554238544166573,real
0.31406779661016954,0.48305084745762716,1.1645001126604482,real
0.31406779661016954,0.5084745762711864,1.1736175747898425,real
0.31406779661016954,0.5338983050847458,1.1827755155616582,real
0.31406779661016954,0.5593220338983051,1.191973222458443,real
0.31406779661016954,0.5847457627118644,1.2012099955913742,real
0.31406779661016954,0.6101694915254238,1.2104851475870189,real
0.31406779661016954,0.6355932203389831,1.2197980034601268,real
0.31406779661016954,0.6610169491525424,1.2291479004743122,real
0.31406779661016954,0.6864406779661018,1.2385341879924654,real
0.31406779661016954,0.7118644067796611,1.2479562273184417,real
0.31406779661016954,0.7372881355932204,1.2574133915314998,real
0.31406779661016954,0.7627118644067797,1.2669050653148064,real
0.31406779661016954,0.788135593220339,1.2764306447791558,real
0.31406779661016954,0.8135593220338984,1.2859895372830057,real
0.31406779661016954,0.8389830508474577,1.2955811612497163,real
0.31406779661016954,0.864406779661017,1.3052049459828723,real
0.31406779661016954,0.8898305084745763,1.314860331480415,real
0.31406779661016954,0.9152542372881356,1.3245467682482137,real
0.31406779661016954,0.940677966101695,1.334263717113696,real
0.31406779661016954,0.9661016949152543,1.3440106490399875,real
0.31406779661016954,0.9915254237288136,1.353787044941016,real
0.31406779661016954,1.0169491525423728,1.363592395497965,real
0.31406779661016954,1.0423728813559323,1.3734262009773563,real
0.31406779661016954,1.0677966101694916,1.383287971051082,real
0.31406779661016954,1.0932203389830508,1.3931772246185674,real
0.31406779661016954,1.1186440677966103,1.4030934896312728,real
0.31406779661016954,1.1440677966101696,1.4130363029197097,real
0.31406779661016954,1.1694915254237288,1.42300521002304,real
0.31406779661016954,1.1949152542372883,1.432999765021413,real
0.31406779661016954,1.2203389830508475,1.443019530371071,real
0.31406779661016954,1.2457627118644068,1.4530640767423215,real
0.31406779661016954,1.2711864406779663,1.4631329828603388,real
0.31406779661016954,1.2966101694915255,1.4732258353488992,real
0.31406779661016954,1.3220338983050848,1.4833422285770008,real
0.31406779661016954,1.3474576271186443,1.4934817645083718,real
0.31406779661016954,1.3728813559322035,1.503644052553871,real
0.31406779661016954,1.3983050847457628,1.5138287094267295,real
0.31406779661016954,1.4237288135593222,1.5240353590006335,real
0.31406779661016954,1.4491525423728815,1.5342636321706002,real
0.31406779661016954,1.4745762711864407,1.544513166716586,real
0.31406779661016954,1.5,1.5547836071698264,real
0.36474576271186443,0.0,0.9999999999999999,real
0.36474576271186443,0.025423728813559324,1.0095893246147256,real
0.36474576271186443,0.05084745762711865,1.0192513213576022,real
0.36474576271186443,0.07627118644067797,1.028984476730392,real
0.36474576271186443,0.1016949152542373,1.0387873029324992,real
0.36474576271186443,0.1271186440677966,1.048658338920087,real
0.36474576271186443,0.15254237288135594,1.058596151242751,real
0.36474576271186443,0.17796610169491528,1.0685993346774956,real
0.36474576271186443,0.2033898305084746,1.0786665126793333,real
0.36474576271186443,0.2288135593220339,1.0887963376671512,real
0.36474576271186443,0.2542372881355932,1.0989874911627098,real
0.36474576271186443,0.2796610169491526,1.1092386837997128,real
0.36474576271186443,0.3050847457627119,1.1195486552188434,real
0.36474576271186443,0.3305084745762712,1.129916173863668,real
0.36474576271186443,0.35593220338983056,1.1403400366911127,real
0.36474576271186443,0.38135593220338987,1.1508190688092177,real
0.36474576271186443,0.4067796610169492,1.1613521230537134,real
0.36474576271186443,0.4322033898305085,1.1719380795139345,real
0.36474576271186443,0.4576271186440678,1.1825758450175334,real
0.36474576271186443,0.48305084745762716,1.1932643525825044,real
0.36474576271186443,0.5084745762711864,1.2040025608440643,real
0.36474576271186443,0.5338983050847458,1.2147894534631247,real
0.36474576271186443,0.5593220338983051,1.2256240385221746,real
0.36474576271186443,0.5847457627118644,1.2365053479137902,real
0.36474576271186443,0.6101694915254238,1.2474324367261382,real
0.36474576271186443,0.6355932203389831,1.258404382629357,real
0.36474576271186443,0.6610169491525424,1.2694202852660166,real
0.36474576271186443,0.6864406779661018,1.280479265648419,real
0.36474576271186443,0.7118644067796611,1.2915804655649898,real
0.36474576271186443,0.7372881355932204,1.3027230469976359,real
0.36474576271186443,0.7627118644067797,1.3139061915515566,real
0.36474576271186443,0.788135593220339,1.325129099898678,real
0.36474576271186443,0.8135593220338984,1.336390991235595,real
0.36474576271186443,0.8389830508474577,1.3476911027566911,real
0.36474576271186443,0.864406779661017,1.3590286891428296,real
0.36474576271186443,0.8898305084745763,1.370403022065895,real
0.36474576271186443,0.9152542372881356,1.3818133897092575,real
0.36474576271186443,0.940677966101695,1.393259096304133,real
0.36474576271186443,0.9661016949152543,1.4047394616816908,real
0.36474576271186443,0.9915254237288136,1.4162538208406672,real
0.36474576271186443,1.0169491525423728,1.4278015235301602,real
0.36474576271186443,1.0423728813559323,1.439381933847264,real
0.36474576271186443,1.0677966101694916,1.4509944298490913,real
0.36474576271186443,1.0932203389830508,1.462638403178763,real
0.36474576271186443,1.1186440677966103,1.4743132587048688,real
0.36474576271186443,1.1440677966101696,1.4860184141739143,real
0.36474576271186443,1.1694915254237288,1.4977532998752423,real
0.36474576271186443,1.1949152542372883,1.509517358317953,real
0.36474576271186443,1.2203389830508475,1.521310043919273,real
0.36474576271186443,1.2457627118644068,1.5331308227039218,real
0.36474576271186443,1.2711864406779663,1.544979172013949,real
0.36474576271186443,1.2966101694915255,1.5568545802286045,real
0.36474576271186443,1.3220338983050848,1.568756546493733,real
0.36474576271186443,1.3474576271186443,1.5806845804602865,real
0.36474576271186443,1.3728813559322035,1.592638202031519,real
0.36474576271186443,1.3983050847457628,1.6046169411184041,real
0.36474576271186443,1.4237288135593222,1.6166203374029693,real
0.36474576271186443,1.4491525423728815,1.6286479401090783,real
0.36474576271186443,1.4745762711864407,1.640699307780375,real
0.36474576271186443,1.5,1.652774008065007,real
0.4154237288135594,0.0,0.9999999999999999,real
0.4154237288135594,0.025423728813559324,1.0110077293454516,real
0.4154237288135594,0.05084745762711865,1.022104735969536,real
0.4154237288135594,0.07627118644067797,1.0332887312489394,real
0.4154237288135594,0.1016949152542373,1.0445574888928653,real
0.4154237288135594,0.1271186440677966,1.0559088455634558,real
0.4154237288135594,0.15254237288135594,1.067340701019144,real
0.4154237288135594,0.17796610169491528,1.0788510178454767,real
0.4154237288135594,0.2033898305084746,1.0904378208337362,real
0.4154237288135594,0.2288135593220339,1.102099196063267,real
0.4154237288135594,0.2542372881355932,1.1138332897386216,real
0.4154237288135594,0.2796610169491526,1.125638306827914,real
0.4154237288135594,0.3050847457627119,1.1375125095439373,real
0.4154237288135594,0.3305084745762712,1.1494542157050556,real
0.4154237288135594,0.35593220338983056,1.1614617970084338,real
0.4154237288135594,0.38135593220338987,1.1735336772440017,real
0.4154237288135594,0.4067796610169492,1.185668330473691,real
0.4154237288135594,0.4322033898305085,1.197864279196916,real
0.4154237288135594,0.4576271186440678,1.210120092519988,real
0.4154237288135594,0.48305084745762716,1.2224343843442476,real
0.4154237288135594,0.5084745762711864,1.2348058115850362,real
0.4154237288135594,0.5338983050847458,1.2472330724312983,real
0.4154237288135594,0.5593220338983051,1.2597149046535354,real
0.4154237288135594,0.5847457627118644,1.2722500839660376,real
0.4154237288135594,0.6101694915254238,1.2848374224477432,real
0.4154237288135594,0.6355932203389831,1.2974757670247412,real
0.4154237288135594,0.6610169491525424,1.3101639980162758,real
0.4154237288135594,0.6864406779661018,1.3229010277451494,real
0.4154237288135594,0.7118644067796611,1.3356857992126185,real
0.4154237288135594,0.7372881355932204,1.3485172848371987,real
0.4154237288135594,0.7627118644067797,1.3613944852562605,real
0.4154237288135594,0.788135593220339,1.374316428188873,real
0.4154237288135594,0.8135593220338984,1.3872821673579998,real
0.4154237288135594,0.8389830508474577,1.4002907814699188,real
0.4154237288135594,0.864406779661017,1.4133413732485172,real
0.4154237288135594,0.8898305084745763,1.4264330685220286,real
0.4154237288135594,0.9152542372881356,1.4395650153596762,real
0.4154237288135594,0.940677966101695,1.4527363832556517,real
0.4154237288135594,0.9661016949152543,1.4659463623578863,real
0.4154237288135594,0.9915254237288136,1.479194162739066,real
0.4154237288135594,1.0169491525423728,1.4924790137074049,real
0.4154237288135594,1.0423728813559323,1.505800163154787,real
0.4154237288135594,1.0677966101694916,1.519156876939926,real
0.4154237288135594,1.0932203389830508,1.532548438304312,real
0.4154237288135594,1.1186440677966103,1.5459741473188149,real
0.4154237288135594,1.1440677966101696,1.559433320358902,real
0.4154237288135594,1.1694915254237288,1.5729252896065604,real
0.4154237288135594,1.1949152542372883,1.5864494025770999,real
0.4154237288135594,1.2203389830508475,1.6000050216691297,real
0.4154237288135594,1.2457627118644068,1.613591523736098,real
0.4154237288135594,1.2711864406779663,1.6272082996779413,real
0.4154237288135594,1.2966101694915255,1.6408547540513672,real
0.4154237288135594,1.3220338983050848,1.6545303046975648,real
0.4154237288135594,1.3474576271186443,1.6682343823860448,real
0.4154237288135594,1.3728813559322035,1.681966430473568,real
0.4154237288135594,1.3983050847457628,1.6957259045770618,real
0.4154237288135594,1.4237288135593222,1.7095122722596157,real
0.4154237288135594,1.4491525423728815,1.7233250127286392,real
0.4154237288135594,1.4745762711864407,1.7371636165453899,real
0.4154237288135594,1.5,1.7510275853451078,real
0.4661016949152543,0.0,1.0,real
0.4661016949152543,0.025423728813559324,1.0124513937733333,real
0.4661016949152543,0.05084745762711865,1.0250081307616687,real
0.4661016949152543,0.07627118644067797,1.03766694448175,real
0.4661016949152543,0.1016949152542373,1.0504246972799605,real
0.4661016949152543,0.1271186440677966,1.0632783784150597,real
0.4661016949152543,0.15254237288135594,1.076225101308766,real
0.4661016949152543,0.17796610169491528,1.0892621001332308,real
0.4661016949152543,0.2033898305084746,1.102386725886236,real
0.4661016949152543,0.2288135593220339,1.1155964420869486,real
0.4661016949152543,0.2542372881355932,1.1288888202077252,real
0.4661016949152543,0.2796610169491526,1.1422615349410044,real
0.4661016949152543,0.3050847457627119,1.1557123593851208,real
0.4661016949152543,0.3305084745762712,1.1692391602189722,real
0.4661016949152543,0.35593220338983056,1.182839892922907,real
0.4661016949152543,0.38135593220338987,1.1965125970921129,real
0.4661016949152543,0.4067796610169492,1.210255391878926,real
0.4661016949152543,0.4322033898305085,1.2240664715920255,real
0.4661016949152543,0.4576271186440678,1.2379441014730979,real
0.4661016949152543,0.48305084745762716,1.2518866136653273,real
0.4661016949152543,0.5084745762711864,1.26589240338288,real
0.4661016949152543,0.5338983050847458,1.2799599252860918,real
0.4661016949152543,0.5593220338983051,1.2940876900635583,real
0.4661016949152543,0.5847457627118644,1.308274261219419,real
0.4661016949152543,0.6101694915254238,1.3225182520618088,real
0.4661016949152543,0.6355932203389831,1.3368183228866592,real
0.4661016949152543,0.6610169491525424,1.3511731783497118,real
0.4661016949152543,0.6864406779661018,1.365581565018593,real
0.4661016949152543,0.7118644067796611,1.380042269096112,real
0.4661016949152543,0.7372881355932204,1.3945541143055824,real
0.4661016949152543,0.7627118644067797,1.4091159599286838,real
0.4661016949152543,0.788135593220339,1.4237266989863968,real
0.4661016949152543,0.8135593220338984,1.4383852565536244,real
0.4661016949152543,0.8389830508474577,1.4530905881983083,real
0.4661016949152543,0.864406779661017,1.467841678536139,real
0.4661016949152543,0.8898305084745763,1.4826375398923144,real
0.4661016949152543,0.9152542372881356,1.4974772110621895,real
0.4661016949152543,0.940677966101695,1.512359756163062,real
0.4661016949152543,0.9661016949152543,1.5272842635697979,real
0.4661016949152543,0.9915254237288136,1.542249844927444,real
0.4661016949152543,1.0169491525423728,1.5572556342343853,real
0.4661016949152543,1.0423728813559323,1.5723007869901278,real
0.4661016949152543,1.0677966101694916,1.5873844794020888,real
0.4661016949152543,1.0932203389830508,1.602505907646305,real
0.4661016949152543,1.1186440677966103,1.6176642871773317,real
0.4661016949152543,1.1440677966101696,1.6328588520829252,real
0.4661016949152543,1.1694915254237288,1.64808885447957,real
0.4661016949152543,1.1949152542372883,1.6633535639451305,real
0.4661016949152543,1.2203389830508475,1.6786522669853166,real
0.4661016949152543,1.2457627118644068,1.6939842665308935,real
0.4661016949152543,1.2711864406779663,1.7093488814628655,real
0.4661016949152543,1.2966101694915255,1.7247454461631109,real
0.4661016949152543,1.3220338983050848,1.7401733100881778,real
0.4661016949152543,1.3474576271186443,1.7556318373641568,real
0.4661016949152543,1.3728813559322035,1.7711204064007882,real
0.4661016949152543,1.3983050847457628,1.786638409523094,real
0.4661016949152543,1.4237288135593222,1.8021852526190105,real
0.4661016949152543,1.4491525423728815,1.8177603548016632,real
0.4661016949152543,1.4745762711864407,1.8333631480850587,real
0.4661016949152543,1.5,1.848993077072063,real
0.5167796610169493,0.0,1.0,real
0.5167796610169493,0.025423728813559324,1.0139193506291784,real
0.5167796610169493,0.05084745762711865,1.0279586679724244,real
0.5167796610169493,0.07627118644067797,1.04211352224192,real
0.5167796610169493,0.1016949152542373,1.056379720986473,real
0.5167796610169493,0.1271186440677966,1.070753300162985,real
0.5167796610169493,0.15254237288135594,1.0852305140904506,real
0.5167796610169493,0.17796610169491528,1.0998078246533127,real
0.5167796610169493,0.2033898305084746,1.1144818900633071,real
0.5167796610169493,0.2288135593220339,1.1292495534357225,real
0.5167796610169493,0.2542372881355932,1.1441078313878077,real
0.5167796610169493,0.2796610169491526,1.1590539028245066,real
0.5167796610169493,0.3050847457627119,1.1740850980394537,real
0.5167796610169493,0.3305084745762712,1.1891988882272833,real
0.5167796610169493,0.35593220338983056,1.2043928754762638,real
0.5167796610169493,0.38135593220338987,1.2196647832877368,real
0.5167796610169493,0.4067796610169492,1.2350124476502717,real
0.5167796610169493,0.4322033898305085,1.2504338086814606,real
0.5167796610169493,0.4576271186440678,1.2659269028382902,real
0.5167796610169493,0.48305084745762716,1.2814898556876357,real
0.5167796610169493,0.5084745762711864,1.2971208752213657,real
0.5167796610169493,0.5338983050847458,1.312818245695202,real
0.5167796610169493,0.5593220338983051,1.3285803219667052,real
0.5167796610169493,0.5847457627118644,1.3444055243053719,real
0.5167796610169493,0.6101694915254238,1.360292333646193,real
0.5167796610169493,0.6355932203389831,1.3762392872575033,real
0.5167796610169493,0.6610169491525424,1.3922449747938042,real
0.5167796610169493,0.6864406779661018,1.4083080347047465,real
0.5167796610169493,0.7118644067796611,1.4244271509723012,real
0.5167796610169493,0.7372881355932204,1.4406010501491853,real
0.5167796610169493,0.7627118644067797,1.4568284986729738,real
0.5167796610169493,0.788135593220339,1.4731083004316452,real
0.5167796610169493,0.8135593220338984,1.4894392945578951,real
0.5167796610169493,0.8389830508474577,1.5058203534309587,real
0.5167796610169493,0.864406779661017,1.522250380866309,real
0.5167796610169493,0.8898305084745763,1.5387283104749505,real
0.5167796610169493,0.9152542372881356,1.5552531041756386,real
0.5167796610169493,0.940677966101695,1.571823750844518,real
0.5167796610169493,0.9661016949152543,1.5884392650882622,real
0.5167796610169493,0.9915254237288136,1.6050986861277585,real
0.5167796610169493,1.0169491525423728,1.6218010767807847,real
0.5167796610169493,1.0423728813559323,1.638545522533068,real
0.5167796610169493,1.0677966101694916,1.6553311306881984,real
0.5167796610169493,1.0932203389830508,1.6721570295877612,real
0.5167796610169493,1.1186440677966103,1.6890223678939968,real
0.5167796610169493,1.1440677966101696,1.705926313927944,real
0.5167796610169493,1.1694915254237288,1.7228680550569413,real
0.5167796610169493,1.1949152542372883,1.739846797125835,real
0.5167796610169493,1.2203389830508475,1.7568617639269695,real
0.5167796610169493,1.2457627118644068,1.773912196704542,real
0.5167796610169493,1.2711864406779663,1.7909973536893884,real
0.5167796610169493,1.2966101694915255,1.8081165096607088,real
0.5167796610169493,1.3220338983050848,1.8252689555316983,real
0.5167796610169493,1.3474576271186443,1.8424539979563306,real
0.5167796610169493,1.3728813559322035,1.8596709589549207,real
0.5167796610169493,1.3983050847457628,1.8769191755563819,real
0.5167796610169493,1.4237288135593222,1.8941979994553155,real
0.5167796610169493,1.4491525423728815,1.9115067966823265,real
0.5167796610169493,1.4745762711864407,1.928844947286193,real
0.5167796610169493,1.5,1.9462118450266293,real
0.5674576271186441,0.0,0.9999999999999999,real
0.5674576271186441,0.025423728813559324,1.0154097143229721,real
0.5674576271186441,0.05084745762711865,1.0309516480521284,real
0.5674576271186441,0.07627118644067797,1.0466200700117434,real
0.5674576271186441,0.1016949152542373,1.0624096485044212,real
0.5674576271186441,0.1271186440677966,1.0783154273816964,real
0.5674576271186441,0.15254237288135594,1.0943328012485911,real
0.5674576271186441,0.17796610169491528,1.1104574904667945,real
0.5674576271186441,0.2033898305084746,1.1266855164751786,real
0.5674576271186441,0.2288135593220339,1.1430131778204016,real
0.5674576271186441,0.2542372881355932,1.1594370271840235,real
0.5674576271186441,0.2796610169491526,1.1759538496042887,real
0.5674576271186441,0.3050847457627119,1.1925606420190753,real
0.5674576271186441,0.3305084745762712,1.2092545941991864,real
0.5674576271186441,0.35593220338983056,1.226033071096317,real
0.5674576271186441,0.38135593220338987,1.242893596595693,real
0.5674576271186441,0.4067796610169492,1.2598338386377783,real
0.5674576271186441,0.4322033898305085,1.2768515956549638,real
0.5674576271186441,0.4576271186440678,1.293944784256515,real
0.5674576271186441,0.48305084745762716,1.311111428086917,real
0.5674576271186441,0.5084745762711864,1.3283496477782804,real
0.5674576271186441,0.5338983050847458,1.3456576519157268,real
0.5674576271186441,0.5593220338983051,1.3630337289350698,real
0.5674576271186441,0.5847457627118644,1.380476239873967,real
0.5674576271186441,0.6101694915254238,1.3979836119007718,real
0.5674576271186441,0.6355932203389831,1.4155543325490343,real
0.5674576271186441,0.6610169491525424,1.4331869445898955,real
0.5674576271186441,0.6864406779661018,1.450880041479052,real
0.5674576271186441,0.7118644067796611,1.4686322633196482,real
0.5674576271186441,0.7372881355932204,1.4864422932870276,real
0.5674576271186441,0.7627118644067797,1.504308854465752,real
0.5674576271186441,0.788135593220339,1.5222307070536532,real
0.5674576271186441,0.8135593220338984,1.540206645891765,real
0.5674576271186441,0.8389830508474577,1.558235498282915,real
0.5674576271186441,0.864406779661017,1.5763161220653141,real
0.5674576271186441,0.8898305084745763,1.594447403910929,real
0.5674576271186441,0.9152542372881356,1.612628257821465,real
0.5674576271186441,0.940677966101695,1.630857623797686,real
0.5674576271186441,0.9661016949152543,1.6491344666604186,real
0.5674576271186441,0.9915254237288136,1.667457775003924,real
0.5674576271186441,1.0169491525423728,1.685826560264551,real
0.5674576271186441,1.0423728813559323,1.7042398558895056,real
0.5674576271186441,1.0677966101694916,1.722696716592314,real
0.5674576271186441,1.0932203389830508,1.7411962176832392,real
0.5674576271186441,1.1186440677966103,1.759737454464232,real
0.5674576271186441,1.1440677966101696,1.7783195416793351,real
0.5674576271186441,1.1694915254237288,1.796941613012638,real
0.5674576271186441,1.1949152542372883,1.815602820626789,real
0.5674576271186441,1.2203389830508475,1.8343023347360994,real
0.5674576271186441,1.2457627118644068,1.8530393432090064,real
0.5674576271186441,1.2711864406779663,1.8718130511953606,real
0.5674576271186441,1.2966101694915255,1.8906226807747295,real
0.5674576271186441,1.3220338983050848,1.9094674706223256,real
0.5674576271186441,1.3474576271186443,1.9283466756897711,real
0.5674576271186441,1.3728813559322035,1.947259566898274,real
0.5674576271186441,1.3983050847457628,1.9662054308421875,real
0.5674576271186441,1.4237288135593222,1.985183569501231,real
0.5674576271186441,1.4491525423728815,2.004193299959974,real
0.5674576271186441,1.4745762711864407,2.0232339541333713,real
0.5674576271186441,1.5,2.0423048784974265,real
0.6181355932203391,0.0,1.0,real
0.6181355932203391,0.025423728813559324,1.0169197524908093,real
0.6181355932203391,0.05084745762711865,1.033980689830805,real
0.6181355932203391,0.07627118644067797,1.0511757230583354,real
0.6181355932203391,0.1016949152542373,1.0684983869386495,real
0.6181355932203391,0.1271186440677966,1.0859427885212514,real
0.6181355932203391,0.15254237288135594,1.103503556535324,real
0.6181355932203391,0.17796610169491528,1.1211757926068084,real
0.6181355932203391,0.2033898305084746,1.1389550249754863,real
0.6181355932203391,0.2288135593220339,1.156837165145944,real
0.6181355932203391,0.2542372881355932,1.1748184677149343,real
0.6181355932203391,0.2796610169491526,1.1928954934716713,real
0.6181355932203391,0.3050847457627119,1.2110650757592458,real
0.6181355932203391,0.3305084745762712,1.229324290007346,real
0.6181355932203391,0.35593220338983056,1.2476704262929452,real
0.6181355932203391,0.38135593220338987,1.2661009647507617,real
0.6181355932203391,0.4067796610169492,1.2846135536351841,real
0.6181355932203391,0.4322033898305085,1.3032059898259194,real
0.6181355932203391,0.4576271186440678,1.3218762015682484,real
0.6181355932203391,0.48305084745762716,1.340622233243102,real
0.6181355932203391,0.5084745762711864,1.3594422319703339,real
0.6181355932203391,0.5338983050847458,1.3783344358593426,real
0.6181355932203391,0.5593220338983051,1.3972971637334362,real
0.6181355932203391,0.5847457627118644,1.4163288061673747,real
0.6181355932203391,0.6101694915254238,1.435427817690722,real
0.6181355932203391,0.6355932203389831,1.454592710022665,real
0.6181355932203391,0.6610169491525424,1.4738220462165486,real
0.6181355932203391,0.6864406779661018,1.4931144356042372,real
0.6181355932203391,0.7118644067796611,1.5124685294416647,real
0.6181355932203391,0.7372881355932204,1.5318830171672442,real
0.6181355932203391,0.7627118644067797,1.551356623194389,real
0.6181355932203391,0.788135593220339,1.5708881041681448,real
0.6181355932203391,0.8135593220338984,1.590476246623847,real
0.6181355932203391,0.8389830508474577,1.6101198649929656,real
0.6181355932203391,0.864406779661017,1.629817799907744,real
0.6181355932203391,0.8898305084745763,1.6495689167621086,real
0.6181355932203391,0.9152542372881356,1.6693721044915346,real
0.6181355932203391,0.940677966101695,1.689226274539221,real
0.6181355932203391,0.9661016949152543,1.7091303599801178,real
0.6181355932203391,0.9915254237288136,1.729083314777991,real
0.6181355932203391,1.0169491525423728,1.7490841131540382,real
0.6181355932203391,1.0423728813559323,1.7691317490484482,real
0.6181355932203391,1.0677966101694916,1.7892252356588618,real
0.6181355932203391,1.0932203389830508,1.8093636050419333,real
0.6181355932203391,1.1186440677966103,1.8295459077661802,real
0.6181355932203391,1.1440677966101696,1.849771212606088,real
0.6181355932203391,1.1694915254237288,1.8700386062688599,real
0.6181355932203391,1.1949152542372883,1.8903471931466427,real
0.6181355932203391,1.2203389830508475,1.9106960950881302,real
0.6181355932203391,1.2457627118644068,1.931084451184514,real
0.6181355932203391,1.2711864406779663,1.9515114175655435,real
0.6181355932203391,1.2966101694915255,1.9719761672023108,real
0.6181355932203391,1.3220338983050848,1.9924778897139133,real
0.6181355932203391,1.3474576271186443,2.013015791175807,real
0.6181355932203391,1.3728813559322035,2.033589093928031,real
0.6181355932203391,1.3983050847457628,2.0541970363820017,real
0.6181355932203391,1.4237288135593222,2.074838872824807,real
0.6181355932203391,1.4491525423728815,2.095513873220294,real
0.6181355932203391,1.4745762711864407,2.1162213230064792,real
0.6181355932203391,1.5,2.136960522888918,real
0.668813559322034,0.0,0.9999999999999999,real
0.668813559322034,0.025423728813559324,1.0184459835472603,real
0.668813559322034,0.05084745762711865,1.037037964582666,real
0.668813559322034,0.07627118644067797,1.0557675571224379,real
0.668813559322034,0.1016949152542373,1.074627287535738,real
0.668813559322034,0.1271186440677966,1.0936104980610304,real
0.668813559322034,0.15254237288135594,1.112711255780648,real
0.668813559322034,0.17796610169491528,1.1319242681306974,real
0.668813559322034,0.2033898305084746,1.1512448054916868,real
0.668813559322034,0.2288135593220339,1.1706686310166936,real
0.668813559322034,0.2542372881355932,1.190191937579905,real
0.668813559322034,0.2796610169491526,1.2098112915442347,real
0.668813559322034,0.3050847457627119,1.229523582930461,real
0.668813559322034,0.3305084745762712,1.2493259815049726,real
0.668813559322034,0.35593220338983056,1.2692158982741473,real
0.668813559322034,0.38135593220338987,1.2891909518702491,real
0.668813559322034,0.4067796610169492,1.3092489393278124,real
0.668813559322034,0.4322033898305085,1.3293878107748498,real
0.668813559322034,0.4576271186440678,1.3496056475952116,real
0.668813559322034,0.48305084745762716,1.3699006436537748,real
0.668813559322034,0.5084745762711864,1.390271089212652,real
0.668813559322034,0.5338983050847458,1.4107153572027014,real
0.668813559322034,0.5593220338983051,1.4312318915491753,real
0.668813559322034,0.5847457627118644,1.4518191972830203,real
0.668813559322034,0.6101694915254238,1.472475832199394,real
0.668813559322034,0.6355932203389831,1.493200399852757,real
0.668813559322034,0.6610169491525424,1.5139915437028169,real
0.668813559322034,0.6864406779661018,1.534847942248372,real
0.668813559322034,0.7118644067796611,1.5557683050062698,real
0.668813559322034,0.7372881355932204,1.5767513692107555,real
0.668813559322034,0.7627118644067797,1.5977958971246562,real
0.668813559322034,0.788135593220339,1.618900673867911,real
0.668813559322034,0.8135593220338984,1.640064505681642,real
0.668813559322034,0.8389830508474577,1.6612862185569313,real
0.668813559322034,0.864406779661017,1.6825646571672468,real
0.668813559322034,0.8898305084745763,1.7038986840519532,real
0.668813559322034,0.9152542372881356,1.7252871790057986,real
0.668813559322034,0.940677966101695,1.7467290386358416,real
0.668813559322034,0.9661016949152543,1.7682231760528908,real
0.668813559322034,0.9915254237288136,1.7897685206695482,real
0.668813559322034,1.0169491525423728,1.811364018081234,real
0.668813559322034,1.0423728813559323,1.833008630010257,real
0.668813559322034,1.0677966101694916,1.854701334296319,real
0.668813559322034,1.0932203389830508,1.876441124919509,real
0.668813559322034,1.1186440677966103,1.898227012044398,real
0.668813559322034,1.1440677966101696,1.9200580220757406,real
0.668813559322034,1.1694915254237288,1.9419331977182221,real
0.668813559322034,1.1949152542372883,1.9638515980340787,real
0.668813559322034,1.2203389830508475,1.9858122984937898,real
0.668813559322034,1.2457627118644068,2.0078143910161073,real
0.668813559322034,1.2711864406779663,2.029856983994564,real
0.668813559322034,1.2966101694915255,2.0519392023084917,real
0.668813559322034,1.3220338983050848,2.0740601873170794,real
0.668813559322034,1.3474576271186443,2.096219096835714,real
0.668813559322034,1.3728813559322035,2.118415105094101,real
0.668813559322034,1.3983050847457628,2.1406474026761915,real
0.668813559322034,1.4237288135593222,2.1629151964421456,real
0.668813559322034,1.4491525423728815,2.1852177094327914,real
0.668813559322034,1.4745762711864407,2.2075541807572776,real
0.668813559322034,1.5,2.229923865464711,real
0.7194915254237289,0.0,1.0,real
0.7194915254237289,0.025423728813559324,1.0199842939497195,real
0.7194915254237289,0.05084745762711865,1.040114468508265,real
0.7194915254237289,0.07627118644067797,1.060381051598671,real
0.7194915254237289,0.1016949152542373,1.0807758295794143,real
0.7194915254237289,0.1271186440677966,1.1012916836038933,real
0.7194915254237289,0.15254237288135594,1.1219224409538673,real
0.7194915254237289,0.17796610169491528,1.1426627417970152,real
0.7194915254237289,0.2033898305084746,1.1635079210643546,real
0.7194915254237289,0.2288135593220339,1.184453904664403,real
0.7194915254237289,0.2542372881355932,1.2054971189732022,real
0.7194915254237289,0.2796610169491526,1.226634412403675,real
0.7194915254237289,0.3050847457627119,1.2478629878191556,real
0.7194915254237289,0.3305084745762712,1.26918034458068,real
0.7194915254237289,0.35593220338983056,1.290584229081485,real
0.7194915254237289,0.38135593220338987,1.312072592708043,real
0.7194915254237289,0.4067796610169492,1.3336435562631368,real
0.7194915254237289,0.4322033898305085,1.3552953799851057,real
0.7194915254237289,0.4576271186440678,1.3770264383935478,real
0.7194915254237289,0.48305084745762716,1.398835199282472,real
0.7194915254237289,0.5084745762711864,1.4207202062655286,real
0.7194915254237289,0.5338983050847458,1.4426800643537925,real
0.7194915254237289,0.5593220338983051,1.4647134281145848,real
0.7194915254237289,0.5847457627118644,1.486818992020212,real
0.7194915254237289,0.6101694915254238,1.5089954826487613,real
0.7194915254237289,0.6355932203389831,1.5312416524458063,real
0.7194915254237289,0.6610169491525424,1.553556274796758,real
0.7194915254237289,0.6864406779661018,1.5759381401950643,real
0.7194915254237289,0.7118644067796611,1.59838605332243,real
0.7194915254237289,0.7372881355932204,1.6208988308838965,real
0.7194915254237289,0.7627118644067797,1.6434753000638522,real
0.7194915254237289,0.788135593220339,1.6661142974889578,real
0.7194915254237289,0.8135593220338984,1.6888146686013126,real
0.7194915254237289,0.8389830508474577,1.7115752673599327,real
0.7194915254237289,0.864406779661017,1.7343949562015446,real
0.7194915254237289,0.8898305084745763,1.7572726062025477,real
0.7194915254237289,0.9152542372881356,1.7802070973935469,real
0.7194915254237289,0.940677966101695,1.8031973191858752,real
0.7194915254237289,0.9661016949152543,1.8262421708764962,real
0.7194915254237289,0.9915254237288136,1.8493405622035473,real
0.7194915254237289,1.0169491525423728,1.8724914139298858,real
0.7194915254237289,1.0423728813559323,1.895693658436247,real
0.7194915254237289,1.0677966101694916,1.9189462403092827,real
0.7194915254237289,1.0932203389830508,1.942248116912862,real
0.7194915254237289,1.1186440677966103,1.9655982589335548,real
0.7194915254237289,1.1440677966101696,1.9889956508934863,real
0.7194915254237289,1.1694915254237288,2.0124392916255376,real
0.7194915254237289,1.1949152542372883,2.0359281947073677,real
0.7194915254237289,1.2203389830508475,2.059461388852065,real
0.7194915254237289,1.2457627118644068,2.083037918254223,real
0.7194915254237289,1.2711864406779663,2.106656842891078,real
0.7194915254237289,1.2966101694915255,2.1303172387790714,real
0.7194915254237289,1.3220338983050848,2.1540181981867006,real
0.7194915254237289,1.3474576271186443,2.1777588298049606,real
0.7194915254237289,1.3728813559322035,2.201538258877027,real
0.7194915254237289,1.3983050847457628,2.2253556272890482,real
0.7194915254237289,1.4237288135593222,2.249210093624083,real
0.7194915254237289,1.4491525423728815,2.2731008331813767,real
0.7194915254237289,1.4745762711864407,2.297027037963183,real
0.7194915254237289,1.5,2.3209879166314225,real
0.7701694915254238,0.0,1.0,real
0.7701694915254238,0.025423728813559324,1.0215300684535924,real
0.7701694915254238,0.05084745762711865,1.0432003173910214,real
0.7701694915254238,0.07627118644067797,1.0650005766148647,real
0.7701694915254238,0.1016949152542373,1.0869223194040303,real
0.7701694915254238,0.1271186440677966,1.1089584066823313,real
0.7701694915254238,0.15254237288135594,1.1311028628450073,real
0.7701694915254238,0.17796610169491528,1.1533506815606447,real
0.7701694915254238,0.2033898305084746,1.1756976590809343,real
0.7701694915254238,0.2288135593220339,1.198140252240841,real
0.7701694915254238,0.2542372881355932,1.2206754582632382,real
0.7701694915254238,0.2796610169491526,1.2433007135856655,real
0.7701694915254238,0.3050847457627119,1.2660138091271533,real
0.7701694915254238,0.3305084745762712,1.28881281965992,real
0.7701694915254238,0.35593220338983056,1.3116960452121835,real
0.7701694915254238,0.38135593220338987,1.3346619626846996,real
0.7701694915254238,0.4067796610169492,1.3577091861039317,real
0.7701694915254238,0.4322033898305085,1.3808364341532626,real
0.7701694915254238,0.4576271186440678,1.4040425038185131,real
0.7701694915254238,0.48305084745762716,1.4273262491551526,real
0.7701694915254238,0.5084745762711864,1.4506865643333429,real
0.7701694915254238,0.5338983050847458,1.47412237024535,real
0.7701694915254238,0.5593220338983051,1.4976326040699288,real
0.7701694915254238,0.5847457627118644,1.5212162112823975,real
0.7701694915254238,0.6101694915254238,1.5448721396791865,real
0.7701694915254238,0.6355932203389831,1.568599335053816,real
0.7701694915254238,0.6610169491525424,1.5923967382189745,real
0.7701694915254238,0.6864406779661018,1.6162632831184254,real
0.7701694915254238,0.7118644067796611,1.6401978958139427,real
0.7701694915254238,0.7372881355932204,1.6641994941676126,real
0.7701694915254238,0.7627118644067797,1.6882669880695724,real
0.7701694915254238,0.788135593220339,1.7123992800864356,real
0.7701694915254238,0.8135593220338984,1.7365952664268929,real
0.7701694915254238,0.8389830508474577,1.760853838138985,real
0.7701694915254238,0.864406779661017,1.7851738824687038,real
0.7701694915254238,0.8898305084745763,1.8095542843224233,real
0.7701694915254238,0.9152542372881356,1.8339939277864292,real
0.7701694915254238,0.940677966101695,1.8584916976659491,real
0.7701694915254238,0.9661016949152543,1.8830464810136784,real
0.7701694915254238,0.9915254237288136,1.907657168624271,real
0.7701694915254238,1.0169491525423728,1.9323226564765323,real
0.7701694915254238,1.0423728813559323,1.9570418471096274,real
0.7701694915254238,1.0677966101694916,1.98181365092323,real
0.7701694915254238,1.0932203389830508,2.006636987394674,real
0.7701694915254238,1.1186440677966103,2.031510786208632,real
0.7701694915254238,1.1440677966101696,2.0564339882969893,real
0.7701694915254238,1.1694915254237288,2.081405546788118,real
0.7701694915254238,1.1949152542372883,2.1064244278662754,real
0.7701694915254238,1.2203389830508475,2.1314896115426922,real
0.7701694915254238,1.2457627118644068,2.1566000923409647,real
0.7701694915254238,1.2711864406779663,2.1817548798997985,real
0.7701694915254238,1.2966101694915255,2.206952999496755,real
0.7701694915254238,1.3220338983050848,2.232193492496885,real
0.7701694915254238,1.3474576271186443,2.2574754167304416,real
0.7701694915254238,1.3728813559322035,2.282797846803898,real
0.7701694915254238,1.3983050847457628,2.3081598743485716,real
0.7701694915254238,1.4237288135593222,2.333560608211217,real
0.7701694915254238,1.4491525423728815,2.3589991745907564,real
0.7701694915254238,1.4745762711864407,2.3844747171253116,real
0.7701694915254238,1.5,2.4099863969335824,real
0.8208474576271187,0.0,0.9999999999999999,real
0.8208474576271187,0.025423728813559324,1.0230783266901728,real
0.8208474576271187,0.05084745762711865,1.046285047712361,real
0.8208474576271187,0.07627118644067797,1.0696098773445633,real
0.8208474576271187,0.1016949152542373,1.093044565981641,real
0.8208474576271187,0.1271186440677966,1.116582527207614,real
0.8208474576271187,0.15254237288135594,1.1402185225087975,real
0.8208474576271187,0.17796610169491528,1.1639483972739177,real
0.8208474576271187,0.2033898305084746,1.1877688614466404,real
0.8208474576271187,0.2288135593220339,1.2116773084528516,real
0.8208474576271187,0.2542372881355932,1.2356716665633678,real
0.8208474576271187,0.2796610169491526,1.2597502775107128,real
0.8208474576271187,0.3050847457627119,1.2839117978594192,real
0.8208474576271187,0.3305084745762712,1.308155119278519,real
0.8208474576271187,0.35593220338983056,1.332479304455447,real
0.8208474576271187,0.38135593220338987,1.3568835359114682,real
0.8208474576271187,0.4067796610169492,1.381367075429198,real
0.8208474576271187,0.4322033898305085,1.4059292321866288,real
0.8208474576271187,0.4576271186440678,1.4305693380160074,real
0.8208474576271187,0.48305084745762716,1.455286728477432,real
0.8208474576271187,0.5084745762711864,1.4800807286634272,real
0.8208474576271187,0.5338983050847458,1.5049506428389834,real
0.8208474576271187,0.5593220338983051,1.5298957471776584,real
0.8208474576271187,0.5847457627118644,1.5549152849837162,real
0.8208474576271187,0.6101694915254238,1.580008463897386,real
0.8208474576271187,0.6355932203389831,1.605174454669031,real
0.8208474576271187,0.6610169491525424,1.6304123911614643,real
0.8208474576271187,0.6864406779661018,1.6557213713005312,real
0.8208474576271187,0.7118644067796611,1.6811004587445373,real
0.8208474576271187,0.7372881355932204,1.706548685084955,real
0.8208474576271187,0.7627118644067797,1.7320650524255803,real
0.8208474576271187,0.788135593220339,1.7576485362161587,real
0.8208474576271187,0.8135593220338984,1.78329808824043,real
0.8208474576271187,0.8389830508474577,1.8090126396784059,real
0.8208474576271187,0.864406779661017,1.8347911041792138,real
0.8208474576271187,0.8898305084745763,1.8606323808944458,real
0.8208474576271187,0.9152542372881356,1.886535357433324,real
0.8208474576271187,0.940677966101695,1.9124989127102752,real
0.8208474576271187,0.9661016949152543,1.9385219196632169,real
0.8208474576271187,0.9915254237288136,1.9646032478271989,real
0.8208474576271187,1.0169491525423728,1.9907417657531365,real
0.8208474576271187,1.0423728813559323,2.016936343265622,real
0.8208474576271187,1.0677966101694916,2.0431858535571514,real
0.8208474576271187,1.0932203389830508,2.0694891751188176,real
0.8208474576271187,1.1186440677966103,2.095845193509632,real
0.8208474576271187,1.1440677966101696,2.1222528029683567,real
0.8208474576271187,1.1694915254237288,2.1487109078729505,real
0.8208474576271187,1.1949152542372883,2.1752184240536807,real
0.8208474576271187,1.2203389830508475,2.201774279966702,real
0.8208474576271187,1.2457627118644068,2.2283774177352473,real
0.8208474576271187,1.2711864406779663,2.2550267940659268,real
0.8208474576271187,1.2966101694915255,2.281721381047796,real
0.8208474576271187,1.3220338983050848,2.308460166841694,real
0.8208474576271187,1.3474576271186443,2.335242156267522,real
0.8208474576271187,1.3728813559322035,2.362066371296721,real
0.8208474576271187,1.3983050847457628,2.3889318514571753,real
0.8208474576271187,1.4237288135593222,2.4158376541574094,real
0.8208474576271187,1.4491525423728815,2.442782854936694,real
0.8208474576271187,1.4745762711864407,2.469766547647367,real
0.8208474576271187,1.5,2.4967878445753056,real
0.8715254237288137,0.0,1.0,real
0.8715254237288137,0.025423728813559324,1.024623859865919,real
0.8715254237288137,0.05084745762711865,1.0493579101057378,real
0.8715254237288137,0.07627118644067797,1.0741925326884434,real
0.8715254237288137,0.1016949152542373,1.0991205018798174,real
0.8715254237288137,0.1271186440677966,1.1241364737411532,real
0.8715254237288137,0.15254237288135594,1.149236569934582,real
0.8715254237288137,0.17796610169491528,1.1744180411462568,real
0.8715254237288137,0.2033898305084746,1.1996789966922006,real
0.8715254237288137,0.2288135593220339,1.2250181885386742,real
0.8715254237288137,0.2542372881355932,1.2504348397118557,real
0.8715254237288137,0.2796610169491526,1.275928508714064,real
0.8715254237288137,0.3050847457627119,1.3014989830256314,real
0.8715254237288137,0.3305084745762712,1.3271461960281168,real
0.8715254237288137,0.35593220338983056,1.3528701627404431,real
0.8715254237288137,0.38135593220338987,1.3786709306333371,real
0.8715254237288137,0.4067796610169492,1.404548542503158,real
0.8715254237288137,0.4322033898305085,1.4305030089684336,real
0.8715254237288137,0.4576271186440678,1.456534288623827,real
0.8715254237288137,0.48305084745762716,1.482642274266975,real
0.8715254237288137,0.5084745762711864,1.5088267839207006,real
0.8715254237288137,0.5338983050847458,1.5350875556205026,real
0.8715254237288137,0.5593220338983051,1.5614242451368066,real
0.8715254237288137,0.5847457627118644,1.587836425962437,real
0.8715254237288137,0.6101694915254238,1.6143235910258567,real
0.8715254237288137,0.6355932203389831,1.6408851556959376,real
0.8715254237288137,0.6610169491525424,1.6675204617293335,real
0.8715254237288137,0.6864406779661018,1.6942287818806487,real
0.8715254237288137,0.7118644067796611,1.7210093249519007,real
0.8715254237288137,0.7372881355932204,1.7478612411034944,real
0.8715254237288137,0.7627118644067797,1.7747836272861661,real
0.8715254237288137,0.788135593220339,1.8017755326837896,real
0.8715254237288137,0.8135593220338984,1.8288359640816259,real
0.8715254237288137,0.8389830508474577,1.8559638910947855,real
0.8715254237288137,0.864406779661017,1.8831582512081113,real
0.8715254237288137,0.8898305084745763,1.910417954591982,real
0.8715254237288137,0.9152542372881356,1.9377418886693647,real
0.8715254237288137,0.940677966101695,1.9651289224181665,real
0.8715254237288137,0.9661016949152543,1.9925779103999106,real
0.8715254237288137,0.9915254237288136,2.0200876965113643,real
0.8715254237288137,1.0169491525423728,2.0476571174601816,real
0.8715254237288137,1.0423728813559323,2.0752850059690005,real
0.8715254237288137,1.0677966101694916,2.1029701937151732,real
0.8715254237288137,1.0932203389830508,2.130711514015231,real
0.8715254237288137,1.1186440677966103,2.158507804264697,real
0.8715254237288137,1.1440677966101696,2.18635790814483,real
0.8715254237288137,1.1694915254237288,2.2142606776085914,real
0.8715254237288137,1.1949152542372883,2.242214974658458,real
0.8715254237288137,1.2203389830508475,2.27021967292885,real
0.8715254237288137,1.2457627118644068,2.298273659085886,real
0.8715254237288137,1.2711864406779663,2.326375834057019,real
0.8715254237288137,1.2966101694915255,2.354525114102694,real
0.8715254237288137,1.3220338983050848,2.382720431741915,real
0.8715254237288137,1.3474576271186443,2.410960736542992,real
0.8715254237288137,1.3728813559322035,2.439244995790368,real
0.8715254237288137,1.3983050847457628,2.467572195037766,real
0.8715254237288137,1.4237288135593222,2.4959413385574774,real
0.8715254237288137,1.4491525423728815,2.524351449694875,real
0.8715254237288137,1.4745762711864407,2.552801571136883,real
0.8715254237288137,1.5,2.581290765102385,real
0.9222033898305086,0.0,1.0,real
0.9222033898305086,0.025423728813559324,1.0261613621679002,real
0.9222033898305086,0.05084745762711865,1.0524081433895678,real
0.9222033898305086,0.07627118644067797,1.0787323704415206,real
0.9222033898305086,0.1016949152542373,1.1051287270706354,real
0.9222033898305086,0.1271186440677966,1.13159389503132,real
0.9222033898305086,0.15254237288135594,1.1581260367418575,real
0.9222033898305086,0.17796610169491528,1.1847243919224542,real
0.9222033898305086,0.2033898305084746,1.211388964980378,real
0.9222033898305086,0.2288135593220339,1.238120284113046,real
0.9222033898305086,0.2542372881355932,1.2649192168068506,real
0.9222033898305086,0.2796610169491526,1.2917868295311317,real
0.9222033898305086,0.3050847457627119,1.3187242819822185,real
0.9222033898305086,0.3305084745762712,1.3457327482869443,real
0.9222033898305086,0.35593220338983056,1.3728133592072902,real
0.9222033898305086,0.38135593220338987,1.3999671606748996,real
0.9222033898305086,0.4067796610169492,1.4271950849943262,real
0.9222033898305086,0.4322033898305085,1.4544979318446887,real
0.9222033898305086,0.4576271186440678,1.481876356827796,real
0.9222033898305086,0.48305084745762716,1.5093308657945201,real
0.9222033898305086,0.5084745762711864,1.5368618135598184,real
0.9222033898305086,0.5338983050847458,1.5644694059137667,real
0.9222033898305086,0.5593220338983051,1.5921537040691311,real
0.9222033898305086,0.5847457627118644,1.619914630869784,real
0.9222033898305086,0.6101694915254238,1.6477519782291732,real
0.9222033898305086,0.6355932203389831,1.6756654153828656,real
0.9222033898305086,0.6610169491525424,1.7036544976301635,real
0.9222033898305086,0.6864406779661018,1.73171867531212,real
0.9222033898305086,0.7118644067796611,1.7598573028310263,real
0.9222033898305086,0.7372881355932204,1.7880696475622753,real
0.9222033898305086,0.7627118644067797,1.8163548985463778,real
0.9222033898305086,0.788135593220339,1.8447121748781128,real
0.9222033898305086,0.8135593220338984,1.873140533733311,real
0.9222033898305086,0.8389830508474577,1.901638977992353,real
0.9222033898305086,0.864406779661017,1.9302064634343894,real
0.9222033898305086,0.8898305084745763,1.9588419054880077,real
0.9222033898305086,0.9152542372881356,1.987544185533288,real
0.9222033898305086,0.940677966101695,2.016312156757515,real
0.9222033898305086,0.9661016949152543,2.045144649572268,real
0.9222033898305086,0.9915254237288136,2.074040476603929,real
0.9222033898305086,1.0169491525423728,2.102998437272778,real
0.9222033898305086,1.0423728813559323,2.1320173219780862,real
0.9222033898305086,1.0677966101694916,2.1610959159082,real
0.9222033898305086,1.0932203389830508,2.190233002495538,real
0.9222033898305086,1.1186440677966103,2.2194273665369995,real
0.9222033898305086,1.1440677966101696,2.248677797000367,real
0.9222033898305086,1.1694915254237288,2.27798308953715,real
0.9222033898305086,1.1949152542372883,2.307342048721987,real
0.9222033898305086,1.2203389830508475,2.3367534900380855,real
0.9222033898305086,1.2457627118644068,2.3662162416276042,real
0.9222033898305086,1.2711864406779663,2.39572914582502,real
0.9222033898305086,1.2966101694915255,2.425291060490714,real
0.9222033898305086,1.3220338983050848,2.4549008601611906,real
0.9222033898305086,1.3474576271186443,2.4845574370312877,real
0.9222033898305086,1.3728813559322035,2.514259701782993,real
0.9222033898305086,1.3983050847457628,2.5440065842744906,real
0.9222033898305086,1.4237288135593222,2.5737970341021774,real
0.9222033898305086,1.4491525423728815,2.603630021047527,real
0.9222033898305086,1.4745762711864407,2.633504535419867,real
0.9222033898305086,1.5,2.6634195883053313,real
0.9728813559322035,0.0,1.0,real
0.9728813559322035,0.025423728813559324,1.0276855524572754,real
0.9728813559322035,0.05084745762711865,1.05542522021042,real
0.9728813559322035,0.07627118644067797,1.0832138265230817,real
0.9728813559322035,0.1016949152542373,1.1110489619081267,real
0.9728813559322035,0.1271186440677966,1.138930180825196,real
0.9728813559322035,0.15254237288135594,1.1668583958966448,real
0.9728813559322035,0.17796610169491528,1.194835424006334,real
0.9728813559322035,0.2033898305084746,1.2228636483587236,real
0.9728813559322035,0.2288135593220339,1.2509457686743606,real
0.9728813559322035,0.2542372881355932,1.2790846181855342,real
0.9728813559322035,0.2796610169491526,1.307283031168595,real
0.9728813559322035,0.3050847457627119,1.3355437486561865,real
0.9728813559322035,0.3305084745762712,1.3638693529539527,real
0.9728813559322035,0.35593220338983056,1.3922622238489215,real
0.9728813559322035,0.38135593220338987,1.4207245111093407,real
0.9728813559322035,0.4067796610169492,1.449258119170746,real
0.9728813559322035,0.4322033898305085,1.4778647008827848,real
0.9728813559322035,0.4576271186440678,1.5065456579335699,real
0.9728813559322035,0.48305084745762716,1.5353021461318825,real
0.9728813559322035,0.5084745762711864,1.5641350841564794,real
0.9728813559322035,0.5338983050847458,1.5930451647093358,real
0.9728813559322035,0.5593220338983051,1.6220328672604625,real
0.9728813559322035,0.5847457627118644,1.6510984717647328,real
0.9728813559322035,0.6101694915254238,1.6802420728797804,real
0.9728813559322035,0.6355932203389831,1.7094635943289511,real
0.9728813559322035,0.6610169491525424,1.738762803142437,real
0.9728813559322035,0.6864406779661018,1.7681393235790384,real
0.9728813559322035,0.7118644067796611,1.7975926505849185,real
0.9728813559322035,0.7372881355932204,1.8271221626878966,real
0.9728813559322035,0.7627118644067797,1.8567271342585345,real
0.9728813559322035,0.788135593220339,1.8864067470949126,real
0.9728813559322035,0.8135593220338984,1.9161601013077982,real
0.9728813559322035,0.8389830508474577,1.9459862254983127,real
0.9728813559322035,0.864406779661017,1.9758840862319593,real
0.9728813559322035,0.8898305084745763,2.0058525968218333,real
0.9728813559322035,0.9152542372881356,2.0358906254405698,real
0.9728813559322035,0.940677966101695,2.06599700258545,real
0.9728813559322035,0.9661016949152543,2.096170527924581,real
0.9728813559322035,0.9915254237288136,2.1264099765543567,real
0.9728813559322035,1.0169491525423728,2.1567141046998826,real
0.9728813559322035,1.0423728813559323,2.1870816548906484,real
0.9728813559322035,1.0677966101694916,2.217511360643919,real
0.9728813559322035,1.0932203389830508,2.248001950688008,real
0.9728813559322035,1.1186440677966103,2.2785521527568244,real
0.9728813559322035,1.1440677966101696,2.3091606969863268,real
0.9728813559322035,1.1694915254237288,2.339826318942247,real
0.9728813559322035,1.1949152542372883,2.3705477623072766,real
0.9728813559322035,1.2203389830508475,2.4013237812545403,real
0.9728813559322035,1.2457627118644068,2.4321531425327723,real
0.9728813559322035,1.2711864406779663,2.4630346272872012,real
0.9728813559322035,1.2966101694915255,2.4939670326386656,real
0.9728813559322035,1.3220338983050848,2.5249491730421334,real
0.9728813559322035,1.3474576271186443,2.5559798814443195,real
0.9728813559322035,1.3728813559322035,2.587058010258863,real
0.9728813559322035,1.3983050847457628,2.618182432176034,real
0.9728813559322035,1.4237288135593222,2.6493520408229427,real
0.9728813559322035,1.4491525423728815,2.680565751288778,real
0.9728813559322035,1.4745762711864407,2.7118225005286507,real
0.9728813559322035,1.5,2.743121247658491,real
1.0235593220338985,0.0,1.0,real
1.0235593220338985,0.025423728813559324,1.029191282932991,real
1.0235593220338985,0.05084745762711865,1.0583990582376546,real
1.0235593220338985,0.07627118644067797,1.0876222411798777,real
1.0235593220338985,0.1016949152542373,1.1168624036584314,real
1.0235593220338985,0.1271186440677966,1.1461228506639287,real
1.0235593220338985,0.15254237288135594,1.175407954261585,real
1.0235593220338985,0.17796610169491528,1.2047226768403025,real
1.0235593220338985,0.2033898305084746,1.2340722328801466,real
1.0235593220338985,0.2288135593220339,1.263461851856072,real
1.0235593220338985,0.2542372881355932,1.292896614877552,real
1.0235593220338985,0.2796610169491526,1.3223813450233572,real
1.0235593220338985,0.3050847457627119,1.351920536718105,real
1.0235593220338985,0.3305084745762712,1.3815183134268505,real
1.0235593220338985,0.35593220338983056,1.411178405807362,real
1.0235593220338985,0.38135593220338987,1.4409041445473039,real
1.0235593220338985,0.4067796610169492,1.4706984636381126,real
1.0235593220338985,0.4322033898305085,1.5005639109536892,real
1.0235593220338985,0.4576271186440678,1.5305026638218358,real
1.0235593220338985,0.48305084745762716,1.5605165478805485,real
1.0235593220338985,0.5084745762711864,1.5906070579581497,real
1.0235593220338985,0.5338983050847458,1.6207753800480265,real
1.0235593220338985,0.5593220338983051,1.651022413695957,real
1.0235593220338985,0.5847457627118644,1.6813487943029508,real
1.0235593220338985,0.6101694915254238,1.7117549149852385,real
1.0235593220338985,0.6355932203389831,1.7422409477375176,real
1.0235593220338985,0.6610169491525424,1.7728068637243135,real
1.0235593220338985,0.6864406779661018,1.803452452583837,real
1.0235593220338985,0.7118644067796611,1.834177340673719,real
1.0235593220338985,0.7372881355932204,1.8649810082219151,real
1.0235593220338985,0.7627118644067797,1.8958628053716766,real
1.0235593220338985,0.788135593220339,1.9268219671285491,real
1.0235593220338985,0.8135593220338984,1.9578576272315544,real
1.0235593220338985,0.8389830508474577,1.9889688309810045,real
1.0235593220338985,0.864406779661017,2.020154547062772,real
1.0235593220338985,0.8898305084745763,2.051413678413911,real
1.0235593220338985,0.9152542372881356,2.082745072177713,real
1.0235593220338985,0.940677966101695,2.114147528798203,real
1.0235593220338985,0.9661016949152543,2.1456198103048028,real
1.0235593220338985,0.9915254237288136,2.1771606478378347,real
1.0235593220338985,1.0169491525423728,2.208768748464783,real
1.0235593220338985,1.0423728813559323,2.2404428013360924,real
1.0235593220338985,1.0677966101694916,2.2721814832275977,real
1.0235593220338985,1.0932203389830508,2.303983463514963,real
1.0235593220338985,1.1186440677966103,2.33584740862338,real
1.0235593220338985,1.1440677966101696,2.3677719859936768,real
1.0235593220338985,1.1694915254237288,2.399755867603787,real
1.0235593220338985,1.1949152542372883,2.4317977330822584,real
1.0235593220338985,1.2203389830508475,2.4638962724482676,real
1.0235593220338985,1.2457627118644068,2.4960501885103867,real
1.0235593220338985,1.2711864406779663,2.528258198954245,real
1.0235593220338985,1.2966101694915255,2.560519038147073,real
1.0235593220338985,1.3220338983050848,2.592831458685198,real
1.0235593220338985,1.3474576271186443,2.6251942327085853,real
1.0235593220338985,1.3728813559322035,2.657606153004696,real
1.0235593220338985,1.3983050847457628,2.690066033922284,real
1.0235593220338985,1.4237288135593222,2.7225727121140006,real
1.0235593220338985,1.4491525423728815,2.7551250471252673,real
1.0235593220338985,1.4745762711864407,2.7877219218453195,real
1.0235593220338985,1.5,2.8203622428351136,real
1.0742372881355933,0.0,1.0,real
1.0742372881355933,0.025423728813559324,1.030673632555223,real
1.0742372881355933,0.05084745762711865,1.0613201936197243,real
1.0742372881355933,0.07627118644067797,1.0919440898295243,real
1.0742372881355933,0.1016949152542373,1.1225519876708427,real
1.0742372881355933,0.1271186440677966,1.15315181760142,real
1.0742372881355933,0.15254237288135594,1.1837520928247687,real
1.0742372881355933,0.17796610169491528,1.2143614487713335,real
1.0742372881355933,0.2033898305084746,1.2449883370443702,real
1.0742372881355933,0.2288135593220339,1.2756408273148583,real
1.0742372881355933,0.2542372881355932,1.3063264845407951,real
1.0742372881355933,0.2796610169491526,1.3370522986154154,real
1.0742372881355933,0.3050847457627119,1.3678246503507518,real
1.0742372881355933,0.3305084745762712,1.398649302460569,real
1.0742372881355933,0.35593220338983056,1.429531407540801,real
1.0742372881355933,0.38135593220338987,1.460475527388712,real
1.0742372881355933,0.4067796610169492,1.491485659654237,real
1.0742372881355933,0.4322033898305085,1.5225652689861813,real
1.0742372881355933,0.4576271186440678,1.5537173206666712,real
1.0742372881355933,0.48305084745762716,1.5849443153194196,real
1.0742372881355933,0.5084745762711864,1.616248323701221,real
1.0742372881355933,0.5338983050847458,1.6476310208903704,real
1.0742372881355933,0.5593220338983051,1.679093719404749,real
1.0742372881355933,0.5847457627118644,1.7106374009405383,real
1.0742372881355933,0.6101694915254238,1.742262746536779,real
1.0742372881355933,0.6355932203389831,1.7739701650537403,real
1.0742372881355933,0.6610169491525424,1.8057598199127554,real
1.0742372881355933,0.6864406779661018,1.8376316540882789,real
1.0742372881355933,0.7118644067796611,1.869585413373623,real
1.0742372881355933,0.7372881355932204,1.9016206679637055,real
1.0742372881355933,0.7627118644067797,1.9337368324132034,real
1.0742372881355933,0.788135593220339,1.9659331840387355,real
1.0742372881355933,0.8135593220338984,1.9982088798402229,real
1.0742372881355933,0.8389830508474577,2.030562972020315,real
1.0742372881355933,0.864406779661017,2.0629944221825314,real
1.0742372881355933,0.8898305084745763,2.095502114288931,real
1.0742372881355933,0.9152542372881356,2.128084866457119,real
1.0742372881355933,0.940677966101695,2.1607414416746886,real
1.0742372881355933,0.9661016949152543,2.1934705575066316,real
1.0742372881355933,0.9915254237288136,2.226270894868541,real
1.0742372881355933,1.0169491525423728,2.2591411059350817,real
1.0742372881355933,1.0423728813559323,2.2920798212499927,real
1.0742372881355933,1.0677966101694916,2.3250856561002604,real
1.0742372881355933,1.0932203389830508,2.3581572162137108,real
1.0742372881355933,1.1186440677966103,2.3912931028355673,real
1.0742372881355933,1.1440677966101696,2.4244919172362525,real
1.0742372881355933,1.1694915254237288,2.457752264699089,real
1.0742372881355933,1.1949152542372883,2.491072758033433,real
1.0742372881355933,1.2203389830508475,2.524452020655482,real
1.0742372881355933,1.2457627118644068,2.5578886892759938,real
1.0742372881355933,1.2711864406779663,2.591381416231244,real
1.0742372881355933,1.2966101694915255,2.624928871490775,real
1.0742372881355933,1.3220338983050848,2.6585297443728795,real
1.0742372881355933,1.3474576271186443,2.6921827449963467,real
1.0742372881355933,1.3728813559322035,2.7258866054945985,real
1.0742372881355933,1.3983050847457628,2.7596400810162756,real
1.0742372881355933,1.4237288135593222,2.793441950534271,real
1.0742372881355933,1.4491525423728815,2.8272910174833124,real
1.0742372881355933,1.4745762711864407,2.861186110244461,real
1.0742372881355933,1.5,2.8951260824933063,real
1.1249152542372882,0.0,0.9999999999999999,real
1.1249152542372882,0.025423728813559324,1.0321279840547735,real
1.1249152542372882,0.05084745762711865,1.064179915851976,real
1.1249152542372882,0.07627118644067797,1.0961671501132266,real
1.1249152542372882,0.1016949152542373,1.1281025593452627,real
1.1249152542372882,0.1271186440677966,1.1599995394283533,real
1.1249152542372882,0.15254237288135594,1.1918713749049756,real
1.1249152542372882,0.17796610169491528,1.2237308440839747,real
1.1249152542372882,0.2033898305084746,1.2555899837035678,real
1.1249152542372882,0.2288135593220339,1.2874599594473959,real
1.1249152542372882,0.2542372881355932,1.3193510063301674,real
1.1249152542372882,0.2796610169491526,1.351272414796951,real
1.1249152542372882,0.3050847457627119,1.3832325462888386,real
1.1249152542372882,0.3305084745762712,1.4152388673321608,real
1.1249152542372882,0.35593220338983056,1.4472979947792324,real
1.1249152542372882,0.38135593220338987,1.479415747241222,real
1.1249152542372882,0.4067796610169492,1.511597199389659,real
1.1249152542372882,0.4322033898305085,1.5438467369158815,real
1.1249152542372882,0.4576271186440678,1.5761681106965633,real
1.1249152542372882,0.48305084745762716,1.6085644892318063,real
1.1249152542372882,0.5084745762711864,1.641038508776709,real
1.1249152542372882,0.5338983050847458,1.673592320829412,real
1.1249152542372882,0.5593220338983051,1.7062276368036433,real
1.1249152542372882,0.5847457627118644,1.7389457698257755,real
1.1249152542372882,0.6101694915254238,1.7717476736716766,real
1.1249152542372882,0.6355932203389831,1.8046339789086454,real
1.1249152542372882,0.6610169491525424,1.8376050263401194,real
1.1249152542372882,0.6864406779661018,1.8706608978711552,real
1.1249152542372882,0.7118644067796611,1.9038014449244216,real
1.1249152542372882,0.7372881355932204,1.9370263145425477,real
1.1249152542372882,0.7627118644067797,1.9703349733144715,real
1.1249152542372882,0.788135593220339,2.003726729262658,real
1.1249152542372882,0.8135593220338984,2.0372007518252664,real
1.1249152542372882,0.8389830508474577,2.0707560900632513,real
1.1249152542372882,0.864406779661017,2.1043916892175285,real
1.1249152542372882,0.8898305084745763,2.1381064057357895,real
1.1249152542372882,0.9152542372881356,2.1718990208828455,real
1.1249152542372882,0.940677966101695,2.205768253042346,real
1.1249152542372882,0.9661016949152543,2.23971276881179,real
1.1249152542372882,0.9915254237288136,2.2737311929866952,real
1.1249152542372882,1.0169491525423728,2.3078221175240055,real
1.1249152542372882,1.0423728813559323,2.3419841095690255,real
1.1249152542372882,1.0677966101694916,2.3762157186246347,real
1.1249152542372882,1.0932203389830508,2.41051548293622,real
1.1249152542372882,1.1186440677966103,2.444881935160591,real
1.1249152542372882,1.1440677966101696,2.4793136073822497,real
1.1249152542372882,1.1694915254237288,2.5138090355357945,real
1.1249152542372882,1.1949152542372883,2.5483667632887004,real
1.1249152542372882,1.2203389830508475,2.5829853454346874,real
1.1249152542372882,1.2457627118644068,2.6176633508438267,real
1.1249152542372882,1.2711864406779663,2.6523993650119504,real
1.1249152542372882,1.2966101694915255,2.6871919922484007,real
1.1249152542372882,1.3220338983050848,2.7220398575379483,real
1.1249152542372882,1.3474576271186443,2.7569416081097033,real
1.1249152542372882,1.3728813559322035,2.7918959147430145,real
1.1249152542372882,1.3983050847457628,2.826901472837765,real
1.1249152542372882,1.4237288135593222,2.86195700327408,real
1.1249152542372882,1.4491525423728815,2.8970612530841406,real
1.1249152542372882,1.4745762711864407,2.9322129959568803,real
1.1249152542372882,1.5,2.9674110325943075,real
1.1755932203389832,0.0,1.0,real
1.1755932203389832,0.025423728813559324,1.033550084265092,real
1.1755932203389832,0.05084745762711865,1.0669703652030487,real
1.1755932203389832,0.07627118644067797,1.100280609658184,real
1.1755932203389832,0.1016949152542373,1.1335009664683742,real
1.1755932203389832,0.1271186440677966,1.1666510732554862,real
1.1755932203389832,0.15254237288135594,1.1997495450755375,real
1.1755932203389832,0.17796610169491528,1.23281370286922,real
1.1755932203389832,0.2033898305084746,1.2658594516009518,real
1.1755932203389832,0.2288135593220339,1.2989012508399849,real
1.1755932203389832,0.2542372881355932,1.3319521413594135,real
1.1755932203389832,0.2796610169491526,1.365023804564424,real
1.1755932203389832,0.3050847457627119,1.3981266400073091,real
1.1755932203389832,0.3305084745762712,1.4312698516576539,real
1.1755932203389832,0.35593220338983056,1.4644615370735545,real
1.1755932203389832,0.38135593220338987,1.497708775859392,real
1.1755932203389832,0.4067796610169492,1.531017715238782,real
1.1755932203389832,0.4322033898305085,1.564393651499683,real
1.1755932203389832,0.4576271186440678,1.5978411066632605,real
1.1755932203389832,0.48305084745762716,1.631363900105759,real
1.1755932203389832,0.5084745762711864,1.6649652150991123,real
1.1755932203389832,0.5338983050847458,1.698647660380851,real
1.1755932203389832,0.5593220338983051,1.73241332694919,real
1.1755932203389832,0.5847457627118644,1.7662638403262216,real
1.1755932203389832,0.6101694915254238,1.800200408554692,real
1.1755932203389832,0.6355932203389831,1.834223866200969,real
1.1755932203389832,0.6610169491525424,1.8683347146344715,real
1.1755932203389832,0.6864406779661018,1.902533158845742,real
1.1755932203389832,0.7118644067796611,1.9368191410540936,real
1.1755932203389832,0.7372881355932204,1.971192371342807,real
1.1755932203389832,0.7627118644067797,2.005652355546283,real
1.1755932203389832,0.788135593220339,2.0401984205998676,real
1.1755932203389832,0.8135593220338984,2.0748297375496834,real
1.1755932203389832,0.8389830508474577,2.109545342406843,real
1.1755932203389832,0.864406779661017,2.144344155018203,real
1.1755932203389832,0.8898305084745763,2.1792249961139576,real
1.1755932203389832,0.9152542372881356,2.214186602681424,real
1.1755932203389832,0.940677966101695,2.249227641803841,real
1.1755932203389832,0.9661016949152543,2.284346723093178,real
1.1755932203389832,0.9915254237288136,2.3195424098366644,real
1.1755932203389832,1.0169491525423728,2.354813228967988,real
1.1755932203389832,1.0423728813559323,2.390157679965953,real
1.1755932203389832,1.0677966101694916,2.4255742427755886,real
1.1755932203389832,1.0932203389830508,2.461061384839536,real
1.1755932203389832,1.1186440677966103,2.4966175673207025,real
1.1755932203389832,1.1440677966101696,2.532241250590783,real
1.1755932203389832,1.1694915254237288,2.567930899053394,real
1.1755932203389832,1.1949152542372883,2.6036849853648922,real
1.1755932203389832,1.2203389830508475,2.6395019941108298,real
1.1755932203389832,1.2457627118644068,2.675380424991207,real
1.1755932203389832,1.2711864406779663,2.7113187955630678,real
1.1755932203389832,1.2966101694915255,2.7473156435849964,real
1.1755932203389832,1.3220338983050848,2.783369529004022,real
1.1755932203389832,1.3474576271186443,2.8194790356220283,real
1.1755932203389832,1.3728813559322035,2.8556427724753877,real
1.1755932203389832,1.3983050847457628,2.891859374958463,real
1.1755932203389832,1.4237288135593222,2.928127505718908,real
1.1755932203389832,1.4491525423728815,2.9644458553500215,real
1.1755932203389832,1.4745762711864407,3.000813142903136,real
1.1755932203389832,1.5,3.0372281162407364,real
1.2262711864406781,0.0,1.0,real
1.2262711864406781,0.025423728813559324,1.0349360882645624,real
1.2262711864406781,0.05084745762711865,1.0696845953564758,real
1.2262711864406781,0.07627118644067797,1.1042751210221198,real
1.2262711864406781,0.1016949152542373,1.1387360834219449,real
1.2262711864406781,0.1271186440677966,1.1730940506234044,real
1.2262711864406781,0.15254237288135594,1.2073734417074204,real
1.2262711864406781,0.17796610169491528,1.2415964419773202,real
1.2262711864406781,0.2033898305084746,1.275783039432043,real
1.2262711864406781,0.2288135593220339,1.3099511270856308,real
1.2262711864406781,0.2542372881355932,1.3441166381550462,real
1.2262711864406781,0.2796610169491526,1.37829369465274,real
1.2262711864406781,0.3050847457627119,1.4124947580840903,real
1.2262711864406781,0.3305084745762712,1.4467307758856918,real
1.2262711864406781,0.35593220338983056,1.4810113202174362,real
1.2262711864406781,0.38135593220338987,1.515344717504294,real
1.2262711864406781,0.4067796610169492,1.5497381681765363,real
1.2262711864406781,0.4322033898305085,1.5841978566636248,real
1.2262711864406781,0.4576271186440678,1.618729052031238,real
1.2262711864406781,0.48305084745762716,1.653336199820402,real
1.2262711864406781,0.5084745762711864,1.688023005718896,real
1.2262711864406781,0.5338983050847458,1.7227925117089538,real
1.2262711864406781,0.5593220338983051,1.7576471653170616,real
1.2262711864406781,0.5847457627118644,1.792588882556692,real
1.2262711864406781,0.6101694915254238,1.8276191051123962,real
1.2262711864406781,0.6355932203389831,1.8627388522691275,real
1.2262711864406781,0.6610169491525424,1.8979487680471394,real
1.2262711864406781,0.6864406779661018,1.9332491639617546,real
1.2262711864406781,0.7118644067796611,1.9686400577895389,real
1.2262711864406781,0.7372881355932204,2.0041212086880957,real
1.2262711864406781,0.7627118644067797,2.0396921489857376,real
1.2262711864406781,0.788135593220339,2.07535221292944,real
1.2262711864406781,0.8135593220338984,2.11110056265446,real
1.2262711864406781,0.8389830508474577,2.146936211616529,real
1.2262711864406781,0.864406779661017,2.182858045707173,real
1.2262711864406781,0.8898305084745763,2.218864842254381,real
1.2262711864406781,0.9152542372881356,2.2549552870941647,real
1.2262711864406781,0.940677966101695,2.2911279898833468,real
1.2262711864406781,0.9661016949152543,2.3273814978100145,real
1.2262711864406781,0.9915254237288136,2.363714307845374,real
1.2262711864406781,1.0169491525423728,2.4001248776690307,real
1.2262711864406781,1.0423728813559323,2.436611635388889,real
1.2262711864406781,1.0677966101694916,2.4731729881670197,real
1.2262711864406781,1.0932203389830508,2.50980732985356,real
1.2262711864406781,1.1186440677966103,2.546513047722259,real
1.2262711864406781,1.1440677966101696,2.583288528393495,real
1.2262711864406781,1.1694915254237288,2.6201321630231718,real
1.2262711864406781,1.1949152542372883,2.657042351829382,real
1.2262711864406781,1.2203389830508475,2.6940175080223776,real
1.2262711864406781,1.2457627118644068,2.7310560611977475,real
1.2262711864406781,1.2711864406779663,2.7681564602473725,real
1.2262711864406781,1.2966101694915255,2.805317175837855,real
1.2262711864406781,1.3220338983050848,2.842536702501716,real
1.2262711864406781,1.3474576271186443,2.8798135603823827,real
1.2262711864406781,1.3728813559322035,2.917146296670359,real
1.2262711864406781,1.3983050847457628,2.9545334867643556,real
1.2262711864406781,1.4237288135593222,2.9919737351880524,real
1.2262711864406781,1.4491525423728815,3.029465676290231,real
1.2262711864406781,1.4745762711864407,3.067007974753301,real
1.2262711864406781,1.5,3.104599325932854,real
1.276949152542373,0.0,1.0,real
1.276949152542373,0.025423728813559324,1.036282588394725,real
1.276949152542373,0.05084745762711865,1.07231660495484,real
1.276949152542373,0.07627118644067797,1.108142811404646,real
1.276949152542373,0.1016949152542373,1.1437987794765143,real
1.276949152542373,0.1271186440677966,1.1793185901427807,real
1.276949152542373,0.15254237288135594,1.2147328446226102,real
1.276949152542373,0.17796610169491528,1.2500688324069953,real
1.276949152542373,0.2033898305084746,1.2853507708331724,real
1.276949152542373,0.2288135593220339,1.3206000695441884,real
1.276949152542373,0.2542372881355932,1.355835594976386,real
1.276949152542373,0.2796610169491526,1.391073922272214,real
1.276949152542373,0.3050847457627119,1.4263295688636763,real
1.276949152542373,0.3305084745762712,1.461615207743188,real
1.276949152542373,0.35593220338983056,1.4969418604560543,real
1.276949152542373,0.38135593220338987,1.5323190708684018,real
1.276949152542373,0.4067796610169492,1.5677550612214943,real
1.276949152542373,0.4322033898305085,1.603256872129381,real
1.276949152542373,0.4576271186440678,1.6388304881567473,real
1.276949152542373,0.48305084745762716,1.6744809505111757,real
1.276949152542373,0.5084745762711864,1.710212458245849,real
1.276949152542373,0.5338983050847458,1.746028459221316,real
1.276949152542373,0.5593220338983051,1.7819317319320724,real
1.276949152542373,0.5847457627118644,1.8179244591720112,real
1.276949152542373,0.6101694915254238,1.8540082943950933,real
1.276949152542373,0.6355932203389831,1.8901844215240808,real
1.276949152542373,0.6610169491525424,1.9264536088703228,real
1.276949152542373,0.6864406779661018,1.9628162577499055,real
1.276949152542373,0.7118644067796611,1.9992724463146188,real
1.276949152542373,0.7372881355932204,2.0358219690586408,real
1.276949152542373,0.7627118644067797,2.0724643724121314,real
1.276949152542373,0.788135593220339,2.1091989867900116,real
1.276949152542373,0.8135593220338984,2.146024955426856,real
1.276949152542373,0.8389830508474577,2.182941260296188,real
1.276949152542373,0.864406779661017,2.219946745383929,real
1.276949152542373,0.8898305084745763,2.2570401375603284,real
1.276949152542373,0.9152542372881356,2.294220065272375,real
1.276949152542373,0.940677966101695,2.331485075258558,real
1.276949152542373,0.9661016949152543,2.3688336474698017,real
1.276949152542373,0.9915254237288136,2.4062642083642327,real
1.276949152542373,1.0169491525423728,2.4437751427286507,real
1.276949152542373,1.0423728813559323,2.481364804166241,real
1.276949152542373,1.0677966101694916,2.5190315243778474,real
1.276949152542373,1.0932203389830508,2.556773621353013,real
1.276949152542373,1.1186440677966103,2.594589406576808,real
1.276949152542373,1.1440677966101696,2.6324771913490594,real
1.276949152542373,1.1694915254237288,2.670435292304177,real
1.276949152542373,1.1949152542372883,2.7084620362117326,real
1.276949152542373,1.2203389830508475,2.746555764130873,real
1.276949152542373,1.2457627118644068,2.784714834984984,real
1.276949152542373,1.2711864406779663,2.8229376286169496,real
1.276949152542373,1.2966101694915255,2.861222548379765,real
1.276949152542373,1.3220338983050848,2.8995680233122414,real
1.276949152542373,1.3474576271186443,2.9379725099447707,real
1.276949152542373,1.3728813559322035,2.97643449377591,real
1.276949152542373,1.3983050847457628,3.0149524904566403,real
1.276949152542373,1.4237288135593222,3.053525046715563,real
1.276949152542373,1.4491525423728815,3.092150741055068,real
1.276949152542373,1.4745762711864407,3.130828184245521,real
1.276949152542373,1.5,3.169556019641856,real
1.327627118644068,0.0,1.0,real
1.327627118644068,0.025423728813559324,1.0375866296279255,real
1.327627118644068,0.05084745762711865,1.0748613423326354,real
1.327627118644068,0.07627118644067797,1.1118772551120057,real
1.327627118644068,0.1016949152542373,1.148681843170988,real
1.327627118644068,0.1271186440677966,1.185317163497765,real
1.327627118644068,0.15254237288135594,1.221820276995623,real
1.327627118644068,0.17796610169491528,1.2582237348534904,real
1.327627118644068,0.2033898305084746,1.2945560638112452,real
1.327627118644068,0.2288135593220339,1.3308422205703003,real
1.327627118644068,0.2542372881355932,1.367104003821031,real
1.327627118644068,0.2796610169491526,1.4033604214784978,real
1.327627118644068,0.3050847457627119,1.4396280150618417,real
1.327627118644068,0.3305084745762712,1.4759211450050618,real
1.327627118644068,0.35593220338983056,1.5122522412623414,real
1.327627118644068,0.38135593220338987,1.5486320235168556,real
1.327627118644068,0.4067796610169492,1.585069694962039,real
1.327627118644068,0.4322033898305085,1.6215731131779547,real
1.327627118644068,0.4576271186440678,1.658148941164336,real
1.327627118644068,0.48305084745762716,1.6948027811592414,real
1.327627118644068,0.5084745762711864,1.7315392934862295,real
1.327627118644068,0.5338983050847458,1.7683623023382984,real
1.327627118644068,0.5593220338983051,1.8052748901216717,real
1.327627118644068,0.5847457627118644,1.8422794817422585,real
1.327627118644068,0.6101694915254238,1.879377920016316,real
1.327627118644068,0.6355932203389831,1.9165715332188586,real
1.327627118644068,0.6610169491525424,1.9538611956433092,real
1.327627118644068,0.6864406779661018,1.9912473819289465,real
1.327627118644068,0.7118644067796611,2.0287302158149045,real
1.327627118644068,0.7372881355932204,2.066309513897422,real
1.327627118644068,0.7627118644067797,2.10398482489784,real
1.327627118644068,0.788135593220339,2.141755464890103,real
1.327627118644068,0.8135593220338984,2.1796205488865597,real
1.327627118644068,0.8389830508474577,2.217579019137844,real
1.327627118644068,0.864406779661017,2.255629670465493,real
1.327627118644068,0.8898305084745763,2.293771172913641,real
1.327627118644068,0.9152542372881356,2.332002091977843,real
1.327627118644068,0.940677966101695,2.3703209066440127,real
1.327627118644068,0.9661016949152543,2.40872602544842,real
1.327627118644068,0.9915254237288136,2.4472158007498575,real
1.327627118644068,1.0169491525423728,2.48578854138732,real
1.327627118644068,1.0423728813559323,2.5244425238806887,real
1.327627118644068,1.0677966101694916,2.5631760023173977,real
1.327627118644068,1.0932203389830508,2.601987217055021,real
1.327627118644068,1.1186440677966103,2.6408744023578583,real
1.327627118644068,1.1440677966101696,2.6798357930747603,real
1.327627118644068,1.1694915254237288,2.718869630455606,real
1.327627118644068,1.1949152542372883,2.757974167194855,real
1.327627118644068,1.2203389830508475,2.797147671782355,real
1.327627118644068,1.2457627118644068,2.8363884322341866,real
1.327627118644068,1.2711864406779663,2.8756947592693645,real
1.327627118644068,1.2966101694915255,2.915064988992078,real
1.327627118644068,1.3220338983050848,2.954497485133403,real
1.327627118644068,1.3474576271186443,2.9939906409012123,real
1.327627118644068,1.3728813559322035,3.0335428804823206,real
1.327627118644068,1.3983050847457628,3.0731526602365244,real
1.327627118644068,1.4237288135593222,3.112818469618359,real
1.327627118644068,1.4491525423728815,3.1525388318586622,real
1.327627118644068,1.4745762711864407,3.1923123044350166,real
1.327627118644068,1.5,3.232137479356969,real
1.378305084745763,0.0,1.0,real
1.378305084745763,0.025423728813559324,1.03884571300972,real
1.378305084745763,0.05084745762711865,1.0773146879601068,real
1.378305084745763,0.07627118644067797,1.1154734166193683,real
1.378305084745763,0.1016949152542373,1.1533798739307306,real
1.378305084745763,0.1271186440677966,1.1910844288687161,real
1.378305084745763,0.15254237288135594,1.2286307778348673,real
1.378305084745763,0.17796610169491528,1.266056811307959,real
1.378305084745763,0.2033898305084746,1.3033953833608836,real
1.378305084745763,0.2288135593220339,1.340674980165727,real
1.378305084745763,0.2542372881355932,1.377920294731651,real
1.378305084745763,0.2796610169491526,1.415152719000345,real
1.378305084745763,0.3050847457627119,1.4523907649933443,real
1.378305084745763,0.3305084745762712,1.4896504258644498,real
1.378305084745763,0.35593220338983056,1.5269454863671434,real
1.378305084745763,0.38135593220338987,1.5642877908223638,real
1.378305084745763,0.4067796610169492,1.601687475348158,real
1.378305084745763,0.4322033898305085,1.6391531699559125,real
1.378305084745763,0.4576271186440678,1.6766921751397086,real
1.378305084745763,0.48305084745762716,1.7143106167738575,real
1.378305084745763,0.5084745762711864,1.7520135824679448,real
1.378305084745763,0.5338983050847458,1.7898052419858739,real
1.378305084745763,0.5593220338983051,1.8276889538944305,real
1.378305084745763,0.5847457627118644,1.865667360248866,real
1.378305084745763,0.6101694915254238,1.9037424708323214,real
1.378305084745763,0.6355932203389831,1.9419157382294918,real
1.378305084745763,0.6610169491525424,1.9801881248221007,real
1.378305084745763,0.6864406779661018,2.0185601626358536,real
1.378305084745763,0.7118644067796611,2.057032006838806,real
1.378305084745763,0.7372881355932204,2.0956034835837594,real
1.378305084745763,0.7627118644067797,2.134274132798136,real
1.378305084745763,0.788135593220339,2.1730432464501406,real
1.378305084745763,0.8135593220338984,2.2119099027570974,real
1.378305084745763,0.8389830508474577,2.2508729967485093,real
1.378305084745763,0.864406779661017,2.2899312675506858,real
1.378305084745763,0.8898305084745763,2.3290833227204693,real
1.378305084745763,0.9152542372881356,2.3683276599214427,real
1.378305084745763,0.940677966101695,2.4076626862061183,real
1.378305084745763,0.9661016949152543,2.4470867351414185,real
1.378305084745763,0.9915254237288136,2.486598081991404,real
1.378305084745763,1.0169491525423728,2.5261949571506235,real
1.378305084745763,1.0423728813559323,2.565875558002858,real
1.378305084745763,1.0677966101694916,2.605638059363501,real
1.378305084745763,1.0932203389830508,2.6454806226487886,real
1.378305084745763,1.1186440677966103,2.685401403901569,real
1.378305084745763,1.1440677966101696,2.7253985607911235,real
1.378305084745763,1.1694915254237288,2.765470258693351,real
1.378305084745763,1.1949152542372883,2.8056146759475924,real
1.378305084745763,1.2203389830508475,2.8458300083772023,real
1.378305084745763,1.2457627118644068,2.8861144731526234,real
1.378305084745763,1.2711864406779663,2.9264663120680994,real
1.378305084745763,1.2966101694915255,2.966883794296334,real
1.378305084745763,1.3220338983050848,3.007365218679076,real
1.378305084745763,1.3474576271186443,3.0479089156058845,real
1.378305084745763,1.3728813559322035,3.088513248528195,real
1.378305084745763,1.3983050847457628,3.1291766151510716,real
1.378305084745763,1.4237288135593222,3.1698974483407225,real
1.378305084745763,1.4491525423728815,3.2106742167820346,real
1.378305084745763,1.4745762711864407,3.2515054254168105,real
1.378305084745763,1.5,3.2923896156902726,real
1.4289830508474577,0.0,1.0,real
1.4289830508474577,0.025423728813559324,1.0400577890190423,real
1.4289830508474577,0.05084745762711865,1.0796734190718629,real
1.4289830508474577,0.07627118644067797,1.118927571550062,real
1.4289830508474577,0.1016949152542373,1.1578891508425593,real
1.4289830508474577,0.1271186440677966,1.1966170437677333,real
1.4289830508474577,0.15254237288135594,1.2351616584709482,real
1.4289830508474577,0.17796610169491528,1.2735662269212455,real
1.4289830508474577,0.2033898305084746,1.3118678916789637,real
1.4289830508474577,0.2288135593220339,1.3500986081637674,real
1.4289830508474577,0.2542372881355932,1.3882858938089102,real
1.4289830508474577,0.2796610169491526,1.426453451921853,real
1.4289830508474577,0.3050847457627119,1.4646216935909429,real
1.4289830508474577,0.3305084745762712,1.5028081766956305,real
1.4289830508474577,0.35593220338983056,1.541027977371202,real
1.4289830508474577,0.38135593220338987,1.5792940062164922,real
1.4289830508474577,0.4067796610169492,1.61761727906258,real
1.4289830508474577,0.4322033898305085,1.656007150152819,real
1.4289830508474577,0.4576271186440678,1.694471514027184,real
1.4289830508474577,0.48305084745762716,1.733016981174794,real
1.4289830508474577,0.5084745762711864,1.7716490315485296,real
1.4289830508474577,0.5338983050847458,1.8103721492694587,real
1.4289830508474577,0.5593220338983051,1.8491899412422086,real
1.4289830508474577,0.5847457627118644,1.888105241920711,real
1.4289830508474577,0.6101694915254238,1.927120206079907,real
1.4289830508474577,0.6355932203389831,1.9662363911417837,real
1.4289830508474577,0.6610169491525424,2.005454830357178,real
1.4289830508474577,0.6864406779661018,2.0447760979452125,real
1.4289830508474577,0.7118644067796611,2.0842003671300056,real
1.4289830508474577,0.7372881355932204,2.1237274618816633,real
1.4289830508474577,0.7627118644067797,2.163356903059337,real
1.4289830508474577,0.788135593220339,2.203087949563606,real
1.4289830508474577,0.8135593220338984,2.2429196350297196,real
1.4289830508474577,0.8389830508474577,2.282850800529593,real
1.4289830508474577,0.864406779661017,2.3228801236963443,real
1.4289830508474577,0.8898305084745763,2.3630061446389354,real
1.4289830508474577,0.9152542372881356,2.403227288974579,real
1.4289830508474577,0.940677966101695,2.4435418882719895,real
1.4289830508474577,0.9661016949152543,2.4839481981682576,real
1.4289830508474577,0.9915254237288136,2.5244444143954783,real
1.4289830508474577,1.0169491525423728,2.565028686929691,real
1.4289830508474577,1.0423728813559323,2.605699132453713,real
1.4289830508474577,1.0677966101694916,2.6464538453066706,real
1.4289830508474577,1.0932203389830508,2.6872909070762674,real
1.4289830508474577,1.1186440677966103,2.7282083949746347,real
1.4289830508474577,1.1440677966101696,2.7692043891250764,real
1.4289830508474577,1.1694915254237288,2.810276978874549,real
1.4289830508474577,1.1949152542372883,2.8514242682356894,real
1.4289830508474577,1.2203389830508475,2.89264438055205,real
1.4289830508474577,1.2457627118644068,2.9339354624710072,real
1.4289830508474577,1.2711864406779663,2.9752956873005796,real
1.4289830508474577,1.2966101694915255,3.0167232578187555,real
1.4289830508474577,1.3220338983050848,3.0582164085971932,real
1.4289830508474577,1.3474576271186443,3.099773407894902,real
1.4289830508474577,1.3728813559322035,3.141392559171882,real
1.4289830508474577,1.3983050847457628,3.1830722022676565,real
1.4289830508474577,1.4237288135593222,3.224810714284994,real
1.4289830508474577,1.4491525423728815,3.266606510214921,real
1.4289830508474577,1.4745762711864407,3.308458043335417,real
1.4289830508474577,1.5,3.350363805412697,real
1.4796610169491526,0.0,1.0,real
1.4796610169491526,0.025423728813559324,1.0412212426977028,real
1.4796610169491526,0.05084745762711865,1.0819351606984005,real
1.4796610169491526,0.07627118644067797,1.1222372121257111,real
1.4796610169491526,0.1016949152542373,1.1622074870834702,real
1.4796610169491526,0.1271186440677966,1.201913467162573,real
1.4796610169491526,0.15254237288135594,1.2414122537088748,real
1.4796610169491526,0.17796610169491528,1.2807523530202967,real
1.4796610169491526,0.2033898305084746,1.3199751066316492,real
1.4796610169491526,0.2288135593220339,1.359115842000178,real
1.4796610169491526,0.2542372881355932,1.3982048041100554,real
1.4796610169491526,0.2796610169491526,1.4372679153318146,real
1.4796610169491526,0.3050847457627119,1.4763274001380513,real
1.4796610169491526,0.3305084745762712,1.5154023028735866,real
1.4796610169491526,0.35593220338983056,1.5545089203191726,real
1.4796610169491526,0.38135593220338987,1.5936611658611666,real
1.4796610169491526,0.4067796610169492,1.632870878329714,real
1.4796610169491526,0.4322033898305085,1.6721480857108153,real
1.4796610169491526,0.4576271186440678,1.7115012317543485,real
1.4796610169491526,0.48305084745762716,1.7509373718252708,real
1.4796610169491526,0.5084745762711864,1.790462343054559,real
1.4796610169491526,0.5338983050847458,1.8300809128469984,real
1.4796610169491526,0.5593220338983051,1.86979690902509,real
1.4796610169491526,0.5847457627118644,1.9096133342797317,real
1.4796610169491526,0.6101694915254238,1.9495324671195884,real
1.4796610169491526,0.6355932203389831,1.9895559511323586,real
1.4796610169491526,0.6610169491525424,2.029684874069776,real
1.4796610169491526,0.6864406779661018,2.0699198380269066,real
1.4796610169491526,0.7118644067796611,2.1102610217919193,real
1.4796610169491526,0.7372881355932204,2.150708236284685,real
1.4796610169491526,0.7627118644067797,2.1912609738736823,real
1.4796610169491526,0.788135593220339,2.2319184522544147,real
1.4796610169491526,0.8135593220338984,2.272679653484506,real
1.4796610169491526,0.8389830508474577,2.3135433586967293,real
1.4796610169491526,0.864406779661017,2.354508178949108,real
1.4796610169491526,0.8898305084745763,2.3955725826181378,real
1.4796610169491526,0.9152542372881356,2.43673491969587,real
1.4796610169491526,0.940677966101695,2.477993443312308,real
1.4796610169491526,0.9661016949152543,2.519346328770363,real
1.4796610169491526,0.9915254237288136,2.560791690350814,real
1.4796610169491526,1.0169491525423728,2.6023275961181946,real
1.4796610169491526,1.0423728813559323,2.643952080935241,real
1.4796610169491526,1.0677966101694916,2.685663157872762,real
1.4796610169491526,1.0932203389830508,2.727458828183077,real
1.4796610169491526,1.1186440677966103,2.769337089988663,real
1.4796610169491526,1.1440677966101696,2.8112959458224984,real
1.4796610169491526,1.1694915254237288,2.853333409143256,real
1.4796610169491526,1.1949152542372883,2.8954475099361674,real
1.4796610169491526,1.2203389830508475,2.9376362994995104,real
1.4796610169491526,1.2457627118644068,2.9798978545066177,real
1.4796610169491526,1.2711864406779663,3.0222302804243717,real
1.4796610169491526,1.2966101694915255,3.0646317143609676,real
1.4796610169491526,1.3220338983050848,3.107100327408397,real
1.4796610169491526,1.3474576271186443,3.1496343265383517,real
1.4796610169491526,1.3728813559322035,3.192231956104383,real
1.4796610169491526,1.3983050847457628,3.23489149899745,real
1.4796610169491526,1.4237288135593222,3.277611277497335,real
1.4796610169491526,1.4491525423728815,3.320389653857731,real
1.4796610169491526,1.4745762711864407,3.3632250306589158,real
1.4796610169491526,1.5,3.4061158509582503,real
1.5303389830508476,0.0,1.0,real
1.5303389830508476,0.025423728813559324,1.042334872326286,real
1.5303389830508476,0.05084745762711865,1.084098326925761,real
1.5303389830508476,0.07627118644067797,1.125400942751468,real
1.5303389830508476,0.1016949152542373,1.166334077038356,real
1.5303389830508476,0.1271186440677966,1.20697375874661,real
1.5303389830508476,0.15254237288135594,1.2473836758022534,real
1.5303389830508476,0.17796610169491528,1.2876174792922193,real
1.5303389830508476,0.2033898305084746,1.327720575997355,real
1.5303389830508476,0.2288135593220339,1.3677315368465115,real
1.5303389830508476,0.2542372881355932,1.407683215286484,real
1.5303389830508476,0.2796610169491526,1.4476036447624827,real
1.5303389830508476,0.3050847457627119,1.4875167664505058,real
1.5303389830508476,0.3305084745762712,1.5274430252827376,real
1.5303389830508476,0.35593220338983056,1.5673998627786636,real
1.5303389830508476,0.38135593220338987,1.607402128227824,real
1.5303389830508476,0.4067796610169492,1.647462424642436,real
1.5303389830508476,0.4322033898305085,1.6875914020962575,real
1.5303389830508476,0.4576271186440678,1.72779800822601,real
1.5303389830508476,0.48305084745762716,1.7680897035343588,real
1.5303389830508476,0.5084745762711864,1.808472647512945,real
1.5303389830508476,0.5338983050847458,1.8489518603669095,real
1.5303389830508476,0.5593220338983051,1.8895313641712095,real
1.5303389830508476,0.5847457627118644,1.9302143065529889,real
1.5303389830508476,0.6101694915254238,1.9710030694208418,real
1.5303389830508476,0.6355932203389831,2.0118993648120465,real
1.5303389830508476,0.6610169491525424,2.052904319573871,real
1.5303389830508476,0.6864406779661018,2.094018550312741,real
1.5303389830508476,0.7118644067796611,2.1352422298191502,real
1.5303389830508476,0.7372881355932204,2.176575145993966,real
1.5303389830508476,0.7627118644067797,2.2180167541536417,real
1.5303389830508476,0.788135593220339,2.259566223470557,real
1.5303389830508476,0.8135593220338984,2.30122247820447,real
1.5303389830508476,0.8389830508474577,2.3429842342975826,real
1.5303389830508476,0.864406779661017,2.3848500318356103,real
1.5303389830508476,0.8898305084745763,2.426818263817813,real
1.5303389830508476,0.9152542372881356,2.4688872016282493,real
1.5303389830508476,0.940677966101695,2.5110550175567936,real
1.5303389830508476,0.9661016949152543,2.553319804680606,real
1.5303389830508476,0.9915254237288136,2.595679594383672,real
1.5303389830508476,1.0169491525423728,2.638132371762968,real
1.5303389830508476,1.0423728813559323,2.680676089144185,real
1.5303389830508476,1.0677966101694916,2.7233086779070685,real
1.5303389830508476,1.0932203389830508,2.766028058800323,real
1.5303389830508476,1.1186440677966103,2.8088321509076652,real
1.5303389830508476,1.1440677966101696,2.8517188794105266,real
1.5303389830508476,1.1694915254237288,2.8946861822781647,real
1.5303389830508476,1.1949152542372883,2.937732016002867,real
1.5303389830508476,1.2203389830508475,2.980854360485981,real
1.5303389830508476,1.2457627118644068,3.0240512231699115,real
1.5303389830508476,1.2711864406779663,3.067320642501441,real
1.5303389830508476,1.2966101694915255,3.110660690803133,real
1.5303389830508476,1.3220338983050848,3.1540694766215758,real
1.5303389830508476,1.3474576271186443,3.1975451466142046,real
1.5303389830508476,1.3728813559322035,3.2410858870299926,real
1.5303389830508476,1.3983050847457628,3.284689924833435,real
1.5303389830508476,1.4237288135593222,3.3283555285161364,real
1.5303389830508476,1.4491525423728815,3.3720810086355013,real
1.5303389830508476,1.4745762711864407,3.415864718115812,real
1.5303389830508476,1.5,3.459705052343187,real
1.5810169491525425,0.0,1.0000000000000002,real
1.5810169491525425,0.025423728813559324,1.0433978632899252,real
1.5810169491525425,0.05084745762711865,1.0861620557374854,real
1.5810169491525425,0.07627118644067797,1.128418370474758,real
1.5810169491525425,0.1016949152542373,1.170269341741241,real
1.5810169491525425,0.1271186440677966,1.2117993813867651,real
1.5810169491525425,0.15254237288135594,1.253078577245137,real
1.5810169491525425,0.17796610169491528,1.2941655407539299,real
1.5810169491525425,0.2033898305084746,1.335109572477175,real
1.5810169491525425,0.2288135593220339,1.3759523323036806,real
1.5810169491525425,0.2542372881355932,1.4167291452635296,real
1.5810169491525425,0.2796610169491526,1.4574700357768677,real
1.5810169491525425,0.3050847457627119,1.4982005569109413,real
1.5810169491525425,0.3305084745762712,1.5389424629786512,real
1.5810169491525425,0.35593220338983056,1.5797142609829598,real
1.5810169491525425,0.38135593220338987,1.6205316672846077,real
1.5810169491525425,0.4067796610169492,1.6614079893031295,real
1.5810169491525425,0.4322033898305085,1.7023544472836774,real
1.5810169491525425,0.4576271186440678,1.7433804476507195,real
1.5810169491525425,0.48305084745762716,1.7844938168635875,real
1.5810169491525425,0.5084745762711864,1.8257010027370943,real
1.5810169491525425,0.5338983050847458,1.867007248716032,real
1.5810169491525425,0.5593220338983051,1.9084167454695509,real
1.5810169491525425,0.5847457627118644,1.9499327633097634,real
1.5810169491525425,0.6101694915254238,1.9915577682725654,real
1.5810169491525425,0.6355932203389831,2.0332935241797636,real
1.5810169491525425,0.6610169491525424,2.0751411825943062,real
1.5810169491525425,0.6864406779661018,2.1171013622586123,real
1.5810169491525425,0.7118644067796611,2.1591742193495786,real
1.5810169491525425,0.7372881355932204,2.201359509678139,real
1.5810169491525425,0.7627118644067797,2.243656643794766,real
1.5810169491525425,0.788135593220339,2.286064735826477,real
1.5810169491525425,0.8135593220338984,2.328582646759229,real
1.5810169491525425,0.8389830508474577,2.371209022786779,real
1.5810169491525425,0.864406779661017,2.413942329269569,real
1.5810169491525425,0.8898305084745763,2.4567808807815545,real
1.5810169491525425,0.9152542372881356,2.4997228676671943,real
1.5810169491525425,0.940677966101695,2.542766379482844,real
1.5810169491525425,0.9661016949152543,2.5859094256554678,real
1.5810169491525425,0.9915254237288136,2.6291499536554586,real
1.5810169491525425,1.0169491525423728,2.6724858649488117,real
1.5810169491525425,1.0423728813559323,2.7159150289660516,real
1.5810169491525425,1.0677966101694916,2.7594352953006234,real
1.5810169491525425,1.0932203389830508,2.803044504327636,real
1.5810169491525425,1.1186440677966103,2.846740496414196,real
1.5810169491525425,1.1440677966101696,2.8905211198751477,real
1.5810169491525425,1.1694915254237288,2.9343842378123464,real
1.5810169491525425,1.1949152542372883,2.9783277339614322,real
1.5810169491525425,1.2203389830508475,3.0223495176574824,real
1.5810169491525425,1.2457627118644068,3.0664475280194448,real
1.5810169491525425,1.2711864406779663,3.1106197374429714,real
1.5810169491525425,1.2966101694915255,3.154864154482023,real
1.5810169491525425,1.3220338983050848,3.1991788261912264,real
1.5810169491525425,1.3474576271186443,3.243561839993425,real
1.5810169491525425,1.3728813559322035,3.288011325130116,real
1.5810169491525425,1.3983050847457628,3.3325254537462605,real
1.5810169491525425,1.4237288135593222,3.377102441655501,real
1.5810169491525425,1.4491525423728815,3.42174054882686,real
1.5810169491525425,1.4745762711864407,3.466438079629477,real
1.5810169491525425,1.5,3.5111933828679573,real
1.6316949152542375,0.0,1.0,real
1.6316949152542375,0.025423728813559324,1.0444097586063943,real
1.6316949152542375,0.05084745762711865,1.088126140290511,real
1.6316949152542375,0.07627118644067797,1.1312899941571026,real
1.6316949152542375,0.1016949152542373,1.1740147769974254,real
1.6316949152542375,0.1271186440677966,1.216393011193721,real
1.6316949152542375,0.15254237288135594,1.2585009265679188,real
1.6316949152542375,0.17796610169491528,1.3004018631844994,real
1.6316949152542375,0.2033898305084746,1.3421488124729222,real
1.6316949152542375,0.2288135593220339,1.383786347879179,real
1.6316949152542375,0.2542372881355932,1.4253521153610877,real
1.6316949152542375,0.2796610169491526,1.4668780012680287,real
1.6316949152542375,0.3050847457627119,1.5083910601001096,real
1.6316949152542375,0.3305084745762712,1.5499142609614425,real
1.6316949152542375,0.35593220338983056,1.5914670952551577,real
1.6316949152542375,0.38135593220338987,1.6330660768191732,real
1.6316949152542375,0.4067796610169492,1.674725157669861,real
1.6316949152542375,0.4322033898305085,1.7164560767603783,real
1.6316949152542375,0.4576271186440678,1.75826865497839,real
1.6316949152542375,0.48305084745762716,1.8001710465371537,real
1.6316949152542375,0.5084745762711864,1.8421699546358854,real
1.6316949152542375,0.5338983050847458,1.884270817558675,real
1.6316949152542375,0.5593220338983051,1.9264779700912238,real
1.6316949152542375,0.5847457627118644,1.9687947841513103,real
1.6316949152542375,0.6101694915254238,2.0112237917730176,real
1.6316949152542375,0.6355932203389831,2.0537667929992267,real
1.6316949152542375,0.6610169491525424,2.0964249507797867,real
1.6316949152542375,0.6864406779661018,2.139198874613013,real
1.6316949152542375,0.7118644067796611,2.1820886943829816,real
1.6316949152542375,0.7372881355932204,2.2250941256169154,real
1.6316949152542375,0.7627118644067797,2.2682145272032592,real
1.6316949152542375,0.788135593220339,2.3114489524613293,real
1.6316949152542375,0.8135593220338984,2.3547961943310685,real
1.6316949152542375,0.8389830508474577,2.398254825349797,real
1.6316949152542375,0.864406779661017,2.4418232329983067,real
1.6316949152542375,0.8898305084745763,2.485499650927229,real
1.6316949152542375,0.9152542372881356,2.529282186514137,real
1.6316949152542375,0.940677966101695,2.5731688451499304,real
1.6316949152542375,0.9661016949152543,2.617157551608318,real
1.6316949152542375,0.9915254237288136,2.6612461688133604,real
1.6316949152542375,1.0169491525423728,2.7054325142860502,real
1.6316949152542375,1.0423728813559323,2.749714374520932,real
1.6316949152542375,1.0677966101694916,2.7940895175175173,real
1.6316949152542375,1.0932203389830508,2.8385557036676046,real
1.6316949152542375,1.1186440677966103,2.8831106951789,real
1.6316949152542375,1.1440677966101696,2.9277522641965716,real
1.6316949152542375,1.1694915254237288,2.972478199767796,real
1.6316949152542375,1.1949152542372883,3.017286313779179,real
1.6316949152542375,1.2203389830508475,3.0621744459837483,real
1.6316949152542375,1.2457627118644068,3.1071404682218424,real
1.6316949152542375,1.2711864406779663,3.152182287929563,real
1.6316949152542375,1.2966101694915255,3.1972978510185155,real
1.6316949152542375,1.3220338983050848,3.242485144201808,real
1.6316949152542375,1.3474576271186443,3.2877421968333205,real
1.6316949152542375,1.3728813559322035,3.3330670823201114,real
1.6316949152542375,1.3983050847457628,3.3784579191614137,real
1.6316949152542375,1.4237288135593222,3.4239128716618277,real
1.6316949152542375,1.4491525423728815,3.4694301503612333,real
1.6316949152542375,1.4745762711864407,3.515008012219131,real
1.6316949152542375,1.5,3.560644760587035,real
1.6823728813559324,0.0,1.0,real
1.6823728813559324,0.025423728813559324,1.0453704273980793,real
1.6823728813559324,0.05084745762711865,1.0899909589777086,real
1.6823728813559324,0.07627118644067797,1.1340170953677156,real
1.6823728813559324,0.1016949152542373,1.1775728074232377,real
1.6823728813559324,0.1271186440677966,1.2207583583224035,real
1.6823728813559324,0.15254237288135594,1.263655799853113,real
1.6823728813559324,0.17796610169491528,1.3063329291678873,real
1.6823728813559324,0.2033898305084746,1.3488462001076056,real
1.6823728813559324,0.2288135593220339,1.391242907999105,real
1.6823728813559324,0.2542372881355932,1.4335628588704117,real
1.6823728813559324,0.2796610169491526,1.4758396657641624,real
1.6823728813559324,0.3050847457627119,1.518101770628839,real
1.6823728813559324,0.3305084745762712,1.5603732610163108,real
1.6823728813559324,0.35593220338983056,1.6026745310681523,real
1.6823728813559324,0.38135593220338987,1.6450228226999979,real
1.6823728813559324,0.4067796610169492,1.687432673408595,real
1.6823728813559324,0.4322033898305085,1.729916290398391,real
1.6823728813559324,0.4576271186440678,1.7724838658870856,real
1.6823728813559324,0.48305084745762716,1.815143844927577,real
1.6823728813559324,0.5084745762711864,1.8579031544903555,real
1.6823728813559324,0.5338983050847458,1.9007674006206745,real
1.6823728813559324,0.5593220338983051,1.9437410390347942,real
1.6823728813559324,0.5847457627118644,1.9868275234202628,real
1.6823728813559324,0.6101694915254238,2.030029434864244,real
1.6823728813559324,0.6355932203389831,2.073348595185476,real
1.6823728813559324,0.6610169491525424,2.11678616644116,real
1.6823728813559324,0.6864406779661018,2.1603427384848146,real
1.6823728813559324,0.7118644067796611,2.204018406138701,real
1.6823728813559324,0.7372881355932204,2.2478128372954624,real
1.6823728813559324,0.7627118644067797,2.291725333063492,real
1.6823728813559324,0.788135593220339,2.3357548809082354,real
1.6823728813559324,0.8135593220338984,2.379900201608979,real
1.6823728813559324,0.8389830508474577,2.4241597907409687,real
1.6823728813559324,0.864406779661017,2.46853195530155,real
1.6823728813559324,0.8898305084745763,2.5130148460222532,real
1.6823728813559324,0.9152542372881356,2.557606485843748,real
1.6823728813559324,0.940677966101695,2.602304794975037,real
1.6823728813559324,0.9661016949152543,2.647107612910384,real
1.6823728813559324,0.9915254237288136,2.692012717735978,real
1.6823728813559324,1.0169491525423728,2.73701784302208,real
1.6823728813559324,1.0423728813559323,2.782120692564573,real
1.6823728813559324,1.0677966101694916,2.8273189532117637,real
1.6823728813559324,1.0932203389830508,2.872610305987415,real
1.6823728813559324,1.1186440677966103,2.917992435698779,real
1.6823728813559324,1.1440677966101696,2.963463039198825,real
1.6823728813559324,1.1694915254237288,3.009019832453975,real
1.6823728813559324,1.1949152542372883,3.054660556553065,real
1.6823728813559324,1.2203389830508475,3.1003829827789198,real
1.6823728813559324,1.2457627118644068,3.146184916851271,real
1.6823728813559324,1.2711864406779663,3.1920642024382557,real
1.6823728813559324,1.2966101694915255,3.238018724023481,real
1.6823728813559324,1.3220338983050848,3.284046409206354,real
1.6823728813559324,1.3474576271186443,3.3301452305050954,real
1.6823728813559324,1.3728813559322035,3.37631320672433,real
1.6823728813559324,1.3983050847457628,3.4225484039424794,real
1.6823728813559324,1.4237288135593222,3.468848936168087,real
1.6823728813559324,1.4491525423728815,3.515212965708867,real
1.6823728813559324,1.4745762711864407,3.5616387032922785,real
1.6823728813559324,1.5,3.6081244079722206,real
1.7330508474576274,0.0,1.0,real
1.7330508474576274,0.025423728813559324,1.046280032392795,real
1.7330508474576274,0.05084745762711865,1.09175740615847,real
1.7330508474576274,0.07627118644067797,1.1366016332680497,real
1.7330508474576274,0.1016949152542373,1.1809466486875673,real
1.7330508474576274,0.1271186440677966,1.2249000005173607,real
1.7330508474576274,0.15254237288135594,1.2685491895233902,real
1.7330508474576274,0.17796610169491528,1.3119661657202661,real
1.7330508474576274,0.2033898305084746,1.3552105968265367,real
1.7330508474576274,0.2288135593220339,1.398332296240499,real
1.7330508474576274,0.2542372881355932,1.4413730621308818,real
1.7330508474576274,0.2796610169491526,1.4843680951700269,real
1.7330508474576274,0.3050847457627119,1.5273471090266073,real
1.7330508474576274,0.3305084745762712,1.5703352129465415,real
1.7330508474576274,0.35593220338983056,1.6133536225810465,real
1.7330508474576274,0.38135593220338987,1.6564202394774872,real
1.7330508474576274,0.4067796610169492,1.6995501287570403,real
1.7330508474576274,0.4322033898305085,1.7427559168448268,real
1.7330508474576274,0.4576271186440678,1.7860481256534848,real
1.7330508474576274,0.48305084745762716,1.8294354556697066,real
1.7330508474576274,0.5084745762711864,1.8729250275010603,real
1.7330508474576274,0.5338983050847458,1.916522589300013,real
1.7330508474576274,0.5593220338983051,1.9602326958815457,real
1.7330508474576274,0.5847457627118644,2.0040588641426433,real
1.7330508474576274,0.6101694915254238,2.0480037084715335,real
1.7330508474576274,0.6355932203389831,2.0920690591273354,real
1.7330508474576274,0.6610169491525424,2.1362560660227032,real
1.7330508474576274,0.6864406779661018,2.1805652899137575,real
1.7330508474576274,0.7118644067796611,2.2249967826639385,real
1.7330508474576274,0.7372881355932204,2.2695501579801878,real
1.7330508474576274,0.7627118644067797,2.3142246538046023,real
1.7330508474576274,0.788135593220339,2.359019187370646,real
1.7330508474576274,0.8135593220338984,2.4039324037909275,real
1.7330508474576274,0.8389830508474577,2.4489627189263743,real
1.7330508474576274,0.864406779661017,2.494108357189338,real
1.7330508474576274,0.8898305084745763,2.5393673848514275,real
1.7330508474576274,0.9152542372881356,2.5847377393577564,real
1.7330508474576274,0.940677966101695,2.6302172550902787,real
1.7330508474576274,0.9661016949152543,2.675803685972104,real
1.7330508474576274,0.9915254237288136,2.7214947252607673,real
1.7330508474576274,1.0169491525423728,2.767288022840007,real
1.7330508474576274,1.0423728813559323,2.8131812002860808,real
1.7330508474576274,1.0677966101694916,2.8591718639548875,real
1.7330508474576274,1.0932203389830508,2.9052576163100765,real
1.7330508474576274,1.1186440677966103,2.951436065688838,real
1.7330508474576274,1.1440677966101696,2.997704834681491,real
1.7330508474576274,1.1694915254237288,3.0440615672822853,real
1.7330508474576274,1.1949152542372883,3.090503934952324,real
1.7330508474576274,1.2203389830508475,3.137029641720587,real
1.7330508474576274,1.2457627118644068,3.1836364284357686,real
1.7330508474576274,1.2711864406779663,3.2303220762695806,real
1.7330508474576274,1.2966101694915255,3.277084409561476,real
1.7330508474576274,1.3220338983050848,3.323921298085077,real
1.7330508474576274,1.3474576271186443,3.370830658807903,real
1.7330508474576274,1.3728813559322035,3.4178104572082537,real
1.7330508474576274,1.3983050847457628,3.464858708206022,real
1.7330508474576274,1.4237288135593222,3.511973476758024,real
1.7330508474576274,1.4491525423728815,3.5591528781627617,real
1.7330508474576274,1.4745762711864407,3.606395078114486,real
1.7330508474576274,1.5,3.6536982925419363,real
1.7837288135593223,0.0,1.0,real
1.7837288135593223,0.025423728813559324,1.0471389973465812,real
1.7837288135593223,0.05084745762711865,1.0934268250105121,real
1.7837288135593223,0.07627118644067797,1.1390461451188758,real
1.7837288135593223,0.1016949152542373,1.184140179452119,real
1.7837288135593223,0.1271186440677966,1.2288232305467925,real
1.7837288135593223,0.15254237288135594,1.2731878310580982,real
1.7837288135593223,0.17796610169491528,1.3173097536008755,real
1.7837288135593223,0.2033898305084746,1.3612516160965693,real
1.7837288135593223,0.2288135593220339,1.4050655377259809,real
1.7837288135593223,0.2542372881355932,1.448795136497889,real
1.7837288135593223,0.2796610169491526,1.4924770598204233,real
1.7837288135593223,0.3050847457627119,1.536142177087851,real
1.7837288135593223,0.3305084745762712,1.579816523168005,real
1.7837288135593223,0.35593220338983056,1.6235220552309149,real
1.7837288135593223,0.38135593220338987,1.6672772675537735,real
1.7837288135593223,0.4067796610169492,1.7110976967165346,real
1.7837288135593223,0.4322033898305085,1.7549963410689968,real
1.7837288135593223,0.4576271186440678,1.7989840122986018,real
1.7837288135593223,0.48305084745762716,1.8430696325760034,real
1.7837288135593223,0.5084745762711864,1.8872604875856072,real
1.7837288135593223,0.5338983050847458,1.9315624434125418,real
1.7837288135593223,0.5593220338983051,1.9759801335179699,real
1.7837288135593223,0.5847457627118644,2.0205171207261583,real
1.7837288135593223,0.6101694915254238,2.0651760381532456,real
1.7837288135593223,0.6355932203389831,2.1099587122464225,real
1.7837288135593223,0.6610169491525424,2.154866270514052,real
1.7837288135593223,0.6864406779661018,2.199899236068615,real
1.7837288135593223,0.7118644067796611,2.2450576107438187,real
1.7837288135593223,0.7372881355932204,2.2903409482611363,real
1.7837288135593223,0.7627118644067797,2.335748418692165,real
1.7837288135593223,0.788135593220339,2.381278865278268,real
1.7837288135593223,0.8135593220338984,2.426930854518341,real
1.7837288135593223,0.8389830508474577,2.4727027203114504,real
1.7837288135593223,0.864406779661017,2.51859260283829,real
1.7837288135593223,0.8898305084745763,2.5645984827790063,real
1.7837288135593223,0.9152542372881356,2.6107182113920855,real
1.7837288135593223,0.940677966101695,2.656949536916769,real
1.7837288135593223,0.9661016949152543,2.703290127708091,real
1.7837288135593223,0.9915254237288136,2.7497375924673255,real
1.7837288135593223,1.0169491525423728,2.79628949789036,real
1.7837288135593223,1.0423728813559323,2.842943384021251,real
1.7837288135593223,1.0677966101694916,2.889696777567062,real
1.7837288135593223,1.0932203389830508,2.9365472034026254,real
1.7837288135593223,1.1186440677966103,2.983492194469474,real
1.7837288135593223,1.1440677966101696,3.0305293002514326,real
1.7837288135593223,1.1694915254237288,3.0776560939899924,real
1.7837288135593223,1.1949152542372883,3.124870178785257,real
1.7837288135593223,1.2203389830508475,3.172169192712668,real
1.7837288135593223,1.2457627118644068,3.219550813072008,real
1.7837288135593223,1.2711864406779663,3.267012759872402,real
1.7837288135593223,1.2966101694915255,3.3145527986461496,real
1.7837288135593223,1.3220338983050848,3.3621687426739584,real
1.7837288135593223,1.3474576271186443,3.409858454695323,real
1.7837288135593223,1.3728813559322035,3.4576198481695344,real
1.7837288135593223,1.3983050847457628,3.505450888145696,real
1.7837288135593223,1.4237288135593222,3.5533495917935833,real
1.7837288135593223,1.4491525423728815,3.6013140286413052,real
1.7837288135593223,1.4745762711864407,3.6493423205606095,real
1.7837288135593223,1.5,3.6974326415359395,real
1.8344067796610173,0.0,0.9999999999999999,real
1.8344067796610173,0.025423728813559324,1.0479479751018492,real
1.8344067796610173,0.05084745762711865,1.0950009435789578,real
1.8344067796610173,0.07627118644067797,1.14135365350658,real
1.8344067796610173,0.1016949152542373,1.1871578238736913,real
1.8344067796610173,0.1271186440677966,1.2325339179935133,real
1.8344067796610173,0.15254237288135594,1.2775790476237596,real
1.8344067796610173,0.17796610169491528,1.3223724577737177,real
1.8344067796610173,0.2033898305084746,1.3669794421514085,real
1.8344067796610173,0.2288135593220339,1.411454208129256,real
1.8344067796610173,0.2542372881355932,1.4558420191828758,real
1.8344067796610173,0.2796610169491526,1.5001808283970086,real
1.8344067796610173,0.3050847457627119,1.5445025458370536,real
1.8344067796610173,0.3305084745762712,1.5888340374751126,real
1.8344067796610173,0.35593220338983056,1.633197923875915,real
1.8344067796610173,0.38135593220338987,1.6776132271378554,real
1.8344067796610173,0.4067796610169492,1.7220959011406627,real
1.8344067796610173,0.4322033898305085,1.766659270815336,real
1.8344067796610173,0.4576271186440678,1.8113143995635566,real
1.8344067796610173,0.48305084745762716,1.8560703992361325,real
1.8344067796610173,0.5084745762711864,1.9009346936573805,real
1.8344067796610173,0.5338983050847458,1.9459132441691471,real
1.8344067796610173,0.5593220338983051,1.9910107438024787,real
1.8344067796610173,0.5847457627118644,2.0362307852856123,real
1.8344067796610173,0.6101694915254238,2.0815760070372584,real
1.8344067796610173,0.6355932203389831,2.1270482204842733,real
1.8344067796610173,0.6610169491525424,2.17264852141828,real
1.8344067796610173,0.6864406779661018,2.218377387619893,real
1.8344067796610173,0.7118644067796611,2.264234764597917,real
1.8344067796610173,0.7372881355932204,2.310220140988812,real
1.8344067796610173,0.7627118644067797,2.3563326149205075,real
1.8344067796610173,0.788135593220339,2.4025709524499272,real
1.8344067796610173,0.8135593220338984,2.4489336390252205,real
1.8344067796610173,0.8389830508474577,2.4954189247934577,real
1.8344067796610173,0.864406779661017,2.542024864466498,real
1.8344067796610173,0.8898305084745763,2.588749352367426,real
1.8344067796610173,0.9152542372881356,2.6355901532033985,real
1.8344067796610173,0.940677966101695,2.682544929045811,real
1.8344067796610173,0.9661016949152543,2.7296112629427287,real
1.8344067796610173,0.9915254237288136,2.7767866795401956,real
1.8344067796610173,1.0169491525423728,2.8240686630469862,real
1.8344067796610173,1.0423728813559323,2.871454672840493,real
1.8344067796610173,1.0677966101694916,2.9189421569789697,real
1.8344067796610173,1.0932203389830508,2.966528563856767,real
1.8344067796610173,1.1186440677966103,3.0142113522136977,real
1.8344067796610173,1.1440677966101696,3.061987999687072,real
1.8344067796610173,1.1694915254237288,3.1098560100747825,real
1.8344067796610173,1.1949152542372883,3.1578129194597895,real
1.8344067796610173,1.2203389830508475,3.2058563013302117,real
1.8344067796610173,1.2457627118644068,3.253983770814842,real
1.8344067796610173,1.2711864406779663,3.302192988140947,real
1.8344067796610173,1.2966101694915255,3.350481661409571,real
1.8344067796610173,1.3220338983050848,3.3988475487732623,real
1.8344067796610173,1.3474576271186443,3.4472884600917473,real
1.8344067796610173,1.3728813559322035,3.4958022581327013,real
1.8344067796610173,1.3983050847457628,3.5443868593773966,real
1.8344067796610173,1.4237288135593222,3.593040234484204,real
1.8344067796610173,1.4491525423728815,3.6417604084568422,real
1.8344067796610173,1.4745762711864407,3.6905454605591945,real
1.8344067796610173,1.5,3.7393935240133414,real
1.885084745762712,0.0,1.0,real
1.885084745762712,0.025423728813559324,1.0487078168312163,real
1.885084745762712,0.05084745762711865,1.0964818147758766,real
1.885084745762712,0.07627118644067797,1.1435275809483272,real
1.885084745762712,0.1016949152542373,1.190004445034943,real
1.885084745762712,0.1271186440677966,1.2360383853621546,real
1.885084745762712,0.15254237288135594,1.2817306121188885,real
1.885084745762712,0.17796610169491528,1.3271634780503887,real
1.885084745762712,0.2033898305084746,1.3724046713571783,real
1.885084745762712,0.2288135593220339,1.4175102674373679,real
1.885084745762712,0.2542372881355932,1.462527000717826,real
1.885084745762712,0.2796610169491526,1.507493990104077,real
1.885084745762712,0.3050847457627119,1.5524440731882947,real
1.885084745762712,0.3305084745762712,1.597404854768692,real
1.885084745762712,0.35593220338983056,1.6423995430271925,real
1.885084745762712,0.38135593220338987,1.6874476252994313,real
1.885084745762712,0.4067796610169492,1.7325654208359713,real
1.885084745762712,0.4322033898305085,1.7777665379026026,real
1.885084745762712,0.4576271186440678,1.8230622555011615,real
1.885084745762712,0.48305084745762716,1.8684618449496238,real
1.885084745762712,0.5084745762711864,1.9139728429127005,real
1.885084745762712,0.5338983050847458,1.9596012848034834,real
1.885084745762712,0.5593220338983051,2.005351905498827,real
1.885084745762712,0.5847457627118644,2.0512283128312494,real
1.885084745762712,0.6101694915254238,2.0972331382016827,real
1.885084745762712,0.6355932203389831,2.143368167804349,real
1.885084745762712,0.6610169491525424,2.189634457298266,real
1.885084745762712,0.6864406779661018,2.2360324322497958,real
1.885084745762712,0.7118644067796611,2.2825619762709524,real
1.885084745762712,0.7372881355932204,2.3292225084619416,real
1.885084745762712,0.7627118644067797,2.3760130515141094,real
1.885084745762712,0.788135593220339,2.4229322916261875,real
1.885084745762712,0.8135593220338984,2.469978631221328,real
1.885084745762712,0.8389830508474577,2.5171502353166804,real
1.885084745762712,0.864406779661017,2.564445072284685,real
1.885084745762712,0.8898305084745763,2.611860949651084,real
1.885084745762712,0.9152542372881356,2.6593955454951317,real
1.885084745762712,0.940677966101695,2.707046435949803,real
1.885084745762712,0.9661016949152543,2.754811119241633,real
1.885084745762712,0.9915254237288136,2.802687036659631,real
1.885084745762712,1.0169491525423728,2.8506715907989144,real
1.885084745762712,1.0423728813559323,2.8987621613865007,real
1.885084745762712,1.0677966101694916,2.9469561189629867,real
1.885084745762712,1.0932203389830508,2.995250836664053,real
1.885084745762712,1.1186440677966103,3.0436437003194676,real
1.885084745762712,1.1440677966101696,3.0921321170636626,real
1.885084745762712,1.1694915254237288,3.140713522631228,real
1.885084745762712,1.1949152542372883,3.1893853874918205,real
1.885084745762712,1.2203389830508475,3.238145221962446,real
1.885084745762712,1.2457627118644068,3.2869905804201127,real
1.885084745762712,1.2711864406779663,3.3359190647243855,real
1.885084745762712,1.2966101694915255,3.384928326947557,real
1.885084745762712,1.3220338983050848,3.434016071499273,real
1.885084745762712,1.3474576271186443,3.4831800567229387,real
1.885084745762712,1.3728813559322035,3.532418096032557,real
1.885084745762712,1.3983050847457628,3.5817280586509965,real
1.885084745762712,1.4237288135593222,3.631107870003722,real
1.885084745762712,1.4491525423728815,3.680555511815937,real
1.885084745762712,1.4745762711864407,3.7300690219554737,real
1.885084745762712,1.5,3.7796464940588965,real
1.935762711864407,0.0,1.0,real
1.935762711864407,0.025423728813559324,1.0494195428735025,real
1.935762711864407,0.05084745762711865,1.097871760813751,real
1.935762711864407,0.07627118644067797,1.145571672187517,real
1.935762711864407,0.1016949152542373,1.1926852492915465,real
1.935762711864407,0.1271186440677966,1.2393432980913008,real
1.935762711864407,0.15254237288135594,1.2856506257974747,real
1.935762711864407,0.17796610169491528,1.3316923186598264,real
1.935762711864407,0.2033898305084746,1.3775381745483668,real
1.935762711864407,0.2288135593220339,1.4232459164556341,real
1.935762711864407,0.2542372881355932,1.468863576700528,real
1.935762711864407,0.2796610169491526,1.514431302464652,real
1.935762711864407,0.3050847457627119,1.559982748398462,real
1.935762711864407,0.3305084745762712,1.6055461686130548,real
1.935762711864407,0.35593220338983056,1.6511452858320526,real
1.935762711864407,0.38135593220338987,1.6967999926033792,real
1.935762711864407,0.4067796610169492,1.742526923997373,real
1.935762711864407,0.4322033898305085,1.788339930551087,real
1.935762711864407,0.4576271186440678,1.834250472740332,real
1.935762711864407,0.48305084745762716,1.8802679529377484,real
1.935762711864407,0.5084745762711864,1.9263999969735648,real
1.935762711864407,0.5338983050847458,1.972652694608623,real
1.935762711864407,0.5593220338983051,2.0190308061544737,real
1.935762711864407,0.5847457627118644,2.0655379409255143,real
1.935762711864407,0.6101694915254238,2.112176712038824,real
1.935762711864407,0.6355932203389831,2.158948871186702,real
1.935762711864407,0.6610169491525424,2.205855426322253,real
1.935762711864407,0.6864406779661018,2.2528967446672015,real
1.935762711864407,0.7118644067796611,2.3000726430352945,real
1.935762711864407,0.7372881355932204,2.3473824671361534,real
1.935762711864407,0.7627118644067797,2.394825161262426,real
1.935762711864407,0.788135593220339,2.442399329552197,real
1.935762711864407,0.8135593220338984,2.490103289847152,real
1.935762711864407,0.8389830508474577,2.5379351210263215,real
1.935762711864407,0.864406779661017,2.5858927045786055,real
1.935762711864407,0.8898305084745763,2.6339737610798273,real
1.935762711864407,0.9152542372881356,2.6821758821576402,real
1.935762711864407,0.940677966101695,2.730496558457682,real
1.935762711864407,0.9661016949152543,2.778933204064104,real
1.935762711864407,0.9915254237288136,2.827483177775728,real
1.935762711864407,1.0169491525423728,2.8761438015937486,real
1.935762711864407,1.0423728813559323,2.924912376737418,real
1.935762711864407,1.0677966101694916,2.9737861974692796,real
1.935762711864407,1.0932203389830508,3.0227625629807537,real
1.935762711864407,1.1186440677966103,3.071838787561682,real
1.935762711864407,1.1440677966101696,3.1210122092531973,real
1.935762711864407,1.1694915254237288,3.170280197161641,real
1.935762711864407,1.1949152542372883,3.219640157592151,real
1.935762711864407,1.2203389830508475,3.269089539143112,real
1.935762711864407,1.2457627118644068,3.3186258368875063,real
1.935762711864407,1.2711864406779663,3.3682465957532486,real
1.935762711864407,1.2966101694915255,3.417949413202307,real
1.935762711864407,1.3220338983050848,3.4677319412974805,real
1.935762711864407,1.3474576271186443,3.5175918882356068,real
1.935762711864407,1.3728813559322035,3.5675270194173376,real
1.935762711864407,1.3983050847457628,3.617535158115551,real
1.935762711864407,1.4237288135593222,3.66761418579748,real
1.935762711864407,1.4491525423728815,3.717762042149278,real
1.935762711864407,1.4745762711864407,3.7679767248460587,real
1.935762711864407,1.5,3.8182562891054577,real
1.986440677966102,0.0,0.9999999999999999,real
1.986440677966102,0.025423728813559324,1.0500843154446502,real
1.986440677966102,0.05084745762711865,1.0991733223367253,real
1.986440677966102,0.07627118644067797,1.1474899242210714,real
1.986440677966102,0.1016949152542373,1.195205701244455,real
1.986440677966102,0.1271186440677966,1.2424555678008007,real
1.986440677966102,0.15254237288135594,1.289347412417119,real
1.986440677966102,0.17796610169491528,1.3359686753232054,real
1.986440677966102,0.2033898305084746,1.3823909785724364,real
1.986440677966102,0.2288135593220339,1.4286734739858353,real
1.986440677966102,0.2542372881355932,1.4748653214762486,real
1.986440677966102,0.2796610169491526,1.5210075621489128,real
1.986440677966102,0.3050847457627119,1.5671345605112537,real
1.986440677966102,0.3305084745762712,1.6132751336302666,real
1.986440677966102,0.35593220338983056,1.6594534486500538,real
1.986440677966102,0.38135593220338987,1.705689746020001,real
1.986440677966102,0.4067796610169492,1.752000929544031,real
1.986440677966102,0.4322033898305085,1.7984010531890853,real
1.986440677966102,0.4576271186440678,1.8449017267725694,real
1.986440677966102,0.48305084745762716,1.8915124570926536,real
1.986440677966102,0.5084745762711864,1.9382409370619373,real
1.986440677966102,0.5338983050847458,1.9850932924841704,real
1.986440677966102,0.5593220338983051,2.032074293957516,real
1.986440677966102,0.5847457627118644,2.0791875397793778,real
1.986440677966102,0.6101694915254238,2.1264356145155556,real
1.986440677966102,0.6355932203389831,2.1738202269741396,real
1.986440677966102,0.6610169491525424,2.2213423306162423,real
1.986440677966102,0.6864406779661018,2.2690022288865763,real
1.986440677966102,0.7118644067796611,2.3167996675174494,real
1.986440677966102,0.7372881355932204,2.3647339155206373,real
1.986440677966102,0.7627118644067797,2.4128038363113244,real
1.986440677966102,0.788135593220339,2.461007950190915,real
1.986440677966102,0.8135593220338984,2.509344489238675,real
1.986440677966102,0.8389830508474577,2.5578114455173346,real
1.986440677966102,0.864406779661017,2.6064066133775348,real
1.986440677966102,0.8898305084745763,2.6551276265456707,real
1.986440677966102,0.9152542372881356,2.7039719905947646,real
1.986440677966102,0.940677966101695,2.7529371113259637,real
1.986440677966102,0.9661016949152543,2.802020319526181,real
1.986440677966102,0.9915254237288136,2.851218892513936,real
1.986440677966102,1.0169491525423728,2.9005300728388677,real
1.986440677966102,1.0423728813559323,2.949951084459552,real
1.986440677966102,1.0677966101694916,2.999479146688479,real
1.986440677966102,1.0932203389830508,3.049111486161322,real
1.986440677966102,1.1186440677966103,3.0988453470596418,real
1.986440677966102,1.1440677966101696,3.14867799979116,real
1.986440677966102,1.1694915254237288,3.1986067483095955,real
1.986440677966102,1.1949152542372883,3.24862893623622,real
1.986440677966102,1.2203389830508475,3.29874195192759,real
1.986440677966102,1.2457627118644068,3.348943232618118,real
1.986440677966102,1.2711864406779663,3.3992302677519595,real
1.986440677966102,1.2966101694915255,3.449600601606071,real
1.986440677966102,1.3220338983050848,3.5000518352949332,real
1.986440677966102,1.3474576271186443,3.550581628237303,real
1.986440677966102,1.3728813559322035,3.601187699156289,real
1.986440677966102,1.3983050847457628,3.6518678266759474,real
1.986440677966102,1.4237288135593222,3.7026198495703357,real
1.986440677966102,1.4491525423728815,3.7534416667144557,real
1.986440677966102,1.4745762711864407,3.804331236780841,real
1.986440677966102,1.5,3.8552865777202396,real
2.037118644067797,0.0,1.0,real
2.037118644067797,0.025423728813559324,1.0507034134022402,real
2.037118644067797,0.05084745762711865,1.100389212338943,real
2.037118644067797,0.07627118644067797,1.149286523897183,real
2.037118644067797,0.1016949152542373,1.197571448848615,real
2.037118644067797,0.1271186440677966,1.2453822679353954,real
2.037118644067797,0.15254237288135594,1.292829426730292,real
2.037118644067797,0.17796610169491528,1.3400023383328323,real
2.037118644067797,0.2033898305084746,1.3869741652518843,real
2.037118644067797,0.2288135593220339,1.4338052726275474,real
2.037118644067797,0.2542372881355932,1.4805457814769651,real
2.037118644067797,0.2796610169491526,1.5272374963549824,real
2.037118644067797,0.3050847457627119,1.573915388135628,real
2.037118644067797,0.3305084745762712,1.6206087539206118,real
2.037118644067797,0.35593220338983056,1.6673421382751834,real
2.037118644067797,0.38135593220338987,1.7141360750444687,real
2.037118644067797,0.4067796610169492,1.7610076921832105,real
2.037118644067797,0.4322033898305085,1.8079712104717958,real
2.037118644067797,0.4576271186440678,1.8550383589093407,real
2.037118644067797,0.48305084745762716,1.9022187238364037,real
2.037118644067797,0.5084745762711864,1.9495200447089887,real
2.037118644067797,0.5338983050847458,1.9969484664337906,real
2.037118644067797,0.5593220338983051,2.044508755953449,real
2.037118644067797,0.5847457627118644,2.0922044891146463,real
2.037118644067797,0.6101694915254238,2.1400382126049013,real
2.037118644067797,0.6355932203389831,2.188011584795736,real
2.037118644067797,0.6610169491525424,2.236125498602118,real
2.037118644067797,0.6864406779661018,2.284380188904403,real
2.037118644067797,0.7118644067796611,2.3327753266381395,real
2.037118644067797,0.7372881355932204,2.381310101309295,real
2.037118644067797,0.7627118644067797,2.4299832934152548,real
2.037118644067797,0.788135593220339,2.47879333802897,real
2.037118644067797,0.8135593220338984,2.5277383806224667,real
2.037118644067797,0.8389830508474577,2.576816326057327,real
2.037118644067797,0.864406779661017,2.6260248815464764,real
2.037118644067797,0.8898305084745763,2.6753615942888374,real
2.037118644067797,0.9152542372881356,2.724823884391198,real
2.037118644067797,0.940677966101695,2.7744090736178046,real
2.037118644067797,0.9661016949152543,2.8241144104445457,real
2.037118644067797,0.9915254237288136,2.873937091839666,real
2.037118644067797,1.0169491525423728,2.923874282145167,real
2.037118644067797,1.0423728813559323,2.9739231293911756,real
2.037118644067797,1.0677966101694916,3.0240807793387754,real
2.037118644067797,1.0932203389830508,3.0743443875143104,real
2.037118644067797,1.1186440677966103,3.124711129469325,real
2.037118644067797,1.1440677966101696,3.17517820947483,real
2.037118644067797,1.1694915254237288,3.2257428678356592,real
2.037118644067797,1.1949152542372883,3.2764023869904837,real
2.037118644067797,1.2203389830508475,3.327154096544823,real
2.037118644067797,1.2457627118644068,3.377995377368268,real
2.037118644067797,1.2711864406779663,3.428923664872491,real
2.037118644067797,1.2966101694915255,3.4799364515738245,real
2.037118644067797,1.3220338983050848,3.531031289032413,real
2.037118644067797,1.3474576271186443,3.582205789249751,real
2.037118644067797,1.3728813559322035,3.633457625596922,real
2.037118644067797,1.3983050847457628,3.684784533337816,real
2.037118644067797,1.4237288135593222,3.7361843098039897,real
2.037118644067797,1.4491525423728815,3.787654814271348,real
2.037118644067797,1.4745762711864407,3.839193967582862,real
2.037118644067797,1.5,3.890799751556331,real
2.0877966101694914,0.0,1.0,real
2.0877966101694914,0.025423728813559324,1.0512782091569324,real
2.0877966101694914,0.05084745762711865,1.101522274824539,real
2.0877966101694914,0.07627118644067797,1.1509657927753398,real
2.0877966101694914,0.1016949152542373,1.1997882580378725,real
2.0877966101694914,0.1271186440677966,1.2481305608662383,real
2.0877966101694914,0.15254237288135594,1.2961051760783717,real
2.0877966101694914,0.17796610169491528,1.3438031101190708,real
2.0877966101694914,0.2033898305084746,1.3912987860017085,real
2.0877966101694914,0.2288135593220339,1.4386535712235973,real
2.0877966101694914,0.2542372881355932,1.4859183860490017,real
2.0877966101694914,0.2796610169491526,1.5331356724068894,real
2.0877966101694914,0.3050847457627119,1.5803409080784911,real
2.0877966101694914,0.3305084745762712,1.627563790902103,real
2.0877966101694914,0.35593220338983056,1.6748291790853926,real
2.0877966101694914,0.38135593220338987,1.7221578482082631,real
2.0877966101694914,0.4067796610169492,1.769567108297323,real
2.0877966101694914,0.4322033898305085,1.8170713125295448,real
2.0877966101694914,0.4576271186440678,1.8646822808563905,real
2.0877966101694914,0.48305084745762716,1.912409655971565,real
2.0877966101694914,0.5084745762711864,1.9602612048216959,real
2.0877966101694914,0.5338983050847458,2.0082430757805736,real
2.0877966101694914,0.5593220338983051,2.0563600193376277,real
2.0877966101694914,0.5847457627118644,2.104615578459434,real
2.0877966101694914,0.6101694915254238,2.153012253509541,real
2.0877966101694914,0.6355932203389831,2.2015516456435846,real
2.0877966101694914,0.6610169491525424,2.250234581854017,real
2.0877966101694914,0.6864406779661018,2.2990612242632325,real
2.0877966101694914,0.7118644067796611,2.34803116581431,real
2.0877966101694914,0.7372881355932204,2.397143514153575,real
2.0877966101694914,0.7627118644067797,2.446396965216468,real
2.0877966101694914,0.788135593220339,2.4957898678007298,real
2.0877966101694914,0.8135593220338984,2.5453202802260355,real
2.0877966101694914,0.8389830508474577,2.594986020027546,real
2.0877966101694914,0.864406779661017,2.644784707505162,real
2.0877966101694914,0.8898305084745763,2.694713803845018,real
2.0877966101694914,0.9152542372881356,2.7447706444410294,real
2.0877966101694914,0.940677966101695,2.794952467968599,real
2.0877966101694914,0.9661016949152543,2.8452564416976056,real
2.0877966101694914,0.9915254237288136,2.8956796834757292,real
2.0877966101694914,1.0169491525423728,2.9462192807641245,real
2.0877966101694914,1.0423728813559323,2.9968723070647676,real
2.0877966101694914,1.0677966101694916,3.0476358360410574,real
2.0877966101694914,1.0932203389830508,3.0985069536000656,real
2.0877966101694914,1.1186440677966103,3.1494827681753153,real
2.0877966101694914,1.1440677966101696,3.2005604194227915,real
2.0877966101694914,1.1694915254237288,3.2517370855196233,real
2.0877966101694914,1.1949152542372883,3.303009989233992,real
2.0877966101694914,1.2203389830508475,3.3543764029163774,real
2.0877966101694914,1.2457627118644068,3.4058336525455957,real
2.0877966101694914,1.2711864406779663,3.4573791209482145,real
2.0877966101694914,1.2966101694915255,3.5090102502968725,real
2.0877966101694914,1.3220338983050848,3.5607245439809088,real
2.0877966101694914,1.3474576271186443,3.612519567932325,real
2.0877966101694914,1.3728813559322035,3.6643929514805746,real
2.0877966101694914,1.3983050847457628,3.7163423878011486,real
2.0877966101694914,1.4237288135593222,3.7683656340155274,real
2.0877966101694914,1.4491525423728815,3.8204605109931156,real
2.0877966101694914,1.4745762711864407,3.8726249029000708,real
2.0877966101694914,1.5,3.924856756534252,real
2.1384745762711863,0.0,1.0,real
2.1384745762711863,0.025423728813559324,1.0518101477556125,real
2.1384745762711863,0.05084745762711865,1.1025754480630516,real
2.1384745762711863,0.07627118644067797,1.152532138839531,real
2.1384745762711863,0.1016949152542373,1.2018619561661126,real
2.1384745762711863,0.1271186440677966,1.2507076354652937,real
2.1384745762711863,0.15254237288135594,1.2991831538399776,real
2.1384745762711863,0.17796610169491528,1.3473807358207868,real
2.1384745762711863,0.2033898305084746,1.3953757904098456,real
2.1384745762711863,0.2288135593220339,1.4432304820757025,real
2.1384745762711863,0.2542372881355932,1.4909963737373655,real
2.1384745762711863,0.2796610169491526,1.5387164234007988,real
2.1384745762711863,0.3050847457627119,1.5864265205431607,real
2.1384745762711863,0.3305084745762712,1.634156688175956,real
2.1384745762711863,0.35593220338983056,1.6819320376343734,real
2.1384745762711863,0.38135593220338987,1.729773537415845,real
2.1384745762711863,0.4067796610169492,1.777698640014484,real
2.1384745762711863,0.4322033898305085,1.8257217987397645,real
2.1384745762711863,0.4576271186440678,1.873854898139562,real
2.1384745762711863,0.48305084745762716,1.922107615702691,real
2.1384745762711863,0.5084745762711864,1.9704877282348507,real
2.1384745762711863,0.5338983050847458,2.0190013731800946,real
2.1384745762711863,0.5593220338983051,2.067653272857586,real
2.1384745762711863,0.5847457627118644,2.116446927867201,real
2.1384745762711863,0.6101694915254238,2.165384784625299,real
2.1384745762711863,0.6355932203389831,2.214468381009754,real
2.1384745762711863,0.6610169491525424,2.2636984733395176,real
2.1384745762711863,0.6864406779661018,2.313075147330178,real
2.1384745762711863,0.7118644067796611,2.3625979152105554,real
2.1384745762711863,0.7372881355932204,2.4122658008251667,real
2.1384745762711863,0.7627118644067797,2.462077414260272,real
2.1384745762711863,0.788135593220339,2.5120310173003153,real
2.1384745762711863,0.8135593220338984,2.562124580833682,real
2.1384745762711863,0.8389830508474577,2.612355835172648,real
2.1384745762711863,0.864406779661017,2.6627223141245437,real
2.1384745762711863,0.8898305084745763,2.7132213935441705,real
2.1384745762711863,0.9152542372881356,2.763850325007143,real
2.1384745762711863,0.940677966101695,2.8146062651667534,real
2.1384745762711863,0.9661016949152543,2.8654863012908414,real
2.1384745762711863,0.9915254237288136,2.916487473417802,real
2.1384745762711863,1.0169491525423728,2.9676067935211057,real
2.1384745762711863,1.0423728813559323,3.0188412620279155,real
2.1384745762711863,1.0677966101694916,3.070187881999084,real
2.1384745762711863,1.0932203389830508,3.1216436712437714,real
2.1384745762711863,1.1186440677966103,3.173205672611907,real
2.1384745762711863,1.1440677966101696,3.224870962680979,real
2.1384745762711863,1.1694915254237288,3.2766366590298,real
2.1384745762711863,1.1949152542372883,3.328499926270724,real
2.1384745762711863,1.2203389830508475,3.3804579809928472,real
2.1384745762711863,1.2457627118644068,3.4325080957517624,real
2.1384745762711863,1.2711864406779663,3.4846476022263326,real
2.1384745762711863,1.2966101694915255,3.5368738936494726,real
2.1384745762711863,1.3220338983050848,3.5891844266077793,real
2.1384745762711863,1.3474576271186443,3.641576722294114,real
2.1384745762711863,1.3728813559322035,3.694048367287539,real
2.1384745762711863,1.3983050847457628,3.746597013926486,real
2.1384745762711863,1.4237288135593222,3.799220380333241,real
2.1384745762711863,1.4491525423728815,3.8519162501410786,real
2.1384745762711863,1.4745762711864407,3.904682471969222,real
2.1384745762711863,1.5,3.957516958685367,real
2.1891525423728813,0.0,1.0,real
2.1891525423728813,0.025423728813559324,1.052300728107661,real
2.1891525423728813,0.05084745762711865,1.1035517322217583,real
2.1891525423728813,0.07627118644067797,1.153990014591416,real
2.1891525423728813,0.1016949152542373,1.2037983835250787,real
2.1891525423728813,0.1271186440677966,1.2531206541605804,real
2.1891525423728813,0.15254237288135594,1.3020717835133961,real
2.1891525423728813,0.17796610169491528,1.350744845437937,real
2.1891525423728813,0.2033898305084746,1.3992159671841855,real
2.1891525423728813,0.2288135593220339,1.4475479111824319,real
2.1891525423728813,0.2542372881355932,1.4957927321479223,real
2.1891525423728813,0.2796610169491526,1.543993787907195,real
2.1891525423728813,0.3050847457627119,1.5921872888025523,real
2.1891525423728813,0.3305084745762712,1.6404035112404898,real
2.1891525423728813,0.35593220338983056,1.688667762431618,real
2.1891525423728813,0.38135593220338987,1.7370011577845792,real
2.1891525423728813,0.4067796610169492,1.785421255079298,real
2.1891525423728813,0.4322033898305085,1.833942577583822,real
2.1891525423728813,0.4576271186440678,1.8825770498919094,real
2.1891525423728813,0.48305084745762716,1.9313343642908636,real
2.1891525423728813,0.5084745762711864,1.9802222911658247,real
2.1891525423728813,0.5338983050847458,2.029246943805913,real
2.1891525423728813,0.5593220338983051,2.07841300565912,real
2.1891525423728813,0.5847457627118644,2.127723926353614,real
2.1891525423728813,0.6101694915254238,2.177182091500362,real
2.1891525423728813,0.6355932203389831,2.2267889703011994,real
2.1891525423728813,0.6610169491525424,2.2765452442259626,real
2.1891525423728813,0.6864406779661018,2.3264509194329057,real
2.1891525423728813,0.7118644067796611,2.3765054251458113,real
2.1891525423728813,0.7372881355932204,2.4267076998373063,real
2.1891525423728813,0.7627118644067797,2.4770562667777263,real
2.1891525423728813,0.788135593220339,2.5275493002753557,real
2.1891525423728813,0.8135593220338984,2.5781846837439084,real
2.1891525423728813,0.8389830508474577,2.628960060577008,real
2.1891525423728813,0.864406779661017,2.679872878680057,real
2.1891525423728813,0.8898305084745763,2.730920429401335,real
2.1891525423728813,0.9152542372881356,2.7820998815125866,real
2.1891525423728813,0.940677966101695,2.833408310811052,real
2.1891525423728813,0.9661016949152543,2.8848427258477702,real
2.1891525423728813,0.9915254237288136,2.9364000902287244,real
2.1891525423728813,1.0169491525423728,2.988077341884689,real
2.1891525423728813,1.0423728813559323,3.039871409661263,real
2.1891525423728813,1.0677966101694916,3.0917792275414064,real
2.1891525423728813,1.0932203389830508,3.143797746778242,real
2.1891525423728813,1.1186440677966103,3.1959239461853186,real
2.1891525423728813,1.1440677966101696,3.248154840804203,real
2.1891525423728813,1.1694915254237288,3.3004874891451315,real
2.1891525423728813,1.1949152542372883,3.352918999174739,real
2.1891525423728813,1.2203389830508475,3.4054465332056933,real
2.1891525423728813,1.2457627118644068,3.4580673118257415,real
2.1891525423728813,1.2711864406779663,3.510778616988282,real
2.1891525423728813,1.2966101694915255,3.5635777943729474,real
2.1891525423728813,1.3220338983050848,3.6164622551121415,real
2.1891525423728813,1.3474576271186443,3.669429476968782,real
2.1891525423728813,1.3728813559322035,3.722477005040425,real
2.1891525423728813,1.3983050847457628,3.7756024520563947,real
2.1891525423728813,1.4237288135593222,3.828803498326647,real
2.1891525423728813,1.4491525423728815,3.882077891394084,real
2.1891525423728813,1.4745762711864407,3.935423445436022,real
2.1891525423728813,1.5,3.9888380404547505,real
2.239830508474576,0.0,0.9999999999999998,real
2.239830508474576,0.025423728813559324,1.052751486285323,real
2.239830508474576,0.05084745762711865,1.1044541611075553,real
2.239830508474576,0.07627118644067797,1.1553438810150787,real
2.239830508474576,0.1016949152542373,1.2056033521898248,real
2.239830508474576,0.1271186440677966,1.2553767085015899,real
2.239830508474576,0.15254237288135594,1.30477937226608,real
2.239830508474576,0.17796610169491528,1.3539049062287252,real
2.239830508474576,0.2033898305084746,1.4028298959816117,real
2.239830508474576,0.2288135593220339,1.4516175098886737,real
2.239830508474576,0.2542372881355932,1.5003201496679586,real
2.239830508474576,0.2796610169491526,1.5489814619156277,real
2.239830508474576,0.3050847457627119,1.597637891451913,real
2.239830508474576,0.3305084745762712,1.6463199000864572,real
2.239830508474576,0.35593220338983056,1.6950529368801792,real
2.239830508474576,0.38135593220338987,1.7438582209002293,real
2.239830508474576,0.4067796610169492,1.7927533803845233,real
2.239830508474576,0.4322033898305085,1.8417529804017623,real
2.239830508474576,0.4576271186440678,1.8908689627710689,real
2.239830508474576,0.48305084745762716,1.9401110160687605,real
2.239830508474576,0.5084745762711864,1.989486889260124,real
2.239830508474576,0.5338983050847458,2.03900265935775,real
2.239830508474576,0.5593220338983051,2.0886629611896237,real
2.239830508474576,0.5847457627118644,2.1384711856289966,real
2.239830508474576,0.6101694915254238,2.188429651332603,real
2.239830508474576,0.6355932203389831,2.2385397540401537,real
2.239830508474576,0.6610169491525424,2.288802096724637,real
2.239830508474576,0.6864406779661018,2.3392166032911095,real
2.239830508474576,0.7118644067796611,2.389782618058483,real
2.239830508474576,0.7372881355932204,2.4404989928928065,real
2.239830508474576,0.7627118644067797,2.4913641635686514,real
2.239830508474576,0.788135593220339,2.5423762166998953,real
2.239830508474576,0.8135593220338984,2.5935329483897993,real
2.239830508474576,0.8389830508474577,2.6448319155928637,real
2.239830508474576,0.864406779661017,2.696270481050232,real
2.239830508474576,0.8898305084745763,2.747845852550854,real
2.239830508474576,0.9152542372881356,2.799555117177873,real
2.239830508474576,0.940677966101695,2.8513952711205763,real
2.239830508474576,0.9661016949152543,2.9033632455641545,real
2.239830508474576,0.9915254237288136,2.955455929110482,real
2.239830508474576,1.0169491525423728,3.0076701871317666,real
2.239830508474576,1.0423728813559323,3.060002878413711,real
2.239830508474576,1.0677966101694916,3.1124508694052158,real
2.239830508474576,1.0932203389830508,3.1650110463564913,real
2.239830508474576,1.1186440677966103,3.2176803255963136,real
2.239830508474576,1.1440677966101696,3.2704556621715146,real
2.239830508474576,1.1694915254237288,3.323334057047121,real
2.239830508474576,1.1949152542372883,3.3763125630436113,real
2.239830508474576,1.2203389830508475,3.429388289668132,real
2.239830508474576,1.2457627118644068,3.4825584069789617,real
2.239830508474576,1.2711864406779663,3.535820148606936,real
2.239830508474576,1.2966101694915255,3.589170814043495,real
2.239830508474576,1.3220338983050848,3.642607770292535,real
2.239830508474576,1.3474576271186443,3.6961284529721325,real
2.239830508474576,1.3728813559322035,3.749730366942205,real
2.239830508474576,1.3983050847457628,3.803411086525272,real
2.239830508474576,1.4237288135593222,3.8571682553796847,real
2.239830508474576,1.4491525423728815,3.9109995860774127,real
2.239830508474576,1.4745762711864407,3.964902859432439,real
2.239830508474576,1.5,4.018875923620052,real
2.290508474576271,0.0,1.0,real
2.290508474576271,0.025423728813559324,1.0531639807998594,real
2.290508474576271,0.05084745762711865,1.1052857777210308,real
2.290508474576271,0.07627118644067797,1.1565981768919917,real
2.290508474576271,0.1016949152542373,1.2072826114554984,real
2.290508474576271,0.1271186440677966,1.257482782305546,real
2.290508474576271,0.15254237288135594,1.307314072853866,real
2.290508474576271,0.17796610169491528,1.3568701841097386,real
2.290508474576271,0.2033898305084746,1.4062279087544185,real
2.290508474576271,0.2288135593220339,1.4554506364768636,real
2.290508474576271,0.2542372881355932,1.5045909774852502,real
2.290508474576271,0.2796610169491526,1.5536927613842753,real
2.290508474576271,0.3050847457627119,1.6027925855355278,real
2.290508474576271,0.3305084745762712,1.6519210329085436,real
2.290508474576271,0.35593220338983056,1.7011036435535614,real
2.290508474576271,0.38135593220338987,1.7503616996214577,real
2.290508474576271,0.4067796610169492,1.799712867253023,real
2.290508474576271,0.4322033898305085,1.8491717270937467,real
2.290508474576271,0.4576271186440678,1.8987502170174841,real
2.290508474576271,0.48305084745762716,1.9484580047906146,real
2.290508474576271,0.5084745762711864,1.9983028041673156,real
2.290508474576271,0.5338983050847458,2.048290644798109,real
2.290508474576271,0.5593220338983051,2.0984261040315384,real
2.290508474576271,0.5847457627118644,2.1487125069666155,real
2.290508474576271,0.6101694915254238,2.1991520998131575,real
2.290508474576271,0.6355932203389831,2.2497462006259785,real
2.290508474576271,0.6610169491525424,2.300495330716687,real
2.290508474576271,0.6864406779661018,2.3513993294551345,real
2.290508474576271,0.7118644067796611,2.4024574547092397,real
2.290508474576271,0.7372881355932204,2.453668470805314,real
2.290508474576271,0.7627118644067797,2.5050307255984574,real
2.290508474576271,0.788135593220339,2.556542218006501,real
2.290508474576271,0.8135593220338984,2.6082006571687235,real
2.290508474576271,0.8389830508474577,2.66000351423234,real
2.290508474576271,0.864406779661017,2.711948067638183,real
2.290508474576271,0.8898305084745763,2.764031442666637,real
2.290508474576271,0.9152542372881356,2.816250645911393,real
2.290508474576271,0.940677966101695,2.8686025952686585,real
2.290508474576271,0.9661016949152543,2.921084145960638,real
2.290508474576271,0.9915254237288136,2.9736921130525187,real
2.290508474576271,1.0169491525423728,3.026423290870056,real
2.290508474576271,1.0423728813559323,3.079274469679171,real
2.290508474576271,1.0677966101694916,3.1322424499488104,real
2.290508474576271,1.0932203389830508,3.1853240544826265,real
2.290508474576271,1.1186440677966103,3.2385161386735257,real
2.290508474576271,1.1440677966101696,3.291815599106997,real
2.290508474576271,1.1694915254237288,3.345219380714215,real
2.290508474576271,1.1949152542372883,3.3987244826534764,real
2.290508474576271,1.2203389830508475,3.4523279630787798,real
2.290508474576271,1.2457627118644068,3.50602694293641,real
2.290508474576271,1.2711864406779663,3.559818608914651,real
2.290508474576271,1.2966101694915255,3.6137002156574543,real
2.290508474576271,1.3220338983050848,3.667669087340295,real
2.290508474576271,1.3474576271186443,3.7217226186950527,real
2.290508474576271,1.3728813559322035,3.7758582755607817,real
2.290508474576271,1.3983050847457628,3.830073595028031,real
2.290508474576271,1.4237288135593222,3.884366185236615,real
2.290508474576271,1.4491525423728815,3.9387337248792846,real
2.290508474576271,1.4745762711864407,3.9931739624576963,real
2.290508474576271,1.5,4.0476847153311315,real
2.341186440677966,0.0,1.0,real
2.341186440677966,0.025423728813559324,1.053539779735027,real
2.341186440677966,0.05084745762711865,1.106049613310135,real
2.341186440677966,0.07627118644067797,1.1577572929484572,real
2.341186440677966,0.1016949152542373,1.208841819157455,real
2.341186440677966,0.1271186440677966,1.2594457215094315,real
2.341186440677966,0.15254237288135594,1.3096838528916774,real
2.341186440677966,0.17796610169491528,1.3596497129194294,real
2.341186440677966,0.2033898305084746,1.4094200593716308,real
2.341186440677966,0.2288135593220339,1.459058326370105,real
2.341186440677966,0.2542372881355932,1.5086172005009932,real
2.341186440677966,0.2796610169491526,1.5581405939251813,real
2.341186440677966,0.3050847457627119,1.607665179021908,real
2.341186440677966,0.3305084745762712,1.6572215993576411,real
2.341186440677966,0.35593220338983056,1.706835438191718,real
2.341186440677966,0.38135593220338987,1.7565280027726198,real
2.341186440677966,0.4067796610169492,1.8063169667719199,real
2.341186440677966,0.4322033898305085,1.856216902035031,real
2.341186440677966,0.4576271186440678,1.9062397228871555,real
2.341186440677966,0.48305084745762716,1.9563950605189317,real
2.341186440677966,0.5084745762711864,2.00669058081841,real
2.341186440677966,0.5338983050847458,2.0571322559583876,real
2.341186440677966,0.5593220338983051,2.1077245977772368,real
2.341186440677966,0.5847457627118644,2.1584708592888067,real
2.341186440677966,0.6101694915254238,2.2093732093688185,real
2.341186440677966,0.6355932203389831,2.260432884681698,real
2.341186440677966,0.6610169491525424,2.311650322154479,real
2.341186440677966,0.6864406779661018,2.3630252747156795,real
2.341186440677966,0.7118644067796611,2.414556912555418,real
2.341186440677966,0.7372881355932204,2.466243911797454,real
2.341186440677966,0.7627118644067797,2.5180845321816627,real
2.341186440677966,0.788135593220339,2.5700766851193793,real
2.341186440677966,0.8135593220338984,2.6222179932916667,real
2.341186440677966,0.8389830508474577,2.6745058428019135,real
2.341186440677966,0.864406779661017,2.726937428762195,real
2.341186440677966,0.8898305084745763,2.7795097950819487,real
2.341186440677966,0.9152542372881356,2.8322198691334,real
2.341186440677966,0.940677966101695,2.8850644918877983,real
2.341186440677966,0.9661016949152543,2.93804044404707,real
2.341186440677966,0.9915254237288136,2.991144468635389,real
2.341186440677966,1.0169491525423728,3.0443732904625054,real
2.341186440677966,1.0423728813559323,3.0977236328244966,real
2.341186440677966,1.0677966101694916,3.151192231767025,real
2.341186440677966,1.0932203389830508,3.20477584819996,real
2.341186440677966,1.1186440677966103,3.258471278120442,real
2.341186440677966,1.1440677966101696,3.3122753611728823,real
2.341186440677966,1.1694915254237288,3.3661849877491496,real
2.341186440677966,1.1949152542372883,3.420197104809579,real
2.341186440677966,1.2203389830508475,3.474308720585185,real
2.341186440677966,1.2457627118644068,3.5285169083035606,real
2.341186440677966,1.2711864406779663,3.5828188090647477,real
2.341186440677966,1.2966101694915255,3.6372116339790446,real
2.341186440677966,1.3220338983050848,3.6916926656658444,real
2.341186440677966,1.3474576271186443,3.7462592592011696,real
2.341186440677966,1.3728813559322035,3.8009088425912965,real
2.341186440677966,1.3983050847457628,3.8556389168407965,real
2.341186440677966,1.4237288135593222,3.910447055675166,real
2.341186440677966,1.4491525423728815,3.965330904970984,real
2.341186440677966,1.4745762711864407,4.020288181940145,real
2.341186440677966,1.5,4.0753166741089055,real
2.391864406779661,0.0,1.0000000000000002,real
2.391864406779661,0.025423728813559324,1.0538804496068426,real
2.391864406779661,0.05084745762711865,1.1067486696071493,real
2.391864406779661,0.07627118644067797,1.1588255503334932,real
2.391864406779661,0.1016949152542373,1.2102865182055949,real
2.391864406779661,0.1271186440677966,1.2612722099149096,real
2.391864406779661,0.15254237288135594,1.3118964705414151,real
2.391864406779661,0.17796610169491528,1.3622522705086448,real
2.391864406779661,0.2033898305084746,1.4124161003931597,real
2.391864406779661,0.2288135593220339,1.4624512697525582,real
2.391864406779661,0.2542372881355932,1.5124104158800504,real
2.391864406779661,0.2796610169491526,1.562337438315025,real
2.391864406779661,0.3050847457627119,1.6122690112704279,real
2.391864406779661,0.3305084745762712,1.662235781935256,real
2.391864406779661,0.35593220338983056,1.7122633319799128,real
2.391864406779661,0.38135593220338987,1.7623729582542487,real
2.391864406779661,0.4067796610169492,1.812582313676277,real
2.391864406779661,0.4322033898305085,1.8629059386716422,real
2.391864406779661,0.4576271186440678,1.9133557058972455,real
2.391864406779661,0.48305084745762716,1.9639411954583965,real
2.391864406779661,0.5084745762711864,2.014670013787869,real
2.391864406779661,0.5338983050847458,2.0655480663708055,real
2.391864406779661,0.5593220338983051,2.1165797922750835,real
2.391864406779661,0.5847457627118644,2.1677683667740335,real
2.391864406779661,0.6101694915254238,2.219115877079806,real
2.391864406779661,0.6355932203389831,2.2706234752349874,real
2.391864406779661,0.6610169491525424,2.322291511461181,real
2.391864406779661,0.6864406779661018,2.3741196506801123,real
2.391864406779661,0.7118644067796611,2.4261069744648838,real
2.391864406779661,0.7372881355932204,2.4782520703157056,real
2.391864406779661,0.7627118644067797,2.5305531098637366,real
2.391864406779661,0.788135593220339,2.5830079173714675,real
2.391864406779661,0.8135593220338984,2.635614029706072,real
2.391864406779661,0.8389830508474577,2.6883687488036014,real
2.391864406779661,0.864406779661017,2.741269187509922,real
2.391864406779661,0.8898305084745763,2.7943123095730544,real
2.391864406779661,0.9152542372881356,2.8474949644672454,real
2.391864406779661,0.940677966101695,2.9008139176482945,real
2.391864406779661,0.9661016949152543,2.9542658767697914,real
2.391864406779661,0.9915254237288136,3.0078475143293977,real
2.391864406779661,1.0169491525423728,3.061555487161238,real
2.391864406779661,1.0423728813559323,3.115386453143899,real
2.391864406779661,1.0677966101694916,3.1693370854524043,real
2.391864406779661,1.0932203389830508,3.2234040846462095,real
2.391864406779661,1.1186440677966103,3.277584188852886,real
2.391864406779661,1.1440677966101696,3.331874182278351,real
2.391864406779661,1.1694915254237288,3.386270902249019,real
2.391864406779661,1.1949152542372883,3.4407712449682166,real
2.391864406779661,1.2203389830508475,3.495372170148937,real
2.391864406779661,1.2457627118644068,3.5500707046665942,real
2.391864406779661,1.2711864406779663,3.604863945359342,real
2.391864406779661,1.2966101694915255,3.6597490610888364,real
2.391864406779661,1.3220338983050848,3.7147232941613497,real
2.391864406779661,1.3474576271186443,3.76978396119762,real
2.391864406779661,1.3728813559322035,3.8249284535293797,real
2.391864406779661,1.3983050847457628,3.8801542371913635,real
2.391864406779661,1.4237288135593222,3.935458852569322,real
2.391864406779661,1.4491525423728815,3.990839913757352,real
2.391864406779661,1.4745762711864407,4.046295107671187,real
2.391864406779661,1.5,4.101822192958571,real
2.442542372881356,0.0,1.0,real
2.442542372881356,0.025423728813559324,1.0541875458119967,real
2.442542372881356,0.05084745762711865,1.107385903937459,real
2.442542372881356,0.07627118644067797,1.1598071829491696,real
2.442542372881356,0.1016949152542373,1.2116221177091946,real
2.442542372881356,0.1271186440677966,1.2629687500792983,real
2.442542372881356,0.15254237288135594,1.3139594557675673,real
2.442542372881356,0.17796610169491528,1.364686360723375,real
2.442542372881356,0.2033898305084746,1.4152254659906094,real
2.442542372881356,0.2288135593220339,1.465639795540772,real
2.442542372881356,0.2542372881355932,1.5159818181208156,real
2.442542372881356,0.2796610169491526,1.56629533066938,real
2.442542372881356,0.3050847457627119,1.6166169402883628,real
2.442542372881356,0.3305084745762712,1.666977244294166,real
2.442542372881356,0.35593220338983056,1.717401780842941,real
2.442542372881356,0.38135593220338987,1.7679118032744818,real
2.442542372881356,0.4067796610169492,1.8185249174581977,real
2.442542372881356,0.4322033898305085,1.8692556114465648,real
2.442542372881356,0.4576271186440678,1.9201156995091873,real
2.442542372881356,0.48305084745762716,1.971114697337167,real
2.442542372881356,0.5084745762711864,2.0222601413163472,real
2.442542372881356,0.5338983050847458,2.073557861878335,real
2.442542372881356,0.5593220338983051,2.125012218775021,real
2.442542372881356,0.5847457627118644,2.176626304489405,real
2.442542372881356,0.6101694915254238,2.2284021207533438,real
2.442542372881356,0.6355932203389831,2.280340732189809,real
2.442542372881356,0.6610169491525424,2.3324424003601845,real
2.442542372881356,0.6864406779661018,2.3847067009221328,real
2.442542372881356,0.7118644067796611,2.4371326261509854,real
2.442542372881356,0.7372881355932204,2.489718674718102,real
2.442542372881356,0.7627118644067797,2.5424629303313484,real
2.442542372881356,0.788135593220339,2.5953631306092357,real
2.442542372881356,0.8135593220338984,2.648416727369266,real
2.442542372881356,0.8389830508474577,2.7016209393530217,real
2.442542372881356,0.864406779661017,2.7549727982788212,real
2.442542372881356,0.8898305084745763,2.8084691890015065,real
2.442542372881356,0.9152542372881356,2.8621068844645885,real
2.442542372881356,0.940677966101695,2.9158825760488543,real
2.442542372881356,0.9661016949152543,2.9697928998514653,real
2.442542372881356,0.9915254237288136,3.023834459368714,real
2.442542372881356,1.0169491525423728,3.0780038450022222,real
2.442542372881356,1.0423728813559323,3.132297650761402,real
2.442542372881356,1.0677966101694916,3.186712488493688,real
2.442542372881356,1.0932203389830508,3.241244999937186,real
2.442542372881356,1.1186440677966103,3.2958918668578647,real
2.442542372881356,1.1440677966101696,3.3506498195043473,real
2.442542372881356,1.1694915254237288,3.405515643587422,real
2.442542372881356,1.1949152542372883,3.460486185968364,real
2.442542372881356,1.2203389830508475,3.515558359219428,real
2.442542372881356,1.2457627118644068,3.5707291452015175,real
2.442542372881356,1.2711864406779663,3.625995597787534,real
2.442542372881356,1.2966101694915255,3.681354844845178,real
2.442542372881356,1.3220338983050848,3.736804089579929,real
2.442542372881356,1.3474576271186443,3.7923406113270466,real
2.442542372881356,1.3728813559322035,3.8479617658712337,real
2.442542372881356,1.3983050847457628,3.9036649853630077,real
2.442542372881356,1.4237288135593222,3.959447777892774,real
2.442542372881356,1.4491525423728815,4.015307726776038,real
2.442542372881356,1.4745762711864407,4.071242489596793,real
2.442542372881356,1.5,4.12724979705009,real
2.493220338983051,0.0,1.0,real
2.493220338983051,0.025423728813559324,1.0544626045254102,real
2.493220338983051,0.05084745762711865,1.1079642168996817,real
2.493220338983051,0.07627118644067797,1.160706323184959,real
2.493220338983051,0.1016949152542373,1.212853878117404,real
2.493220338983051,0.1271186440677966,1.2645416486728676,real
2.493220338983051,0.15254237288135594,1.315880096394397,real
2.493220338983051,0.17796610169491528,1.3669602004422932,real
2.493220338983051,0.2033898305084746,1.4178572601180968,real
2.493220338983051,0.2288135593220339,1.4686338607594887,real
2.493220338983051,0.2542372881355932,1.5193421896558128,real
2.493220338983051,0.2796610169491526,1.5700258562547742,real
2.493220338983051,0.3050847457627119,1.6207213357202157,real
2.493220338983051,0.3305084745762712,1.671459125358048,real
2.493220338983051,0.35593220338983056,1.7222646806407735,real
2.493220338983051,0.38135593220338987,1.7731591805627105,real
2.493220338983051,0.4067796610169492,1.824160159539157,real
2.493220338983051,0.4322033898305085,1.8752820338717735,real
2.493220338983051,0.4576271186440678,1.9265365440428057,real
2.493220338983051,0.48305084745762716,1.97793312910756,real
2.493220338983051,0.5084745762711864,2.029479245744952,real
2.493220338983051,0.5338983050847458,2.081180641752276,real
2.493220338983051,0.5593220338983051,2.133041591682058,real
2.493220338983051,0.5847457627118644,2.185065100735585,real
2.493220338983051,0.6101694915254238,2.2372530818183654,real
2.493220338983051,0.6355932203389831,2.289606509732056,real
2.493220338983051,0.6610169491525424,2.3421255557555822,real
2.493220338983051,0.6864406779661018,2.394809705303498,real
2.493220338983051,0.7118644067796611,2.4476578609043687,real
2.493220338983051,0.7372881355932204,2.500668432387323,real
2.493220338983051,0.7627118644067797,2.553839415880062,real
2.493220338983051,0.788135593220339,2.6071684629903205,real
2.493220338983051,0.8135593220338984,2.6606529413532787,real
2.493220338983051,0.8389830508474577,2.7142899875704067,real
2.493220338983051,0.864406779661017,2.7680765534340313,real
2.493220338983051,0.8898305084745763,2.8220094462210574,real
2.493220338983051,0.9152542372881356,2.8760853637448984,real
2.493220338983051,0.940677966101695,2.9303009247735603,real
2.493220338983051,0.9661016949152543,2.984652695351604,real
2.493220338983051,0.9915254237288136,3.039137211502658,real
2.493220338983051,1.0169491525423728,3.093750998735436,real
2.493220338983051,1.0423728813559323,3.1484905887291137,real
2.493220338983051,1.0677966101694916,3.203352533532203,real
2.493220338983051,1.0932203389830508,3.2583334175720586,real
2.493220338983051,1.1186440677966103,3.3134298677392624,real
2.493220338983051,1.1440677966101696,3.3686385617818377,real
2.493220338983051,1.1694915254237288,3.423956235218173,real
2.493220338983051,1.1949152542372883,3.4793796869541107,real
2.493220338983051,1.2203389830508475,3.534905783768917,real
2.493220338983051,1.2457627118644068,3.590531463816189,real
2.493220338983051,1.2711864406779663,3.6462537392691363,real
2.493220338983051,1.2966101694915255,3.7020696982248142,real
2.493220338983051,1.3220338983050848,3.757976505968658,real
2.493220338983051,1.3474576271186443,3.8139714056888154,real
2.493220338983051,1.3728813559322035,3.870051718719186,real
2.493220338983051,1.3983050847457628,3.926214844380799,real
2.493220338983051,1.4237288135593222,3.982458259482605,real
2.493220338983051,1.4491525423728815,4.03877951753554,real
2.493220338983051,1.4745762711864407,4.095176247726886,real
2.493220338983051,1.5,4.1516461536962,real
2.543898305084746,0.0,1.0,real
2.543898305084746,0.025423728813559324,1.0547071359091376,real
2.543898305084746,0.05084745762711865,1.1084864423320338,real
2.543898305084746,0.07627118644067797,1.1615269906403574,real
2.543898305084746,0.1016949152542373,1.2139868998507348,real
2.543898305084746,0.1271186440677966,1.2659970056886718,real
2.543898305084746,0.15254237288135594,1.3176654282784346,real
2.543898305084746,0.17796610169491528,1.3690817109235098,real
2.543898305084746,0.2033898305084746,1.4203202491384361,real
2.543898305084746,0.2288135593220339,1.4714430444862159,real
2.543898305084746,0.2542372881355932,1.5225018961122714,real
2.543898305084746,0.2796610169491526,1.5735401460373377,real
2.543898305084746,0.3050847457627119,1.6245940766411322,real
2.543898305084746,0.3305084745762712,1.6756940383075667,real
2.543898305084746,0.35593220338983056,1.7268653672907055,real
2.543898305084746,0.38135593220338987,1.778129139569484,real
2.543898305084746,0.4067796610169492,1.829502795489564,real
2.543898305084746,0.4322033898305085,1.8810006617106898,real
2.543898305084746,0.4576271186440678,1.9326343907670565,real
2.543898305084746,0.48305084745762716,1.9844133338929864,real
2.543898305084746,0.5084745762711864,2.0363448592691413,real
2.543898305084746,0.5338983050847458,2.0884346252067965,real
2.543898305084746,0.5593220338983051,2.140686815788094,real
2.543898305084746,0.5847457627118644,2.1931043449554593,real
2.543898305084746,0.6101694915254238,2.245689033873373,real
2.543898305084746,0.6355932203389831,2.2984417654816993,real
2.543898305084746,0.6610169491525424,2.3513626194562027,real
2.543898305084746,0.6864406779661018,2.4044509902400257,real
2.543898305084746,0.7118644067796611,2.457705690373319,real
2.543898305084746,0.7372881355932204,2.511125040999849,real
2.543898305084746,0.7627118644067797,2.564706951148808,real
2.543898305084746,0.788135593220339,2.6184489871617083,real
2.543898305084746,0.8135593220338984,2.672348433446844,real
2.543898305084746,0.8389830508474577,2.726402345588102,real
2.543898305084746,0.864406779661017,2.780607596704568,real
2.543898305084746,0.8898305084745763,2.8349609178471185,real
2.543898305084746,0.9152542372881356,2.8894589331240104,real
2.543898305084746,0.940677966101695,2.944098190166507,real
2.543898305084746,0.9661016949152543,2.998875186475352,real
2.543898305084746,0.9915254237288136,3.053786392127664,real
2.543898305084746,1.0169491525423728,3.1088282692700386,real
2.543898305084746,1.0423728813559323,3.1639972887763035,real
2.543898305084746,1.0677966101694916,3.2192899444063787,real
2.543898305084746,1.0932203389830508,3.274702764765612,real
2.543898305084746,1.1186440677966103,3.330232323330664,real
2.543898305084746,1.1440677966101696,3.3858752467786855,real
2.543898305084746,1.1694915254237288,3.441628221830132,real
2.543898305084746,1.1949152542372883,3.4974880007919755,real
2.543898305084746,1.2203389830508475,3.553451405967215,real
2.543898305084746,1.2457627118644068,3.6095153330776815,real
2.543898305084746,1.2711864406779663,3.665676753830418,real
2.543898305084746,1.2966101694915255,3.7219327177429498,real
2.543898305084746,1.3220338983050848,3.778280353329348,real
2.543898305084746,1.3474576271186443,3.8347168687370576,real
2.543898305084746,1.3728813559322035,3.891239551913881,real
2.543898305084746,1.3983050847457628,3.9478457703749608,real
2.543898305084746,1.4237288135593222,4.004532970631188,real
2.543898305084746,1.4491525423728815,4.061298677332993,real
2.543898305084746,1.4745762711864407,4.118140492176763,real
2.543898305084746,1.5,4.175056092615263,real
2.594576271186441,0.0,1.0,real
2.594576271186441,0.025423728813559324,1.0549226184992113,real
2.594576271186441,0.05084745762711865,1.1089553392979823,real
2.594576271186441,0.07627118644067797,1.1622730834543098,real
2.594576271186441,0.1016949152542373,1.215026114948477,real
2.594576271186441,0.1271186440677966,1.2673407069546383,real
2.594576271186441,0.15254237288135594,1.3193222289853854,real
2.594576271186441,0.17796610169491528,1.3710585128004509,real
2.594576271186441,0.2033898305084746,1.4226228582041702,real
2.594576271186441,0.2288135593220339,1.4740765456301494,real
2.594576271186441,0.2542372881355932,1.5254708854693726,real
2.594576271186441,0.2796610169491526,1.5768488771796414,real
2.594576271186441,0.3050847457627119,1.6282465533436914,real
2.594576271186441,0.3305084745762712,1.6796940736018555,real
2.594576271186441,0.35593220338983056,1.7312166209660649,real
2.594576271186441,0.38135593220338987,1.782835141784942,real
2.594576271186441,0.4067796610169492,1.8345669614106859,real
2.594576271186441,0.4322033898305085,1.8864263003695443,real
2.594576271186441,0.4576271186440678,1.9384247102493795,real
2.594576271186441,0.48305084745762716,1.990571444246809,real
2.594576271186441,0.5084745762711864,2.042873774061539,real
2.594576271186441,0.5338983050847458,2.0953372623432416,real
2.594576271186441,0.5593220338983051,2.1479659979982046,real
2.594576271186441,0.5847457627118644,2.200762800205717,real
2.594576271186441,0.6101694915254238,2.2537293958694185,real
2.594576271186441,0.6355932203389831,2.3068665743557886,real
2.594576271186441,0.6610169491525424,2.360174322689768,real
2.594576271186441,0.6864406779661018,2.413651943840297,real
2.594576271186441,0.7118644067796611,2.467298160302531,real
2.594576271186441,0.7372881355932204,2.5211112048423434,real
2.594576271186441,0.7627118644067797,2.575088899993232,real
2.594576271186441,0.788135593220339,2.629228727671102,real
2.594576271186441,0.8135593220338984,2.683527890087432,real
2.594576271186441,0.8389830508474577,2.7379833629874035,real
2.594576271186441,0.864406779661017,2.7925919421103993,real
2.594576271186441,0.8898305084745763,2.8473502836607487,real
2.594576271186441,0.9152542372881356,2.902254939482848,real
2.594576271186441,0.940677966101695,2.957302387554149,real
2.594576271186441,0.9661016949152543,3.012489058339252,real
2.594576271186441,0.9915254237288136,3.0678113574871544,real
2.594576271186441,1.0169491525423728,3.123265685299805,real
2.594576271186441,1.0423728813559323,3.1788484533526473,real
2.594576271186441,1.0677966101694916,3.234556098605698,real
2.594576271186441,1.0932203389830508,3.290385095306325,real
2.594576271186441,1.1186440677966103,3.346331964951647,real
2.594576271186441,1.1440677966101696,3.402393284548691,real
2.594576271186441,1.1694915254237288,3.4585656933840396,real
2.594576271186441,1.1949152542372883,3.5148458984909374,real
2.594576271186441,1.2203389830508475,3.571230678980718,real
2.594576271186441,1.2457627118644068,3.6277168893864555,real
2.594576271186441,1.2711864406779663,3.6843014621498775,real
2.594576271186441,1.2966101694915255,3.7409814093674414,real
2.594576271186441,1.3220338983050848,3.7977538238980655,real
2.594576271186441,1.3474576271186443,3.8546158799228287,real
2.594576271186441,1.3728813559322035,3.9115648330364983,real
2.594576271186441,1.3983050847457628,3.968598019940871,real
2.594576271186441,1.4237288135593222,4.025712857801711,real
2.594576271186441,1.4491525423728815,4.082906843323281,real
2.594576271186441,1.4745762711864407,4.140177551587912,real
2.594576271186441,1.5,4.1975226347020325,real
2.645254237288136,0.0,1.0,real
2.645254237288136,0.025423728813559324,1.0551104946432832,real
2.645254237288136,0.05084745762711865,1.1093735858439482,real
2.645254237288136,0.07627118644067797,1.1629483718943359,real
2.645254237288136,0.1016949152542373,1.2159762813051014,real
2.645254237288136,0.1271186440677966,1.268578419457576,real
2.645254237288136,0.15254237288135594,1.320857014430648,real
2.645254237288136,0.17796610169491528,1.3728979241453991,real
2.645254237288136,0.2033898305084746,1.424773170778679,real
2.645254237288136,0.2288135593220339,1.4765431839029337,real
2.645254237288136,0.2542372881355932,1.5282586904459963,real
2.645254237288136,0.2796610169491526,1.5799622767988415,real
2.645254237288136,0.3050847457627119,1.6316896724126693,real
2.645254237288136,0.3305084745762712,1.6834708053131102,real
2.645254237288136,0.35593220338983056,1.7353306736334255,real
2.645254237288136,0.38135593220338987,1.7872900694226437,real
2.645254237288136,0.4067796610169492,1.8393661837112598,real
2.645254237288136,0.4322033898305085,1.8915731157156492,real
2.645254237288136,0.4576271186440678,1.94392230416753,real
2.645254237288136,0.48305084745762716,1.99642289491271,real
2.645254237288136,0.5084745762711864,2.0490820559390075,real
2.645254237288136,0.5338983050847458,2.101905248685053,real
2.645254237288136,0.5593220338983051,2.154896462697498,real
2.645254237288136,0.5847457627118644,2.2080584193225397,real
2.645254237288136,0.6101694915254238,2.2613927490440915,real
2.645254237288136,0.6355932203389831,2.314900146242772,real
2.645254237288136,0.6610169491525424,2.3685805044917845,real
2.645254237288136,0.6864406779661018,2.4224330349855228,real
2.645254237288136,0.7118644067796611,2.4764563702823565,real
2.645254237288136,0.7372881355932204,2.5306486552104963,real
2.645254237288136,0.7627118644067797,2.585007626516078,real
2.645254237288136,0.788135593220339,2.639530682612341,real
2.645254237288136,0.8135593220338984,2.6942149446066104,real
2.645254237288136,0.8389830508474577,2.749057309630091,real
2.645254237288136,0.864406779661017,2.804054497367631,real
2.645254237288136,0.8898305084745763,2.8592030905760435,real
2.645254237288136,0.9152542372881356,2.9144995702865906,real
2.645254237288136,0.940677966101695,2.969940346306713,real
2.645254237288136,0.9661016949152543,3.0255217835662678,real
2.645254237288136,0.9915254237288136,3.0812402247922965,real
2.645254237288136,1.0169491525423728,3.1370920099424353,real
2.645254237288136,1.0423728813559323,3.193073492779581,real
2.645254237288136,1.0677966101694916,3.249181054928103,real
2.645254237288136,1.0932203389830508,3.3054111177144625,real
2.645254237288136,1.1186440677966103,3.361760152061598,real
2.645254237288136,1.1440677966101696,3.418224686676618,real
2.645254237288136,1.1694915254237288,3.4748013147446484,real
2.645254237288136,1.1949152542372883,3.531486699317932,real
2.645254237288136,1.2203389830508475,3.588277577567854,real
2.645254237288136,1.2457627118644068,3.6451707640486704,real
2.645254237288136,1.2711864406779663,3.702163153104555,real
2.645254237288136,1.2966101694915255,3.75925172053648,real
2.645254237288136,1.3220338983050848,3.816433524631854,real
2.645254237288136,1.3474576271186443,3.8737057066476503,real
2.645254237288136,1.3728813559322035,3.931065490827113,real
2.645254237288136,1.3983050847457628,3.988510184020356,real
2.645254237288136,1.4237288135593222,4.0460371749707615,real
2.645254237288136,1.4491525423728815,4.103643933321323,real
2.645254237288136,1.4745762711864407,4.161328008388518,real
2.645254237288136,1.5,4.219087027745083,real
2.6959322033898308,0.0,1.0,real
2.6959322033898308,0.025423728813559324,1.0552721668694778,real
2.6959322033898308,0.05084745762711865,1.1097437743022731,real
2.6959322033898308,0.07627118644067797,1.1635564938919905,real
2.6959322033898308,0.1016949152542373,1.2168419791143237,real
2.6959322033898308,0.1271186440677966,1.2697155890446783,real
2.6959322033898308,0.15254237288135594,1.3222760380071779,real
2.6959322033898308,0.17796610169491528,1.3746069610909852,real
2.6959322033898308,0.2033898305084746,1.4267789307604104,real
2.6959322033898308,0.2288135593220339,1.4788514034215992,real
2.6959322033898308,0.2542372881355932,1.5308744335399371,real
2.6959322033898308,0.2796610169491526,1.5828901283901804,real
2.6959322033898308,0.3050847457627119,1.6349338644766231,real
2.6959322033898308,0.3305084745762712,1.6870353001491263,real
2.6959322033898308,0.35593220338983056,1.739219219289983,real
2.6959322033898308,0.38135593220338987,1.7915062368177999,real
2.6959322033898308,0.4067796610169492,1.843913391615438,real
2.6959322033898308,0.4322033898305085,1.8964546476470148,real
2.6959322033898308,0.4576271186440678,1.9491413198960887,real
2.6959322033898308,0.48305084745762716,2.001982438386572,real
2.6959322033898308,0.5084745762711864,2.0549850608614655,real
2.6959322033898308,0.5338983050847458,2.1081545425781694,real
2.6959322033898308,0.5593220338983051,2.161494770020572,real
2.6959322033898308,0.5847457627118644,2.215008364030265,real
2.6959322033898308,0.6101694915254238,2.268696856842086,real
2.6959322033898308,0.6355932203389831,2.322560846709891,real
2.6959322033898308,0.6610169491525424,2.376600133176953,real
2.6959322033898308,0.6864406779661018,2.430813835544116,real
2.6959322033898308,0.7118644067796611,2.485200496687503,real
2.6959322033898308,0.7372881355932204,2.5397581740545068,real
2.6959322033898308,0.7627118644067797,2.5944845194036597,real
2.6959322033898308,0.788135593220339,2.6493768486384885,real
2.6959322033898308,0.8135593220338984,2.70443220290672,real
2.6959322033898308,0.8389830508474577,2.7596474019868213,real
2.6959322033898308,0.864406779661017,2.8150190908577772,real
2.6959322033898308,0.8898305084745763,2.8705437802405402,real
2.6959322033898308,0.9152542372881356,2.926217881807323,real
2.6959322033898308,0.940677966101695,2.982037738675043,real
2.6959322033898308,0.9661016949152543,3.0379996517295123,real
2.6959322033898308,0.9915254237288136,3.094099902265988,real
2.6959322033898308,1.0169491525423728,3.150334771377815,real
2.6959322033898308,1.0423728813559323,3.206700556477338,real
2.6959322033898308,1.0677966101694916,3.263193585290933,real
2.6959322033898308,1.0932203389830508,3.319810227632397,real
2.6959322033898308,1.1186440677966103,3.3765469052253785,real
2.6959322033898308,1.1440677966101696,3.4334000998155503,real
2.6959322033898308,1.1694915254237288,3.490366359786443,real
2.6959322033898308,1.1949152542372883,3.5474423054689046,real
2.6959322033898308,1.2203389830508475,3.604624633312752,real
2.6959322033898308,1.2457627118644068,3.66191011906995,real
2.6959322033898308,1.2711864406779663,3.719295620121645,real
2.6959322033898308,1.2966101694915255,3.776778077065987,real
2.6959322033898308,1.3220338983050848,3.8343545146700535,real
2.6959322033898308,1.3474576271186443,3.892022042277037,real
2.6959322033898308,1.3728813559322035,3.949777853748896,real
2.6959322033898308,1.3983050847457628,4.007619227015146,real
2.6959322033898308,1.4237288135593222,4.0655435232897155,real
2.6959322033898308,1.4491525423728815,4.123548186010236,real
2.6959322033898308,1.4745762711864407,4.181630739547318,real
2.6959322033898308,1.5,4.239788787725321,real
2.7466101694915257,0.0,1.0,real
2.7466101694915257,0.025423728813559324,1.055408995075184,real
2.7466101694915257,0.05084745762711865,1.1100684079330971,real
2.7466101694915257,0.07627118644067797,1.1641009522435857,real
2.7466101694915257,0.1016949152542373,1.2176276091822436,real
2.7466101694915257,0.1271186440677966,1.2707574401196144,real
2.7466101694915257,0.15254237288135594,1.323585291783242,real
2.7466101694915257,0.17796610169491528,1.3761923405647905,real
2.7466101694915257,0.2033898305084746,1.428647546743203,real
2.7466101694915257,0.2288135593220339,1.4810092784582258,real
2.7466101694915257,0.2542372881355932,1.5333268342173914,real
2.7466101694915257,0.2796610169491526,1.585641780400819,real
2.7466101694915257,0.3050847457627119,1.6379890941088222,real
2.7466101694915257,0.3305084745762712,1.690398128624753,real
2.7466101694915257,0.35593220338983056,1.7428934263510734,real
2.7466101694915257,0.38135593220338987,1.7954954039793143,real
2.7466101694915257,0.4067796610169492,1.8482209318310392,real
2.7466101694915257,0.4322033898305085,1.9010838258319396,real
2.7466101694915257,0.4576271186440678,1.9540952672758745,real
2.7466101694915257,0.48305084745762716,2.007264162677466,real
2.7466101694915257,0.5084745762711864,2.0605974536493883,real
2.7466101694915257,0.5338983050847458,2.1141003848328745,real
2.7466101694915257,0.5593220338983051,2.167776736388335,real
2.7466101694915257,0.5847457627118644,2.2216290263463416,real
2.7466101694915257,0.6101694915254238,2.2756586871638382,real
2.7466101694915257,0.6355932203389831,2.3298662200732707,real
2.7466101694915257,0.6610169491525424,2.3842513302104202,real
2.7466101694915257,0.6864406779661018,2.4388130450256926,real
2.7466101694915257,0.7118644067796611,2.493549818097077,real
2.7466101694915257,0.7372881355932204,2.548459620150028,real
2.7466101694915257,0.7627118644067797,2.6035400188339493,real
2.7466101694915257,0.788135593220339,2.6587882485946235,real
2.7466101694915257,0.8135593220338984,2.714201271807059,real
2.7466101694915257,0.8389830508474577,2.7697758321865,real
2.7466101694915257,0.864406779661017,2.825508501371176,real
2.7466101694915257,0.8898305084745763,2.8813957194642636,real
2.7466101694915257,0.9152542372881356,2.937433830231196,real
2.7466101694915257,0.940677966101695,2.993619111569092,real
2.7466101694915257,0.9661016949152543,3.0499478017959327,real
2.7466101694915257,0.9915254237288136,3.1064161222462046,real
2.7466101694915257,1.0169491525423728,3.163020296606007,real
2.7466101694915257,1.0423728813559323,3.219756567373136,real
2.7466101694915257,1.0677966101694916,3.276621209785222,real
2.7466101694915257,1.0932203389830508,3.333610543521404,real
2.7466101694915257,1.1186440677966103,3.390720942449321,real
2.7466101694915257,1.1440677966101696,3.447948842659131,real
2.7466101694915257,1.1694915254237288,3.505290748999436,real
2.7466101694915257,1.1949152542372883,3.562743240305803,real
2.7466101694915257,1.2203389830508475,3.6203029734912286,real
2.7466101694915257,1.2457627118644068,3.6779666866484386,real
2.7466101694915257,1.2711864406779663,3.735731201296878,real
2.7466101694915257,1.2966101694915255,3.7935934238917435,real
2.7466101694915257,1.3220338983050848,3.851550346698738,real
2.7466101694915257,1.3474576271186443,3.9095990481259735,real
2.7466101694915257,1.3728813559322035,3.967736692593462,real
2.7466101694915257,1.3983050847457628,4.025960530011048,real
2.7466101694915257,1.4237288135593222,4.084267894926803,real
2.7466101694915257,1.4491525423728815,4.142656205400372,real
2.7466101694915257,1.4745762711864407,4.2011229616488635,real
2.7466101694915257,1.5,4.259665744506786,real
2.7972881355932206,0.0,1.0,real
2.7972881355932206,0.025423728813559324,1.0555222944332137,real
2.7972881355932206,0.05084745762711865,1.1103498987187277,real
2.7972881355932206,0.07627118644067797,1.1645851132256022,real
2.7972881355932206,0.1016949152542373,1.218337392810533,real
2.7972881355932206,0.1271186440677966,1.2717089769973737,real
2.7972881355932206,0.15254237288135594,1.3247905094058714,real
2.7972881355932206,0.17796610169491528,1.3776604847505456,real
2.7972881355932206,0.2033898305084746,1.4303860980082388,real
2.7972881355932206,0.2288135593220339,1.4830245209169812,real
2.7972881355932206,0.2542372881355932,1.5356242178207082,real
2.7972881355932206,0.2796610169491526,1.5882261565108289,real
2.7972881355932206,0.3050847457627119,1.6408648714241842,real
2.7972881355932206,0.3305084745762712,1.693569377919475,real
2.7972881355932206,0.35593220338983056,1.7463639517160474,real
2.7972881355932206,0.38135593220338987,1.799268791815012,real
2.7972881355932206,0.4067796610169492,1.852300584888783,real
2.7972881355932206,0.4322033898305085,1.9054729871204468,real
2.7972881355932206,0.4576271186440678,1.958797037059247,real
2.7972881355932206,0.48305084745762716,2.0122815107517797,real
2.7972881355932206,0.5084745762711864,2.065933228394749,real
2.7972881355932206,0.5338983050847458,2.119757320072424,real
2.7972881355932206,0.5593220338983051,2.1737574567678077,real
2.7972881355932206,0.5847457627118644,2.2279360517282973,real
2.7972881355932206,0.6101694915254238,2.2822944363777857,real
2.7972881355932206,0.6355932203389831,2.336833014255698,real
2.7972881355932206,0.6610169491525424,2.3915513958931816,real
2.7972881355932206,0.6864406779661018,2.44644851707791,real
2.7972881355932206,0.7118644067796611,2.5015227425882065,real
2.7972881355932206,0.7372881355932204,2.556771957175328,real
2.7972881355932206,0.7627118644067797,2.6121936453253554,real
2.7972881355932206,0.788135593220339,2.667784961127459,real
2.7972881355932206,0.8135593220338984,2.723542789404678,real
2.7972881355932206,0.8389830508474577,2.779463799119523,real
2.7972881355932206,0.864406779661017,2.8355444899447475,real
2.7972881355932206,0.8898305084745763,2.891781232785026,real
2.7972881355932206,0.9152542372881356,2.948170304944897,real
2.7972881355932206,0.940677966101695,3.004707920559853,real
2.7972881355932206,0.9661016949152543,3.0613902568386098,real
2.7972881355932206,0.9915254237288136,3.1182134766040748,real
2.7972881355932206,1.0169491525423728,3.1751737475670367,real
2.7972881355932206,1.0423728813559323,3.2322672587189727,real
2.7972881355932206,1.0677966101694916,3.2894902341882255,real
2.7972881355932206,1.0932203389830508,3.346838944865971,real
2.7972881355932206,1.1186440677966103,3.4043097180747073,real
2.7972881355932206,1.1440677966101696,3.461898945521877,real
2.7972881355932206,1.1694915254237288,3.5196030897542476,real
2.7972881355932206,1.1949152542372883,3.5774186893045163,real
2.7972881355932206,1.2203389830508475,3.635342362699962,real
2.7972881355932206,1.2457627118644068,3.693370811483728,real
2.7972881355932206,1.2711864406779663,3.7515008223818658,real
2.7972881355932206,1.2966101694915255,3.8097292687339985,real
2.7972881355932206,1.3220338983050848,3.8680531112915246,real
2.7972881355932206,1.3474576271186443,3.9264693984749908,real
2.7972881355932206,1.3728813559322035,3.9849752661713795,real
2.7972881355932206,1.3983050847457628,4.043567937142161,real
2.7972881355932206,1.4237288135593222,4.102244720104357,real
2.7972881355932206,1.4491525423728815,4.1610030085390735,real
2.7972881355932206,1.4745762711864407,4.219840279275198,real
2.7972881355932206,1.5,4.278754090889749,real
2.847966101694915,0.0,1.0,real
2.847966101694915,0.025423728813559324,1.0556133339215497,real
2.847966101694915,0.05084745762711865,1.1105905661432118,real
2.847966101694915,0.07627118644067797,1.1650122064026447,real
2.847966101694915,0.1016949152542373,1.2189753729868693,real
2.847966101694915,0.1271186440677966,1.272574986624649,real
2.847966101694915,0.15254237288135594,1.3258971703936462,real
2.847966101694915,0.17796610169491528,1.3790175269415668,real
2.847966101694915,0.2033898305084746,1.4320013418988253,real
2.847966101694915,0.2288135593220339,1.484904489177862,real
2.847966101694915,0.2542372881355932,1.5377745258235436,real
2.847966101694915,0.2796610169491526,1.590651767241536,real
2.847966101694915,0.3050847457627119,1.6435702649842765,real
2.847966101694915,0.3305084745762712,1.6965586660255059,real
2.847966101694915,0.35593220338983056,1.7496409561094783,real
2.847966101694915,0.38135593220338987,1.8028370986197546,real
2.847966101694915,0.4067796610169492,1.8561635827349106,real
2.847966101694915,0.4322033898305085,1.9096338942026574,real
2.847966101694915,0.4576271186440678,1.9632589205989373,real
2.847966101694915,0.48305084745762716,2.01704730122041,real
2.847966101694915,0.5084745762711864,2.071005730117496,real
2.847966101694915,0.5338983050847458,2.125139219332464,real
2.847966101694915,0.5593220338983051,2.179451328190661,real
2.847966101694915,0.5847457627118644,2.2339443634897904,real
2.847966101694915,0.6101694915254238,2.2886195546145536,real
2.847966101694915,0.6355932203389831,2.3434772069413907,real
2.847966101694915,0.6610169491525424,2.398516836361634,real
2.847966101694915,0.6864406779661018,2.453737287316569,real
2.847966101694915,0.7118644067796611,2.5091368363839037,real
2.847966101694915,0.7372881355932204,2.5647132831654225,real
2.847966101694915,0.7627118644067797,2.620464029986791,real
2.847966101694915,0.788135593220339,2.676386151722098,real
2.847966101694915,0.8135593220338984,2.7324764568894957,real
2.847966101694915,0.8389830508474577,2.7887315410238087,real
2.847966101694915,0.864406779661017,2.8451478332123403,real
2.847966101694915,0.8898305084745763,2.901721636577072,real
2.847966101694915,0.9152542372881356,2.958449163397329,real
2.847966101694915,0.940677966101695,3.0153265654893477,real
2.847966101694915,0.9661016949152543,3.0723499603908033,real
2.847966101694915,0.9915254237288136,3.1295154538382706,real
2.847966101694915,1.0169491525423728,3.1868191589722543,real
2.847966101694915,1.0423728813559323,3.24425721265702,real
2.847966101694915,1.0677966101694916,3.3018257892602425,real
2.847966101694915,1.0932203389830508,3.3595211121997215,real
2.847966101694915,1.1186440677966103,3.417339463530743,real
2.847966101694915,1.1440677966101696,3.475277191817349,real
2.847966101694915,1.1694915254237288,3.5333307185039007,real
2.847966101694915,1.1949152542372883,3.5914965429789,real
2.847966101694915,1.2203389830508475,3.6497712465015146,real
2.847966101694915,1.2457627118644068,3.7081514951417702,real
2.847966101694915,1.2711864406779663,3.766634041867969,real
2.847966101694915,1.2966101694915255,3.825215727899463,real
2.847966101694915,1.3220338983050848,3.883893483428979,real
2.847966101694915,1.3474576271186443,3.9426643278063764,real
2.847966101694915,1.3728813559322035,4.001525369264631,real
2.847966101694915,1.3983050847457628,4.060473804259106,real
2.847966101694915,1.4237288135593222,4.119506916482395,real
2.847966101694915,1.4491525423728815,4.178622075609221,real
2.847966101694915,1.4745762711864407,4.237816735819142,real
2.847966101694915,1.5,4.297088434138504,real
2.89864406779661,0.0,1.0,real
2.89864406779661,0.025423728813559324,1.0556833353915729,real
2.89864406779661,0.05084745762711865,1.1107926368078094,real
2.89864406779661,0.07627118644067797,1.1653853254319912,real
2.89864406779661,0.1016949152542373,1.2195454166527713,real
2.89864406779661,0.1271186440677966,1.2733600424109408,real
2.89864406779661,0.15254237288135594,1.3269105055452413,real
2.89864406779661,0.17796610169491528,1.380269318498408,real
2.89864406779661,0.2033898305084746,1.433499722278546,real
2.89864406779661,0.2288135593220339,1.4866561979982424,real
2.89864406779661,0.2542372881355932,1.5397853271165474,real
2.89864406779661,0.2796610169491526,1.5929267225672363,real
2.89864406779661,0.3050847457627119,1.646113915679867,real
2.89864406779661,0.3305084745762712,1.6993751568497149,real
2.89864406779661,0.35593220338983056,1.7527341203550162,real
2.89864406779661,0.38135593220338987,1.8062105174778416,real
2.89864406779661,0.4067796610169492,1.8598206272226152,real
2.89864406779661,0.4322033898305085,1.913577755153425,real
2.89864406779661,0.4576271186440678,1.967492630413453,real
2.89864406779661,0.48305084745762716,2.0215737498956736,real
2.89864406779661,0.5084745762711864,2.0758276772875375,real
2.89864406779661,0.5338983050847458,2.130259303524298,real
2.89864406779661,0.5593220338983051,2.1848720741363628,real
2.89864406779661,0.5847457627118644,2.239668188084446,real
2.89864406779661,0.6101694915254238,2.2946487719341664,real
2.89864406779661,0.6355932203389831,2.3498140326110653,real
2.89864406779661,0.6610169491525424,2.4051633914766,real
2.89864406779661,0.6864406779661018,2.4606956020561306,real
2.89864406779661,0.7118644067796611,2.5164088534139264,real
2.89864406779661,0.7372881355932204,2.572300860893307,real
2.89864406779661,0.7627118644067797,2.628368945710387,real
2.89864406779661,0.788135593220339,2.68461010469826,real
2.89864406779661,0.8135593220338984,2.7410210713369505,real
2.89864406779661,0.8389830508474577,2.797598369067608,real
2.89864406779661,0.864406779661017,2.8543383577720887,real
2.89864406779661,0.8898305084745763,2.9112372741980397,real
2.89864406779661,0.9152542372881356,2.9682912670217285,real
2.89864406779661,0.940677966101695,3.0254964271640037,real
2.89864406779661,0.9661016949152543,3.0828488139072,real
2.89864406779661,0.9915254237288136,3.1403444773010323,real
2.89864406779661,1.0169491525423728,3.19797947729251,real
2.89864406779661,1.0423728813559323,3.2557498999675993,real
2.89864406779661,1.0677966101694916,3.313651871250302,real
2.89864406779661,1.0932203389830508,3.3716815683670345,real
2.89864406779661,1.1186440677966103,3.4298352293505365,real
2.89864406779661,1.1440677966101696,3.488109160827201,real
2.89864406779661,1.1694915254237288,3.5464997443047075,real
2.89864406779661,1.1949152542372883,3.605003441152502,real
2.89864406779661,1.2203389830508475,3.6636167964460027,real
2.89864406779661,1.2457627118644068,3.722336441825798,real
2.89864406779661,1.2711864406779663,3.7811590975058267,real
2.89864406779661,1.2966101694915255,3.840081573548877,real
2.89864406779661,1.3220338983050848,3.899100770513816,real
2.89864406779661,1.3474576271186443,3.958213679566582,real
2.89864406779661,1.3728813559322035,4.017417382135942,real
2.89864406779661,1.3983050847457628,4.076709049185035,real
2.89864406779661,1.4237288135593222,4.136085940161134,real
2.89864406779661,1.4491525423728815,4.1955454016781175,real
2.89864406779661,1.4745762711864407,4.2550848659793585,real
2.89864406779661,1.5,4.314701849222519,real
2.949322033898305,0.0,0.9999999999999998,real
2.949322033898305,0.025423728813559324,1.0557334730979882,real
2.949322033898305,0.05084745762711865,1.110958244749904,real
2.949322033898305,0.07627118644067797,1.1657074296927865,real
2.949322033898305,0.1016949152542373,1.220051217848699,real
2.949322033898305,0.1271186440677966,1.2740685089498918,real
2.949322033898305,0.15254237288135594,1.327835503228183,real
2.949322033898305,0.17796610169491528,1.3814214366637232,real
2.949322033898305,0.2033898305084746,1.434887378816777,real
2.949322033898305,0.2288135593220339,1.4882863292089188,real
2.949322033898305,0.2542372881355932,1.5416638300539993,real
2.949322033898305,0.2796610169491526,1.5950587452551788,real
2.949322033898305,0.3050847457627119,1.6485040513108495,real
2.949322033898305,0.3305084745762712,1.7020275759843424,real
2.949322033898305,0.35593220338983056,1.755652662292092,real
2.949322033898305,0.38135593220338987,1.8093987542850667,real
2.949322033898305,0.4067796610169492,1.863281909202771,real
2.949322033898305,0.4322033898305085,1.9173152435586815,real
2.949322033898305,0.4576271186440678,1.971509321319337,real
2.949322033898305,0.48305084745762716,2.025872491902787,real
2.949322033898305,0.5084745762711864,2.080411184891553,real
2.949322033898305,0.5338983050847458,2.135130167435591,real
2.949322033898305,0.5593220338983051,2.190032769447582,real
2.949322033898305,0.5847457627118644,2.24512108091877,real
2.949322033898305,0.6101694915254238,2.3003961250211336,real
2.949322033898305,0.6355932203389831,2.3558580101055417,real
2.949322033898305,0.6610169491525424,2.41150606324322,real
2.949322033898305,0.6864406779661018,2.4673389475750143,real
2.949322033898305,0.7118644067796611,2.5233547654157915,real
2.949322033898305,0.7372881355932204,2.5795511487980747,real
2.949322033898305,0.7627118644067797,2.6359253389190482,real
2.949322033898305,0.788135593220339,2.6924742557705104,real
2.949322033898305,0.8135593220338984,2.749194559074953,real
2.949322033898305,0.8389830508474577,2.8060827015178273,real
2.949322033898305,0.864406779661017,2.8631349751513944,real
2.949322033898305,0.8898305084745763,2.920347551746514,real
2.949322033898305,0.9152542372881356,2.9777165177821923,real
2.949322033898305,0.940677966101695,3.035237904686979,real
2.949322033898305,0.9661016949152543,3.092907714879215,real
2.949322033898305,0.9915254237288136,3.1507219440940903,real
2.949322033898305,1.0169491525423728,3.20867660043257,real
2.949322033898305,1.0423728813559323,3.2667677205202788,real
2.949322033898305,1.0677966101694916,3.3249913831224056,real
2.949322033898305,1.0932203389830508,3.3833437205230728,real
2.949322033898305,1.1186440677966103,3.4418209279437955,real
2.949322033898305,1.1440677966101696,3.500419271245508,real
2.949322033898305,1.1694915254237288,3.5591350931314545,real
2.949322033898305,1.1949152542372883,3.617964818043935,real
2.949322033898305,1.2203389830508475,3.6769049559261013,real
2.949322033898305,1.2457627118644068,3.735952105000456,real
2.949322033898305,1.2711864406779663,3.7951029536982683,real
2.949322033898305,1.2966101694915255,3.8543542818584666,real
2.949322033898305,1.3220338983050848,3.91370296130061,real
2.949322033898305,1.3474576271186443,3.9731459558641022,real
2.949322033898305,1.3728813559322035,4.032680320994713,real
2.949322033898305,1.3983050847457628,4.092303202949547,real
2.949322033898305,1.4237288135593222,4.15201183768286,real
2.949322033898305,1.4491525423728815,4.211803549467306,real
2.949322033898305,1.4745762711864407,4.271675749298202,real
2.949322033898305,1.5,4.3316259331223845,real
3.0,0.0,1.0,real
3.0,0.025423728813559324,1.0557648736216427,real
3.0,0.05084745762711865,1.1110894323483753,real
3.0,0.07627118644067797,1.1659813465895894,real
3.0,0.1016949152542373,1.2204963015629875,real
3.0,0.1271186440677966,1.2747045474409253,real
3.0,0.15254237288135594,1.3286769163459327,real
3.0,0.17796610169491528,1.382479193023499,real
3.0,0.2033898305084746,1.4361701568837941,real
3.0,0.2288135593220339,1.4898012429812475,real
3.0,0.2542372881355932,1.543416895033277,real
3.0,0.2796610169491526,1.5970551847014924,real
3.0,0.3050847457627119,1.650748501627268,real
3.0,0.3305084745762712,1.704524226906459,real
3.0,0.35593220338983056,1.7584053540916498,real
3.0,0.38135593220338987,1.8124110461428184,real
3.0,0.4067796610169492,1.866557127962428,real
3.0,0.4322033898305085,1.9208565189679103,real
3.0,0.4576271186440678,1.975319611870448,real
3.0,0.48305084745762716,2.029954604081705,real
3.0,0.5084745762711864,2.0847677877757245,real
3.0,0.5338983050847458,2.1397638039947258,real
3.0,0.5593220338983051,2.194945865498992,real
3.0,0.5847457627118644,2.2503159524101517,real
3.0,0.6101694915254238,2.3058749841180717,real
3.0,0.6355932203389831,2.361622970422866,real
3.0,0.6610169491525424,2.4175591444608977,real
3.0,0.6864406779661018,2.473682079608897,real
3.0,0.7118644067796611,2.5299897922630334,real
3.0,0.7372881355932204,2.5864798321407214,real
3.0,0.7627118644067797,2.6431493615432733,real
3.0,0.788135593220339,2.6999952248403387,real
3.0,0.8135593220338984,2.75701400928611,real
3.0,0.8389830508474577,2.814202098148002,real
3.0,0.864406779661017,2.871555717016826,real
3.0,0.8898305084745763,2.929070974070405,real
3.0,0.9152542372881356,2.986743894977622,real
3.0,0.940677966101695,3.04457045305513,real
3.0,0.9661016949152543,3.1025465952228286,real
3.0,0.9915254237288136,3.1606682642454573,real
3.0,1.0169491525423728,3.2189314176952615,real
3.0,1.0423728813559323,3.2773320440239946,real
3.0,1.0677966101694916,3.335866176090494,real
3.0,1.0932203389830508,3.394529902452655,real
3.0,1.1186440677966103,3.453319376698781,real
3.0,1.1440677966101696,3.5122308250632095,real
3.0,1.1694915254237288,3.571260552543823,real
3.0,1.1949152542372883,3.630404947714833,real
3.0,1.2203389830508475,3.689660486406259,real
3.0,1.2457627118644068,3.749023734402089,real
3.0,1.2711864406779663,3.8084913492915113,real
3.0,1.2966101694915255,3.868060081591951,real
3.0,1.3220338983050848,3.9277267752486615,real
3.0,1.3474576271186443,3.987488367603169,real
3.0,1.3728813559322035,4.047341888911613,real
3.0,1.3983050847457628,4.107284461484282,real
3.0,1.4237288135593222,4.167313298508658,real
3.0,1.4491525423728815,4.227425702610584,real
3.0,1.4745762711864407,4.287619064201181,real
3.0,1.5,4.347890859650894,real
0.01,0.0,1.0,mixed
0.01,0.025423728813559324,1.000179794099924,mixed
0.01,0.05084745762711865,1.0003596215241377,mixed
0.01,0.07627118644067797,1.0005394823074991,mixed
0.01,0.1016949152542373,1.0007193764848599,mixed
0.01,0.1271186440677966,1.0008993040910685,mixed
0.01,0.15254237288135594,1.0010792651609708,mixed
0.01,0.17796610169491528,1.0012592597294079,mixed
0.01,0.2033898305084746,1.0014392878312202,mixed
0.01,0.2288135593220339,1.0016193495012407,mixed
0.01,0.2542372881355932,1.0017994447743004,mixed
0.01,0.2796610169491526,1.0019795736852286,mixed
0.01,0.3050847457627119,1.0021597362688486,mixed
0.01,0.3305084745762712,1.002339932559977,mixed
0.01,0.35593220338983056,1.0025201625934355,mixed
0.01,0.38135593220338987,1.0027004264040318,mixed
0.01,0.4067796610169492,1.0028807240265774,mixed
0.01,0.4322033898305085,1.0030610554958748,mixed
0.01,0.4576271186440678,1.0032414208467249,mixed
0.01,0.48305084745762716,1.0034218201139251,mixed
0.01,0.5084745762711864,1.0036022533322677,mixed
0.01,0.5338983050847458,1.0037827205365413,mixed
0.01,0.5593220338983051,1.0039632217615293,mixed
0.01,0.5847457627118644,1.0041437570420133,mixed
0.01,0.6101694915254238,1.0043243264127677,mixed
0.01,0.6355932203389831,1.0045049299085669,mixed
0.01,0.6610169491525424,1.0046855675641746,mixed
0.01,0.6864406779661018,1.0048662394143577,mixed
0.01,0.7118644067796611,1.0050469454938726,mixed
0.01,0.7372881355932204,1.0052276858374756,mixed
0.01,0.7627118644067797,1.0054084604799154,mixed
0.01,0.788135593220339,1.0055892694559383,mixed
0.01,0.8135593220338984,1.0057701128002854,mixed
0.01,0.8389830508474577,1.0059509905476935,mixed
0.01,0.864406779661017,1.006131902732893,mixed
0.01,0.8898305084745763,1.0063128493906128,mixed
0.01,0.9152542372881356,1.0064938305555762,mixed
0.01,0.940677966101695,1.0066748462625004,mixed
0.01,0.9661016949152543,1.0068558965460983,mixed
0.01,0.9915254237288136,1.0070369814410793,mixed
0.01,1.0169491525423728,1.007218100982147,mixed
0.01,1.0423728813559323,1.0073992552039988,mixed
0.01,1.0677966101694916,1.0075804441413296,mixed
0.01,1.0932203389830508,1.007761667828831,mixed
0.01,1.1186440677966103,1.0079429263011825,mixed
0.01,1.1440677966101696,1.0081242195930664,mixed
0.01,1.1694915254237288,1.0083055477391565,mixed
0.01,1.1949152542372883,1.0084869107741201,mixed
0.01,1.2203389830508475,1.0086683087326225,mixed
0.01,1.2457627118644068,1.0088497416493216,mixed
0.01,1.2711864406779663,1.0090312095588718,mixed
0.01,1.2966101694915255,1.00921271249592,mixed
0.01,1.3220338983050848,1.0093942504951103,mixed
0.01,1.3474576271186443,1.0095758235910788,mixed
0.01,1.3728813559322035,1.0097574318184597,mixed
0.01,1.3983050847457628,1.009939075211878,mixed
0.01,1.4237288135593222,1.0101207538059567,mixed
0.01,1.4491525423728815,1.0103024676353116,mixed
0.01,1.4745762711864407,1.0104842167345514,mixed
0.01,1.5,1.010666001138282,mixed
0.06067796610169492,0.0,1.0,mixed
0.06067796610169492,0.025423728813559324,1.0010925930640666,mixed
0.06067796610169492,0.05084745762711865,1.0021866023384578,mixed
0.06067796610169492,0.07627118644067797,1.0032820356058858,mixed
0.06067796610169492,0.1016949152542373,1.0043789006414385,mixed
0.06067796610169492,0.1271186440677966,1.0054772052122116,mixed
0.06067796610169492,0.15254237288135594,1.006576957076901,mixed
0.06067796610169492,0.17796610169491528,1.0076781639854422,mixed
0.06067796610169492,0.2033898305084746,1.0087808336786044,mixed
0.06067796610169492,0.2288135593220339,1.0098849738876186,mixed
0.06067796610169492,0.2542372881355932,1.0109905923337716,mixed
0.06067796610169492,0.2796610169491526,1.012097696728034,mixed
0.06067796610169492,0.3050847457627119,1.0132062947706493,mixed
0.06067796610169492,0.3305084745762712,1.014316394150755,mixed
0.06067796610169492,0.35593220338983056,1.0154280025459796,mixed
0.06067796610169492,0.38135593220338987,1.0165411276220488,mixed
0.06067796610169492,0.4067796610169492,1.0176557770323866,mixed
0.06067796610169492,0.4322033898305085,1.018771958417719,mixed
0.06067796610169492,0.4576271186440678,1.019889679405672,mixed
0.06067796610169492,0.48305084745762716,1.0210089476103665,mixed
0.06067796610169492,0.5084745762711864,1.0221297706320247,mixed
0.06067796610169492,0.5338983050847458,1.0232521560565577,mixed
0.06067796610169492,0.5593220338983051,1.0243761114551637,mixed
0.06067796610169492,0.5847457627118644,1.02550164438392,mixed
0.06067796610169492,0.6101694915254238,1.02662876238338,mixed
0.06067796610169492,0.6355932203389831,1.0277574729781573,mixed
0.06067796610169492,0.6610169491525424,1.028887783676524,mixed
0.06067796610169492,0.6864406779661018,1.0300197019699957,mixed
0.06067796610169492,0.7118644067796611,1.031153235332918,mixed
0.06067796610169492,0.7372881355932204,1.032288391222056,mixed
0.06067796610169492,0.7627118644067797,1.0334251770761842,mixed
0.06067796610169492,0.788135593220339,1.0345636003156662,mixed
0.06067796610169492,0.8135593220338984,1.035703668342039,mixed
0.06067796610169492,0.8389830508474577,1.0368453885376072,mixed
0.06067796610169492,0.864406779661017,1.0379887682650064,mixed
0.06067796610169492,0.8898305084745763,1.0391338148668043,mixed
0.06067796610169492,0.9152542372881356,1.040280535665073,mixed
0.06067796610169492,0.940677966101695,1.041428937960971,mixed
0.06067796610169492,0.9661016949152543,1.0425790290343233,mixed
0.06067796610169492,0.9915254237288136,1.0437308161431984,mixed
0.06067796610169492,1.0169491525423728,1.0448843065234936,mixed
0.06067796610169492,1.0423728813559323,1.0460395073885056,mixed
0.06067796610169492,1.0677966101694916,1.047196425928513,mixed
0.06067796610169492,1.0932203389830508,1.0483550693103516,mixed
0.06067796610169492,1.1186440677966103,1.0495154446769948,mixed
0.06067796610169492,1.1440677966101696,1.0506775591471247,mixed
0.06067796610169492,1.1694915254237288,1.0518414198147115,mixed
0.06067796610169492,1.1949152542372883,1.0530070337485897,mixed
0.06067796610169492,1.2203389830508475,1.0541744079920339,mixed
0.06067796610169492,1.2457627118644068,1.0553435495623351,mixed
0.06067796610169492,1.2711864406779663,1.0565144654503735,mixed
0.06067796610169492,1.2966101694915255,1.0576871626201942,mixed
0.06067796610169492,1.3220338983050848,1.058861648008588,mixed
0.06067796610169492,1.3474576271186443,1.0600379285246588,mixed
0.06067796610169492,1.3728813559322035,1.0612160110494089,mixed
0.06067796610169492,1.3983050847457628,1.0623959024353042,mixed
0.06067796610169492,1.4237288135593222,1.0635776095058593,mixed
0.06067796610169492,1.4491525423728815,1.0647611390552065,mixed
0.06067796610169492,1.4745762711864407,1.0659464978476791,mixed
0.06067796610169492,1.5,1.0671336926173862,mixed
0.11135593220338984,0.0,1.0,mixed
0.11135593220338984,0.025423728813559324,1.0020114039705745,mixed
0.11135593220338984,0.05084745762711865,1.0040282213692022,mixed
0.11135593220338984,0.07627118644067797,1.0060505001559588,mixed
0.11135593220338984,0.1016949152542373,1.0080782881506025,mixed
0.11135593220338984,0.1271186440677966,1.0101116330231703,mixed
0.11135593220338984,0.15254237288135594,1.0121505822845185,mixed
0.11135593220338984,0.17796610169491528,1.0141951832768177,mixed
0.11135593220338984,0.2033898305084746,1.0162454831639844,mixed
0.11135593220338984,0.2288135593220339,1.0183015289220894,mixed
0.11135593220338984,0.2542372881355932,1.0203633673296983,mixed
0.11135593220338984,0.2796610169491526,1.022431044958185,mixed
0.11135593220338984,0.3050847457627119,1.0245046081620017,mixed
0.11135593220338984,0.3305084745762712,1.0265841030689196,mixed
0.11135593220338984,0.35593220338983056,1.0286695755702266,mixed
0.11135593220338984,0.38135593220338987,1.0307610713109083,mixed
0.11135593220338984,0.4067796610169492,1.0328586356797946,mixed
0.11135593220338984,0.4322033898305085,1.0349623137996908,mixed
0.11135593220338984,0.4576271186440678,1.0370721505174856,mixed
0.11135593220338984,0.48305084745762716,1.0391881903942521,mixed
0.11135593220338984,0.5084745762711864,1.041310477695328,mixed
0.11135593220338984,0.5338983050847458,1.043439056380401,mixed
0.11135593220338984,0.5593220338983051,1.0455739700935855,mixed
0.11135593220338984,0.5847457627118644,1.0477152621535042,mixed
0.11135593220338984,0.6101694915254238,1.0498629755433693,mixed
0.11135593220338984,0.6355932203389831,1.0520171529010955,mixed
0.11135593220338984,0.6610169491525424,1.054177836509398,mixed
0.11135593220338984,0.6864406779661018,1.0563450682859439,mixed
0.11135593220338984,0.7118644067796611,1.0585188897734998,mixed
0.11135593220338984,0.7372881355932204,1.0606993421301323,mixed
0.11135593220338984,0.7627118644067797,1.0628864661194353,mixed
0.11135593220338984,0.788135593220339,1.0650803021007897,mixed
0.11135593220338984,0.8135593220338984,1.0672808900196853,mixed
0.11135593220338984,0.8389830508474577,1.0694882693980794,mixed
0.11135593220338984,0.864406779661017,1.071702479324826,mixed
0.11135593220338984,0.8898305084745763,1.0739235584461426,mixed
0.11135593220338984,0.9152542372881356,1.0761515449561756,mixed
0.11135593220338984,0.940677966101695,1.0783864765876094,mixed
0.11135593220338984,0.9661016949152543,1.0806283906023741,mixed
0.11135593220338984,0.9915254237288136,1.0828773237824258,mixed
0.11135593220338984,1.0169491525423728,1.0851333124206177,mixed
0.11135593220338984,1.0423728813559323,1.087396392311666,mixed
0.11135593220338984,1.0677966101694916,1.0896665987432248,mixed
0.11135593220338984,1.0932203389830508,1.091943966487043,mixed
0.11135593220338984,1.1186440677966103,1.094228529790269,mixed
0.11135593220338984,1.1440677966101696,1.0965203223668347,mixed
0.11135593220338984,1.1694915254237288,1.0988193773889918,mixed
0.11135593220338984,1.1949152542372883,1.1011257274789619,mixed
0.11135593220338984,1.2203389830508475,1.1034394047007168,mixed
0.11135593220338984,1.2457627118644068,1.105760440551915,mixed
0.11135593220338984,1.2711864406779663,1.1080888659559658,mixed
0.11135593220338984,1.2966101694915255,1.110424711254254,mixed
0.11135593220338984,1.3220338983050848,1.1127680061985181,mixed
0.11135593220338984,1.3474576271186443,1.1151187799433844,mixed
0.11135593220338984,1.3728813559322035,1.117477061039081,mixed
0.11135593220338984,1.3983050847457628,1.1198428774243103,mixed
0.11135593220338984,1.4237288135593222,1.1222162564192983,mixed
0.11135593220338984,1.4491525423728815,1.1245972247190381,mixed
0.11135593220338984,1.4745762711864407,1.1269858083867066,mixed
0.11135593220338984,1.5,1.1293820328472828,mixed
0.16203389830508477,0.0,0.9999999999999999,mixed
0.16203389830508477,0.025423728813559324,1.0029411013974303,mixed
0.16203389830508477,0.05084745762711865,1.0058950323545741,mixed
0.16203389830508477,0.07627118644067797,1.0088619392841494,mixed
0.16203389830508477,0.1016949152542373,1.011841967636434,mixed
0.16203389830508477,0.1271186440677966,1.0148352618285659,mixed
0.16203389830508477,0.15254237288135594,1.0178419651735073,mixed
0.16203389830508477,0.17796610169491528,1.0208622198087012,mixed
0.16203389830508477,0.2033898305084746,1.0238961666244866,mixed
0.16203389830508477,0.2288135593220339,1.0269439451923348,mixed
0.16203389830508477,0.2542372881355932,1.0300056936929798,mixed
0.16203389830508477,0.2796610169491526,1.0330815488444927,mixed
0.16203389830508477,0.3050847457627119,1.0361716458303714,mixed
0.16203389830508477,0.3305084745762712,1.03927611822775,mixed
0.16203389830508477,0.35593220338983056,1.042395097935744,mixed
0.16203389830508477,0.38135593220338987,1.045528715104068,mixed
0.16203389830508477,0.4067796610169492,1.0486770980619569,mixed
0.16203389830508477,0.4322033898305085,1.0518403732475132,mixed
0.16203389830508477,0.4576271186440678,1.0550186651375253,mixed
0.16203389830508477,0.48305084745762716,1.0582120961778623,mixed
0.16203389830508477,0.5084745762711864,1.0614207867145347,mixed
0.16203389830508477,0.5338983050847458,1.0646448549254934,mixed
0.16203389830508477,0.5593220338983051,1.0678844167532575,mixed
0.16203389830508477,0.5847457627118644,1.0711395858384785,mixed
0.16203389830508477,0.6101694915254238,1.074410473454502,mixed
0.16203389830508477,0.6355932203389831,1.0776971884430395,mixed
0.16203389830508477,0.6610169491525424,1.080999837151026,mixed
0.16203389830508477,0.6864406779661018,1.084318523368761,mixed
0.16203389830508477,0.7118644067796611,1.0876533482694304,mixed
0.16203389830508477,0.7372881355932204,1.0910044103500665,mixed
0.16203389830508477,0.7627118644067797,1.0943718053740799,mixed
0.16203389830508477,0.788135593220339,1.097755626315408,mixed
0.16203389830508477,0.8135593220338984,1.1011559633043955,mixed
0.16203389830508477,0.8389830508474577,1.1045729035754766,mixed
0.16203389830508477,0.864406779661017,1.1080065314167409,mixed
0.16203389830508477,0.8898305084745763,1.111456928121467,mixed
0.16203389830508477,0.9152542372881356,1.1149241719417118,mixed
0.16203389830508477,0.940677966101695,1.118408338043997,mixed
0.16203389830508477,0.9661016949152543,1.1219094984672058,mixed
0.16203389830508477,0.9915254237288136,1.1254277220827338,mixed
0.16203389830508477,1.0169491525423728,1.1289630745569674,mixed
0.16203389830508477,1.0423728813559323,1.1325156183161456,mixed
0.16203389830508477,1.0677966101694916,1.136085412513677,mixed
0.16203389830508477,1.0932203389830508,1.1396725129999488,mixed
0.16203389830508477,1.1186440677966103,1.1432769722946892,mixed
0.16203389830508477,1.1440677966101696,1.146898839561934,mixed
0.16203389830508477,1.1694915254237288,1.1505381605876235,mixed
0.16203389830508477,1.1949152542372883,1.1541949777598777,mixed
0.16203389830508477,1.2203389830508475,1.157869330051978,mixed
0.16203389830508477,1.2457627118644068,1.1615612530080848,mixed
0.16203389830508477,1.2711864406779663,1.165270778731713,mixed
0.16203389830508477,1.2966101694915255,1.168997935876973,mixed
0.16203389830508477,1.3220338983050848,1.172742749642611,mixed
0.16203389830508477,1.3474576271186443,1.1765052417688318,mixed
0.16203389830508477,1.3728813559322035,1.1802854305369206,mixed
0.16203389830508477,1.3983050847457628,1.1840833307716545,mixed
0.16203389830508477,1.4237288135593222,1.187898953846493,mixed
0.16203389830508477,1.4491525423728815,1.1917323076915478,mixed
0.16203389830508477,1.4745762711864407,1.1955833968042853,mixed
0.16203389830508477,1.5,1.1994522222629758,mixed
0.2127118644067797,0.0,1.0,mixed
0.2127118644067797,0.025423728813559324,1.003886913296496,mixed
0.2127118644067797,0.05084745762711865,1.0077982836137334,mixed
0.2127118644067797,0.07627118644067797,1.0117344357731695,mixed
0.2127118644067797,0.1016949152542373,1.0156956904767664,mixed
0.2127118644067797,0.1271186440677966,1.0196823639981711,mixed
0.2127118644067797,0.15254237288135594,1.0236947678737722,mixed
0.2127118644067797,0.17796610169491528,1.0277332085941906,mixed
0.2127118644067797,0.2033898305084746,1.0317979872967886,mixed
0.2127118644067797,0.2288135593220339,1.0358893994598062,mixed
0.2127118644067797,0.2542372881355932,1.0400077345987686,mixed
0.2127118644067797,0.2796610169491526,1.0441532759657879,mixed
0.2127118644067797,0.3050847457627119,1.0483263002524494,mixed
0.2127118644067797,0.3305084745762712,1.0525270772969373,mixed
0.2127118644067797,0.35593220338983056,1.0567558697960968,mixed
0.2127118644067797,0.38135593220338987,1.0610129330231277,mixed
0.2127118644067797,0.4067796610169492,1.0652985145516058,mixed
0.2127118644067797,0.4322033898305085,1.0696128539865226,mixed
0.2127118644067797,0.4576271186440678,1.073956182703054,mixed
0.2127118644067797,0.48305084745762716,1.0783287235937444,mixed
0.2127118644067797,0.5084745762711864,1.082730690824774,mixed
0.2127118644067797,0.5338983050847458,1.0871622896019997,mixed
0.2127118644067797,0.5593220338983051,1.0916237159474038,mixed
0.2127118644067797,0.5847457627118644,1.0961151564865919,mixed
0.2127118644067797,0.6101694915254238,1.100636788247942,mixed
0.2127118644067797,0.6355932203389831,1.1051887784739904,mixed
0.2127118644067797,0.6610169491525424,1.10977128444561,mixed
0.2127118644067797,0.6864406779661018,1.1143844533194769,mixed
0.2127118644067797,0.7118644067796611,1.1190284219793458,mixed
0.2127118644067797,0.7372881355932204,1.1237033169015265,mixed
0.2127118644067797,0.7627118644067797,1.1284092540350044,mixed
0.2127118644067797,0.788135593220339,1.1331463386965346,mixed
0.2127118644067797,0.8135593220338984,1.1379146654810268,mixed
0.2127118644067797,0.8389830508474577,1.1427143181874737,mixed
0.2127118644067797,0.864406779661017,1.147545369760649,mixed
0.2127118644067797,0.8898305084745763,1.1524078822486956,mixed
0.2127118644067797,0.9152542372881356,1.1573019067767598,mixed
0.2127118644067797,0.940677966101695,1.1622274835366815,mixed
0.2127118644067797,0.9661016949152543,1.1671846417927487,mixed
0.2127118644067797,0.9915254237288136,1.1721733999034694,mixed
0.2127118644067797,1.0169491525423728,1.1771937653592484,mixed
0.2127118644067797,1.0423728813559323,1.182245734835784,mixed
0.2127118644067797,1.0677966101694916,1.1873292942630154,mixed
0.2127118644067797,1.0932203389830508,1.1924444189093006,mixed
0.2127118644067797,1.1186440677966103,1.197591073480555,mixed
0.2127118644067797,1.1440677966101696,1.2027692122339657,mixed
0.2127118644067797,1.1694915254237288,1.207978779105885,mixed
0.2127118644067797,1.1949152542372883,1.2132197078534401,mixed
0.2127118644067797,1.2203389830508475,1.218491922209389,mixed
0.2127118644067797,1.2457627118644068,1.223795336049682,mixed
0.2127118644067797,1.2711864406779663,1.2291298535731705,mixed
0.2127118644067797,1.2966101694915255,1.234495369492869,mixed
0.2127118644067797,1.3220338983050848,1.2398917692381635,mixed
0.2127118644067797,1.3474576271186443,1.2453189291672975,mixed
0.2127118644067797,1.3728813559322035,1.250776716789498,mixed
0.2127118644067797,1.3983050847457628,1.2562649909960322,mixed
0.2127118644067797,1.4237288135593222,1.2617836022995246,mixed
0.2127118644067797,1.4491525423728815,1.267332393080788,mixed
0.2127118644067797,1.4745762711864407,1.2729111978425076,mixed
0.2127118644067797,1.5,1.2785198434690048,mixed
0.26338983050847464,0.0,1.0000000000000002,mixed
0.26338983050847464,0.025423728813559324,1.004854228453893,mixed
0.26338983050847464,0.05084745762711865,1.0097495078115188,mixed
0.26338983050847464,0.07627118644067797,1.0146864336605887,mixed
0.26338983050847464,0.1016949152542373,1.0196655883390433,mixed
0.26338983050847464,0.1271186440677966,1.0246875399606088,mixed
0.26338983050847464,0.15254237288135594,1.0297528414498536,mixed
0.26338983050847464,0.17796610169491528,1.0348620295901203,mixed
0.26338983050847464,0.2033898305084746,1.040015624087811,mixed
0.26338983050847464,0.2288135593220339,1.0452141266565542,mixed
0.26338983050847464,0.2542372881355932,1.0504580201248306,mixed
0.26338983050847464,0.2796610169491526,1.0557477675706628,mixed
0.26338983050847464,0.3050847457627119,1.061083811486944,mixed
0.26338983050847464,0.3305084745762712,1.0664665729809524,mixed
0.26338983050847464,0.35593220338983056,1.0718964510115496,mixed
0.26338983050847464,0.38135593220338987,1.0773738216674222,mixed
0.26338983050847464,0.4067796610169492,1.0828990374896599,mixed
0.26338983050847464,0.4322033898305085,1.0884724268417516,mixed
0.26338983050847464,0.4576271186440678,1.0940942933299633,mixed
0.26338983050847464,0.48305084745762716,1.099764915276777,mixed
0.26338983050847464,0.5084745762711864,1.1054845452499402,mixed
0.26338983050847464,0.5338983050847458,1.111253409649302,mixed
0.26338983050847464,0.5593220338983051,1.1170717083534394,mixed
0.26338983050847464,0.5847457627118644,1.1229396144276989,mixed
0.26338983050847464,0.6101694915254238,1.128857273895049,mixed
0.26338983050847464,0.6355932203389831,1.1348248055707035,mixed
0.26338983050847464,0.6610169491525424,1.1408423009612585,mixed
0.26338983050847464,0.6864406779661018,1.1469098242286402,mixed
0.26338983050847464,0.7118644067796611,1.1530274122188902,mixed
0.26338983050847464,0.7372881355932204,1.1591950745554018,mixed
0.26338983050847464,0.7627118644067797,1.165412793795947,mixed
0.26338983050847464,0.788135593220339,1.1716805256524012,mixed
0.26338983050847464,0.8135593220338984,1.1779981992718596,mixed
0.26338983050847464,0.8389830508474577,1.1843657175774236,mixed
0.26338983050847464,0.864406779661017,1.1907829576666866,mixed
0.26338983050847464,0.8898305084745763,1.1972497712656673,mixed
0.26338983050847464,0.9152542372881356,1.2037659852356615,mixed
0.26338983050847464,0.940677966101695,1.2103314021302563,mixed
0.26338983050847464,0.9661016949152543,1.2169458007995413,mixed
0.26338983050847464,0.9915254237288136,1.2236089370383672,mixed
0.26338983050847464,1.0169491525423728,1.2303205442753247,mixed
0.26338983050847464,1.0423728813559323,1.2370803342990404,mixed
0.26338983050847464,1.0677966101694916,1.2438879980181934,mixed
0.26338983050847464,1.0932203389830508,1.250743206251711,mixed
0.26338983050847464,1.1186440677966103,1.257645610545403,mixed
0.26338983050847464,1.1440677966101696,1.264594844011446,mixed
0.26338983050847464,1.1694915254237288,1.2715905221869752,mixed
0.26338983050847464,1.1949152542372883,1.27863224390822,mixed
0.26338983050847464,1.2203389830508475,1.2857195921965523,mixed
0.26338983050847464,1.2457627118644068,1.2928521351530007,mixed
0.26338983050847464,1.2711864406779663,1.3000294268578183,mixed
0.26338983050847464,1.2966101694915255,1.3072510082718323,mixed
0.26338983050847464,1.3220338983050848,1.3145164081364387,mixed
0.26338983050847464,1.3474576271186443,1.3218251438692632,mixed
0.26338983050847464,1.3728813559322035,1.3291767224526545,mixed
0.26338983050847464,1.3983050847457628,1.3365706413123417,mixed
0.26338983050847464,1.4237288135593222,1.344006389183804,mixed
0.26338983050847464,1.4491525423728815,1.351483446964057,mixed
0.26338983050847464,1.4745762711864407,1.359001288546714,mixed
0.26338983050847464,1.5,1.3665593816384678,mixed
0.31406779661016954,0.0,1.0000000000000002,mixed
0.31406779661016954,0.025423728813559324,1.00584839876112,mixed
0.31406779661016954,0.05084745762711865,1.011760095703799,mixed
0.31406779661016954,0.07627118644067797,1.017736045585546,mixed
0.31406779661016954,0.1016949152542373,1.0237771681175925,mixed
0.31406779661016954,0.1271186440677966,1.0298843455211573,mixed
0.31406779661016954,0.15254237288135594,1.0360584201518046,mixed
0.31406779661016954,0.17796610169491528,1.0423001922060535,mixed
0.31406779661016954,0.2033898305084746,1.0486104175243451,mixed
0.31406779661016954,0.2288135593220339,1.054989805504303,mixed
0.31406779661016954,0.2542372881355932,1.0614390171379215,mixed
0.31406779661016954,0.2796610169491526,1.0679586631857563,mixed
0.31406779661016954,0.3050847457627119,1.0745493025005723,mixed
0.31406779661016954,0.3305084745762712,1.0812114405120392,mixed
0.31406779661016954,0.35593220338983056,1.0879455278830923,mixed
0.31406779661016954,0.38135593220338987,1.0947519593474344,mixed
0.31406779661016954,0.4067796610169492,1.101631072736398,mixed
0.31406779661016954,0.4322033898305085,1.108583148201987,mixed
0.31406779661016954,0.4576271186440678,1.1156084076414496,mixed
0.31406779661016954,0.48305084745762716,1.1227070143271607,mixed
0.31406779661016954,0.5084745762711864,1.1298790727439902,mixed
0.31406779661016954,0.5338983050847458,1.1371246286346615,mixed
0.31406779661016954,0.5593220338983051,1.144443669251956,mixed
0.31406779661016954,0.5847457627118644,1.1518361238149946,mixed
0.31406779661016954,0.6101694915254238,1.1593018641651616,mixed
0.31406779661016954,0.6355932203389831,1.166840705615799,mixed
0.31406779661016954,0.6610169491525424,1.1744524079882093,mixed
0.31406779661016954,0.6864406779661018,1.1821366768252795,mixed
0.31406779661016954,0.7118644067796611,1.1898931647727153,mixed
0.31406779661016954,0.7372881355932204,1.197721473116809,mixed
0.31406779661016954,0.7627118644067797,1.2056211534667387,mixed
0.31406779661016954,0.788135593220339,1.2135917095685589,mixed
0.31406779661016954,0.8135593220338984,1.2216325992374533,mixed
0.31406779661016954,0.8389830508474577,1.2297432363943255,mixed
0.31406779661016954,0.864406779661017,1.2379229931925144,mixed
0.31406779661016954,0.8898305084745763,1.2461712022203124,mixed
0.31406779661016954,0.9152542372881356,1.2544871587649014,mixed
0.31406779661016954,0.940677966101695,1.2628701231235802,mixed
0.31406779661016954,0.9661016949152543,1.2713193229483832,mixed
0.31406779661016954,0.9915254237288136,1.2798339556106535,mixed
0.31406779661016954,1.0169491525423728,1.2884131905726584,mixed
0.31406779661016954,1.0423728813559323,1.2970561717539566,mixed
0.31406779661016954,1.0677966101694916,1.3057620198809632,mixed
0.31406779661016954,1.0932203389830508,1.3145298348089332,mixed
0.31406779661016954,1.1186440677966103,1.3233586978063976,mixed
0.31406779661016954,1.1440677966101696,1.3322476737930093,mixed
0.31406779661016954,1.1694915254237288,1.3411958135225857,mixed
0.31406779661016954,1.1949152542372883,1.3502021557041242,mixed
0.31406779661016954,1.2203389830508475,1.3592657290543915,mixed
0.31406779661016954,1.2457627118644068,1.3683855542766632,mixed
0.31406779661016954,1.2711864406779663,1.3775606459609866,mixed
0.31406779661016954,1.2966101694915255,1.3867900144022558,mixed
0.31406779661016954,1.3220338983050848,1.396072667333173,mixed
0.31406779661016954,1.3474576271186443,1.4054076115698835,mixed
0.31406779661016954,1.3728813559322035,1.4147938545688912,mixed
0.31406779661016954,1.3983050847457628,1.424230405894442,mixed
0.31406779661016954,1.4237288135593222,1.4337162785962299,mixed
0.31406779661016954,1.4491525423728815,1.4432504904977905,mixed
0.31406779661016954,1.4745762711864407,1.4528320653965334,mixed
0.31406779661016954,1.5,1.4624600341767249,mixed
0.36474576271186443,0.0,0.9999999999999999,mixed
0.36474576271186443,0.025423728813559324,1.0068745447007459,mixed
0.36474576271186443,0.05084745762711865,1.013840871641592,mixed
0.36474576271186443,0.07627118644067797,1.0209003544368234,mixed
0.36474576271186443,0.1016949152542373,1.0280542864924243,mixed
0.36474576271186443,0.1271186440677966,1.0353038759124347,mixed
0.36474576271186443,0.15254237288135594,1.0426502407005986,mixed
0.36474576271186443,0.17796610169491528,1.0500944043015839,mixed
0.36474576271186443,0.2033898305084746,1.0576372915241004,mixed
0.36474576271186443,0.2288135593220339,1.065279724885434,mixed
0.36474576271186443,0.2542372881355932,1.0730224214134536,mixed
0.36474576271186443,0.2796610169491526,1.0808659899379822,mixed
0.36474576271186443,0.3050847457627119,1.088810928898629,mixed
0.36474576271186443,0.3305084745762712,1.0968576246908266,mixed
0.36474576271186443,0.35593220338983056,1.1050063505661034,mixed
0.36474576271186443,0.38135593220338987,1.113257266096461,mixed
0.36474576271186443,0.4067796610169492,1.1216104172064756,mixed
0.36474576271186443,0.4322033898305085,1.130065736770327,mixed
0.36474576271186443,0.4576271186440678,1.13862304576465,mixed
0.36474576271186443,0.48305084745762716,1.1472820549619602,mixed
0.36474576271186443,0.5084745762711864,1.1560423671435582,mixed
0.36474576271186443,0.5338983050847458,1.1649034798054032,mixed
0.36474576271186443,0.5593220338983051,1.1738647883255453,mixed
0.36474576271186443,0.5847457627118644,1.1829255895574307,mixed
0.36474576271186443,0.6101694915254238,1.1920850858097367,mixed
0.36474576271186443,0.6355932203389831,1.2013423891705326,mixed
0.36474576271186443,0.6610169491525424,1.2106965261313376,mixed
0.36474576271186443,0.6864406779661018,1.2201464424653299,mixed
0.36474576271186443,0.7118644067796611,1.2296910083131953,mixed
0.36474576271186443,0.7372881355932204,1.2393290234302046,mixed
0.36474576271186443,0.7627118644067797,1.2490592225488182,mixed
0.36474576271186443,0.788135593220339,1.258880280812389,mixed
0.36474576271186443,0.8135593220338984,1.2687908192374564,mixed
0.36474576271186443,0.8389830508474577,1.2787894101643988,mixed
0.36474576271186443,0.864406779661017,1.2888745826589636,mixed
0.36474576271186443,0.8898305084745763,1.2990448278302191,mixed
0.36474576271186443,0.9152542372881356,1.309298604033702,mixed
0.36474576271186443,0.940677966101695,1.3196343419319747,mixed
0.36474576271186443,0.9661016949152543,1.330050449388261,mixed
0.36474576271186443,0.9915254237288136,1.3405453161723375,mixed
0.36474576271186443,1.0169491525423728,1.351117318461326,mixed
0.36474576271186443,1.0423728813559323,1.3617648231213055,mixed
0.36474576271186443,1.0677966101694916,1.372486191758952,mixed
0.36474576271186443,1.0932203389830508,1.383279784535393,mixed
0.36474576271186443,1.1186440677966103,1.3941439637372213,mixed
0.36474576271186443,1.1440677966101696,1.4050770971023183,mixed
0.36474576271186443,1.1694915254237288,1.4160775609003362,mixed
0.36474576271186443,1.1949152542372883,1.4271437427698885,mixed
0.36474576271186443,1.2203389830508475,1.4382740443162803,mixed
0.36474576271186443,1.2457627118644068,1.4494668834752085,mixed
0.36474576271186443,1.2711864406779663,1.460720696649258,mixed
0.36474576271186443,1.2966101694915255,1.4720339406250842,mixed
0.36474576271186443,1.3220338983050848,1.4834050942801293,mixed
0.36474576271186443,1.3474576271186443,1.494832660088444,mixed
0.36474576271186443,1.3728813559322035,1.5063151654356581,mixed
0.36474576271186443,1.3983050847457628,1.5178511637535859,mixed
0.36474576271186443,1.4237288135593222,1.529439235485095,mixed
0.36474576271186443,1.4491525423728815,1.541077988890025,mixed
0.36474576271186443,1.4745762711864407,1.5527660607028553,mixed
0.36474576271186443,1.5,1.564502116652723,mixed
0.4154237288135594,0.0,0.9999999999999999,mixed
0.4154237288135594,0.025423728813559324,1.0079373722585794,mixed
0.4154237288135594,0.05084745762711865,1.0160016893035626,mixed
0.4154237288135594,0.07627118644067797,1.0241947411498855,mixed
0.4154237288135594,0.1016949152542373,1.0325181539291308,mixed
0.4154237288135594,0.1271186440677966,1.0409733809350454,mixed
0.4154237288135594,0.15254237288135594,1.0495616946382769,mixed
0.4154237288135594,0.17796610169491528,1.0582841797768732,mixed
0.4154237288135594,0.2033898305084746,1.0671417276161332,mixed
0.4154237288135594,0.2288135593220339,1.0761350314561022,mixed
0.4154237288135594,0.2542372881355932,1.0852645834475714,mixed
0.4154237288135594,0.2796610169491526,1.0945306727583488,mixed
0.4154237288135594,0.3050847457627119,1.1039333851113964,mixed
0.4154237288135594,0.3305084745762712,1.1134726036955453,mixed
0.4154237288135594,0.35593220338983056,1.1231480114286962,mixed
0.4154237288135594,0.38135593220338987,1.1329590945330708,mixed
0.4154237288135594,0.4067796610169492,1.1429051473628804,mixed
0.4154237288135594,0.4322033898305085,1.1529852784071781,mixed
0.4154237288135594,0.4576271186440678,1.1631984173751015,mixed
0.4154237288135594,0.48305084745762716,1.1735433232575054,mixed
0.4154237288135594,0.5084745762711864,1.1840185932484941,mixed
0.4154237288135594,0.5338983050847458,1.1946226724026663,mixed
0.4154237288135594,0.5593220338983051,1.2053538638989498,mixed
0.4154237288135594,0.5847457627118644,1.2162103397799926,mixed
0.4154237288135594,0.6101694915254238,1.2271901520365878,mixed
0.4154237288135594,0.6355932203389831,1.2382912439098728,mixed
0.4154237288135594,0.6610169491525424,1.249511461289255,mixed
0.4154237288135594,0.6864406779661018,1.2608485640913383,mixed
0.4154237288135594,0.7118644067796611,1.2723002375138142,mixed
0.4154237288135594,0.7372881355932204,1.283864103068302,mixed
0.4154237288135594,0.7627118644067797,1.2955377293068717,mixed
0.4154237288135594,0.788135593220339,1.3073186421682985,mixed
0.4154237288135594,0.8135593220338984,1.319204334881534,mixed
0.4154237288135594,0.8389830508474577,1.3311922773753042,mixed
0.4154237288135594,0.864406779661017,1.3432799251537257,mixed
0.4154237288135594,0.8898305084745763,1.3554647276083214,mixed
0.4154237288135594,0.9152542372881356,1.3677441357466464,mixed
0.4154237288135594,0.940677966101695,1.380115609326664,mixed
0.4154237288135594,0.9661016949152543,1.3925766233940902,mixed
0.4154237288135594,0.9915254237288136,1.405124674227082,mixed
0.4154237288135594,1.0169491525423728,1.4177572846987887,mixed
0.4154237288135594,1.0423728813559323,1.430472009073562,mixed
0.4154237288135594,1.0677966101694916,1.4432664372569075,mixed
0.4154237288135594,1.0932203389830508,1.4561381985227597,mixed
0.4154237288135594,1.1186440677966103,1.4690849647443136,mixed
0.4154237288135594,1.1440677966101696,1.482104453156642,mixed
0.4154237288135594,1.1694915254237288,1.4951944286805456,mixed
0.4154237288135594,1.1949152542372883,1.5083527058378812,mixed
0.4154237288135594,1.2203389830508475,1.5215771502888105,mixed
0.4154237288135594,1.2457627118644068,1.5348656800212075,mixed
0.4154237288135594,1.2711864406779663,1.54821626622193,mixed
0.4154237288135594,1.2966101694915255,1.561626933858804,mixed
0.4154237288135594,1.3220338983050848,1.575095762001125,mixed
0.4154237288135594,1.3474576271186443,1.5886208839052105,mixed
0.4154237288135594,1.3728813559322035,1.6022004868901876,mixed
0.4154237288135594,1.3983050847457628,1.6158328120277257,mixed
0.4154237288135594,1.4237288135593222,1.6295161536679073,mixed
0.4154237288135594,1.4491525423728815,1.6432488588219178,mixed
0.4154237288135594,1.4745762711864407,1.6570293264206906,mixed
0.4154237288135594,1.5,1.6708560064671218,mixed
0.4661016949152543,0.0,1.0,mixed
0.4661016949152543,0.025423728813559324,1.0090410087891066,mixed
0.4661016949152543,0.05084745762711865,1.018251065658398,mixed
0.4661016949152543,0.07627118644067797,1.0276322715263777,mixed
0.4661016949152543,0.1016949152542373,1.0371864221993614,mixed
0.4661016949152543,0.1271186440677966,1.0469149953087615,mixed
0.4661016949152543,0.15254237288135594,1.056819139859203,mixed
0.4661016949152543,0.17796610169491528,1.0668996685761472,mixed
0.4661016949152543,0.2033898305084746,1.077157053189539,mixed
0.4661016949152543,0.2288135593220339,1.087591422733106,mixed
0.4661016949152543,0.2542372881355932,1.098202564879072,mixed
0.4661016949152543,0.2796610169491526,1.1089899302674828,mixed
0.4661016949152543,0.3050847457627119,1.1199526397302704,mixed
0.4661016949152543,0.3305084745762712,1.1310894942545675,mixed
0.4661016949152543,0.35593220338983056,1.1423989874797658,mixed
0.4661016949152543,0.38135593220338987,1.153879320479713,mixed
0.4661016949152543,0.4067796610169492,1.1655284185467725,mixed
0.4661016949152543,0.4322033898305085,1.1773439496687788,mixed
0.4661016949152543,0.4576271186440678,1.1893233443738083,mixed
0.4661016949152543,0.48305084745762716,1.2014638166108265,mixed
0.4661016949152543,0.5084745762711864,1.2137623853364987,mixed
0.4661016949152543,0.5338983050847458,1.2262158964886372,mixed
0.4661016949152543,0.5593220338983051,1.2388210450441322,mixed
0.4661016949152543,0.5847457627118644,1.2515743968823918,mixed
0.4661016949152543,0.6101694915254238,1.2644724102029274,mixed
0.4661016949152543,0.6355932203389831,1.2775114562765657,mixed
0.4661016949152543,0.6610169491525424,1.2906878393424168,mixed
0.4661016949152543,0.6864406779661018,1.3039978154959342,mixed
0.4661016949152543,0.7118644067796611,1.3174376104463605,mixed
0.4661016949152543,0.7372881355932204,1.3310034360532834,mixed
0.4661016949152543,0.7627118644067797,1.3446915055815933,mixed
0.4661016949152543,0.788135593220339,1.3584980476410948,mixed
0.4661016949152543,0.8135593220338984,1.3724193188009959,mixed
0.4661016949152543,0.8389830508474577,1.3864516148905393,mixed
0.4661016949152543,0.864406779661017,1.4005912810147132,mixed
0.4661016949152543,0.8898305084745763,1.4148347203286615,mixed
0.4661016949152543,0.9152542372881356,1.4291784016261202,mixed
0.4661016949152543,0.940677966101695,1.4436188658060032,mixed
0.4661016949152543,0.9661016949152543,1.4581527312877582,mixed
0.4661016949152543,0.9915254237288136,1.4727766984501696,mixed
0.4661016949152543,1.0169491525423728,1.4874875531705227,mixed
0.4661016949152543,1.0423728813559323,1.5022821695415673,mixed
0.4661016949152543,1.0677966101694916,1.5171575118429121,mixed
0.4661016949152543,1.0932203389830508,1.532110635841491,mixed
0.4661016949152543,1.1186440677966103,1.5471386894930037,mixed
0.4661016949152543,1.1440677966101696,1.5622389131126442,mixed
0.4661016949152543,1.1694915254237288,1.577408639079636,mixed
0.4661016949152543,1.1949152542372883,1.5926452911356919,mixed
0.4661016949152543,1.2203389830508475,1.6079463833332144,mixed
0.4661016949152543,1.2457627118644068,1.6233095186845181,mixed
0.4661016949152543,1.2711864406779663,1.6387323875589042,mixed
0.4661016949152543,1.2966101694915255,1.6542127658701364,mixed
0.4661016949152543,1.3220338983050848,1.669748513092598,mixed
0.4661016949152543,1.3474576271186443,1.685337570140545,mixed
0.4661016949152543,1.3728813559322035,1.700977957141007,mixed
0.4661016949152543,1.3983050847457628,1.7166677711274927,mixed
0.4661016949152543,1.4237288135593222,1.7324051836783012,mixed
0.4661016949152543,1.4491525423728815,1.7481884385203843,mixed
0.4661016949152543,1.4745762711864407,1.764015849116815,mixed
0.4661016949152543,1.5,1.7798857962535803,mixed
0.5167796610169493,0.0,1.0,mixed
0.5167796610169493,0.025423728813559324,1.0101888642285002,mixed
0.5167796610169493,0.05084745762711865,1.0205958694605435,mixed
0.5167796610169493,0.07627118644067797,1.0312231734495811,mixed
0.5167796610169493,0.1016949152542373,1.0420724091292575,mixed
0.5167796610169493,0.1271186440677966,1.0531446700916058,mixed
0.5167796610169493,0.15254237288135594,1.0644405020707306,mixed
0.5167796610169493,0.17796610169491528,1.0759599006202318,mixed
0.5167796610169493,0.2033898305084746,1.0877023150153298,mixed
0.5167796610169493,0.2288135593220339,1.0996666582518928,mixed
0.5167796610169493,0.2542372881355932,1.1118513228614983,mixed
0.5167796610169493,0.2796610169491526,1.1242542021215118,mixed
0.5167796610169493,0.3050847457627119,1.1368727161174286,mixed
0.5167796610169493,0.3305084745762712,1.1497038420165733,mixed
0.5167796610169493,0.35593220338983056,1.1627441478405438,mixed
0.5167796610169493,0.38135593220338987,1.1759898289800588,mixed
0.5167796610169493,0.4067796610169492,1.1894367466800921,mixed
0.5167796610169493,0.4322033898305085,1.2030804677335003,mixed
0.5167796610169493,0.4576271186440678,1.2169163046550746,mixed
0.5167796610169493,0.48305084745762716,1.2309393556612491,mixed
0.5167796610169493,0.5084745762711864,1.2451445438491135,mixed
0.5167796610169493,0.5338983050847458,1.259526655047621,mixed
0.5167796610169493,0.5593220338983051,1.2740803738992508,mixed
0.5167796610169493,0.5847457627118644,1.288800317817927,mixed
0.5167796610169493,0.6101694915254238,1.3036810685551696,mixed
0.5167796610169493,0.6355932203389831,1.3187172011881554,mixed
0.5167796610169493,0.6610169491525424,1.3339033104186373,mixed
0.5167796610169493,0.6864406779661018,1.3492340341386848,mixed
0.5167796610169493,0.7118644067796611,1.3647040742772114,mixed
0.5167796610169493,0.7372881355932204,1.3803082149898618,mixed
0.5167796610169493,0.7627118644067797,1.396041338294099,mixed
0.5167796610169493,0.788135593220339,1.4118984372816346,mixed
0.5167796610169493,0.8135593220338984,1.427874627062647,mixed
0.5167796610169493,0.8389830508474577,1.4439651536110008,mixed
0.5167796610169493,0.864406779661017,1.4601654006883125,mixed
0.5167796610169493,0.8898305084745763,1.4764708950277963,mixed
0.5167796610169493,0.9152542372881356,1.492877309957653,mixed
0.5167796610169493,0.940677966101695,1.5093804676390126,mixed
0.5167796610169493,0.9661016949152543,1.52597634008602,mixed
0.5167796610169493,0.9915254237288136,1.5426610491263626,mixed
0.5167796610169493,1.0169491525423728,1.5594308654498383,mixed
0.5167796610169493,1.0423728813559323,1.576282206881112,mixed
0.5167796610169493,1.0677966101694916,1.5932116360010322,mixed
0.5167796610169493,1.0932203389830508,1.6102158572290222,mixed
0.5167796610169493,1.1186440677966103,1.62729171346754,mixed
0.5167796610169493,1.1440677966101696,1.644436182398455,mixed
0.5167796610169493,1.1694915254237288,1.6616463725107034,mixed
0.5167796610169493,1.1949152542372883,1.6789195189287478,mixed
0.5167796610169493,1.2203389830508475,1.6962529791023202,mixed
0.5167796610169493,1.2457627118644068,1.713644228409585,mixed
0.5167796610169493,1.2711864406779663,1.7310908557183593,mixed
0.5167796610169493,1.2966101694915255,1.7485905589432222,mixed
0.5167796610169493,1.3220338983050848,1.7661411406303062,mixed
0.5167796610169493,1.3474576271186443,1.7837405035961376,mixed
0.5167796610169493,1.3728813559322035,1.8013866466422148,mixed
0.5167796610169493,1.3983050847457628,1.8190776603627774,mixed
0.5167796610169493,1.4237288135593222,1.836811723059621,mixed
0.5167796610169493,1.4491525423728815,1.8545870967746891,mixed
0.5167796610169493,1.4745762711864407,1.8724021234484258,mixed
0.5167796610169493,1.5,1.8902552212095722,mixed
0.5674576271186441,0.0,0.9999999999999999,mixed
0.5674576271186441,0.025423728813559324,1.0113835225541863,mixed
0.5674576271186441,0.05084745762711865,1.0230410777072108,mixed
0.5674576271186441,0.07627118644067797,1.0349744316485698,mixed
0.5674576271186441,0.1016949152542373,1.047184508475252,mixed
0.5674576271186441,0.1271186440677966,1.0596713827597124,mixed
0.5674576271186441,0.15254237288135594,1.0724342841694101,mixed
0.5674576271186441,0.17796610169491528,1.0854716139391727,mixed
0.5674576271186441,0.2033898305084746,1.0987809726231388,mixed
0.5674576271186441,0.2288135593220339,1.1123591982109817,mixed
0.5674576271186441,0.2542372881355932,1.1262024134016766,mixed
0.5674576271186441,0.2796610169491526,1.140306080601319,mixed
0.5674576271186441,0.3050847457627119,1.154665063058042,mixed
0.5674576271186441,0.3305084745762712,1.1692736904699323,mixed
0.5674576271186441,0.35593220338983056,1.1841258273985922,mixed
0.5674576271186441,0.38135593220338987,1.1992149428845627,mixed
0.5674576271186441,0.4067796610169492,1.214534179780515,mixed
0.5674576271186441,0.4322033898305085,1.2300764224812843,mixed
0.5674576271186441,0.4576271186440678,1.2458343619224208,mixed
0.5674576271186441,0.48305084745762716,1.261800556927741,mixed
0.5674576271186441,0.5084745762711864,1.2779674911990166,mixed
0.5674576271186441,0.5338983050847458,1.2943276254469216,mixed
0.5674576271186441,0.5593220338983051,1.310873444353914,mixed
0.5674576271186441,0.5847457627118644,1.3275974982305496,mixed
0.5674576271186441,0.6101694915254238,1.344492439373811,mixed
0.5674576271186441,0.6355932203389831,1.361551053257452,mixed
0.5674576271186441,0.6610169491525424,1.3787662847803273,mixed
0.5674576271186441,0.6864406779661018,1.3961312598705264,mixed
0.5674576271186441,0.7118644067796611,1.41363930279304,mixed
0.5674576271186441,0.7372881355932204,1.4312839495393195,mixed
0.5674576271186441,0.7627118644067797,1.449058957691543,mixed
0.5674576271186441,0.788135593220339,1.466958313155491,mixed
0.5674576271186441,0.8135593220338984,1.48497623414675,mixed
0.5674576271186441,0.8389830508474577,1.5031071727977432,mixed
0.5674576271186441,0.864406779661017,1.5213458147306125,mixed
0.5674576271186441,0.8898305084745763,1.5396870769145992,mixed
0.5674576271186441,0.9152542372881356,1.5581261040984493,mixed
0.5674576271186441,0.940677966101695,1.5766582640793405,mixed
0.5674576271186441,0.9661016949152543,1.5952791420411732,mixed
0.5674576271186441,0.9915254237288136,1.6139845341673167,mixed
0.5674576271186441,1.0169491525423728,1.6327704407067214,mixed
0.5674576271186441,1.0423728813559323,1.651633058647866,mixed
0.5674576271186441,1.0677966101694916,1.6705687741327337,mixed
0.5674576271186441,1.0932203389830508,1.6895741547226923,mixed
0.5674576271186441,1.1186440677966103,1.7086459416100308,mixed
0.5674576271186441,1.1440677966101696,1.7277810418528456,mixed
0.5674576271186441,1.1694915254237288,1.7469765206967693,mixed
0.5674576271186441,1.1949152542372883,1.7662295940347035,mixed
0.5674576271186441,1.2203389830508475,1.7855376210450482,mixed
0.5674576271186441,1.2457627118644068,1.8048980970397182,mixed
0.5674576271186441,1.2711864406779663,1.8243086465454372,mixed
0.5674576271186441,1.2966101694915255,1.8437670166351754,mixed
0.5674576271186441,1.3220338983050848,1.8632710705210196,mixed
0.5674576271186441,1.3474576271186443,1.882818781415185,mixed
0.5674576271186441,1.3728813559322035,1.9024082266620272,mixed
0.5674576271186441,1.3983050847457628,1.922037582140814,mixed
0.5674576271186441,1.4237288135593222,1.9417051169364945,mixed
0.5674576271186441,1.4491525423728815,1.961409188273747,mixed
0.5674576271186441,1.4745762711864407,1.9811482367079485,mixed
0.5674576271186441,1.5,2.0009207815656094,mixed
0.6181355932203391,0.0,1.0,mixed
0.6181355932203391,0.025423728813559324,1.0126266666475077,mixed
0.6181355932203391,0.05084745762711865,1.0255896096158625,mixed
0.6181355932203391,0.07627118644067797,1.038889520378649,mixed
0.6181355932203391,0.1016949152542373,1.0525258215611737,mixed
0.6181355932203391,0.1271186440677966,1.06649668490937,mixed
0.6181355932203391,0.15254237288135594,1.080799070577782,mixed
0.6181355932203391,0.17796610169491528,1.0954287861331526,mixed
0.6181355932203391,0.2033898305084746,1.1103805629650396,mixed
0.6181355932203391,0.2288135593220339,1.125648147243184,mixed
0.6181355932203391,0.2542372881355932,1.1412244021911067,mixed
0.6181355932203391,0.2796610169491526,1.1571014182670787,mixed
0.6181355932203391,0.3050847457627119,1.173270627850815,mixed
0.6181355932203391,0.3305084745762712,1.189722921206411,mixed
0.6181355932203391,0.35593220338983056,1.2064487607980012,mixed
0.6181355932203391,0.38135593220338987,1.2234382914374187,mixed
0.6181355932203391,0.4067796610169492,1.2406814442043426,mixed
0.6181355932203391,0.4322033898305085,1.25816803256274,mixed
0.6181355932203391,0.4576271186440678,1.2758878395719242,mixed
0.6181355932203391,0.48305084745762716,1.2938306955315475,mixed
0.6181355932203391,0.5084745762711864,1.3119865457904316,mixed
0.6181355932203391,0.5338983050847458,1.330345508778987,mixed
0.6181355932203391,0.5593220338983051,1.3488979245900707,mixed
0.6181355932203391,0.5847457627118644,1.3676343946345735,mixed
0.6181355932203391,0.6101694915254238,1.3865458130399992,mixed
0.6181355932203391,0.6355932203389831,1.405623390550019,mixed
0.6181355932203391,0.6610169491525424,1.424858671728223,mixed
0.6181355932203391,0.6864406779661018,1.4442435462786387,mixed
0.6181355932203391,0.7118644067796611,1.4637702552772083,mixed
0.6181355932203391,0.7372881355932204,1.4834313930695744,mixed
0.6181355932203391,0.7627118644067797,1.5032199055378426,mixed
0.6181355932203391,0.788135593220339,1.5231290853777695,mixed
0.6181355932203391,0.8135593220338984,1.5431525649623414,mixed
0.6181355932203391,0.8389830508474577,1.5632843073014793,mixed
0.6181355932203391,0.864406779661017,1.5835185955428472,mixed
0.6181355932203391,0.8898305084745763,1.6038500213974252,mixed
0.6181355932203391,0.9152542372881356,1.6242734728165713,mixed
0.6181355932203391,0.940677966101695,1.6447841211954615,mixed
0.6181355932203391,0.9661016949152543,1.665377408331355,mixed
0.6181355932203391,0.9915254237288136,1.6860490333239968,mixed
0.6181355932203391,1.0169491525423728,1.7067949395695508,mixed
0.6181355932203391,1.0423728813559323,1.7276113019683967,mixed
0.6181355932203391,1.0677966101694916,1.7484945144404989,mixed
0.6181355932203391,1.0932203389830508,1.7694411778195314,mixed
0.6181355932203391,1.1186440677966103,1.7904480881779825,mixed
0.6181355932203391,1.1440677966101696,1.811512225619702,mixed
0.6181355932203391,1.1694915254237288,1.8326307435633757,mixed
0.6181355932203391,1.1949152542372883,1.8538009585298127,mixed
0.6181355932203391,1.2203389830508475,1.8750203404373473,mixed
0.6181355932203391,1.2457627118644068,1.8962865034029788,mixed
0.6181355932203391,1.2711864406779663,1.9175971970413566,mixed
0.6181355932203391,1.2966101694915255,1.938950298249851,mixed
0.6181355932203391,1.3220338983050848,1.9603438034646714,mixed
0.6181355932203391,1.3474576271186443,1.9817758213709133,mixed
0.6181355932203391,1.3728813559322035,2.003244566047819,mixed
0.6181355932203391,1.3983050847457628,2.0247483505295847,mixed
0.6181355932203391,1.4237288135593222,2.046285580761528,mixed
0.6181355932203391,1.4491525423728815,2.0678547499312687,mixed
0.6181355932203391,1.4745762711864407,2.089454433154709,mixed
0.6181355932203391,1.5,2.1110832824969363,mixed
0.668813559322034,0.0,0.9999999999999999,mixed
0.668813559322034,0.025423728813559324,1.0139190378617007,mixed
0.668813559322034,0.05084745762711865,1.0282422431255138,mixed
0.668813559322034,0.07627118644067797,1.0429682855734215,mixed
0.668813559322034,0.1016949152542373,1.058094031506927,mixed
0.668813559322034,0.1271186440677966,1.0736146192269873,mixed
0.668813559322034,0.15254237288135594,1.0895235677825958,mixed
0.668813559322034,0.17796610169491528,1.1058129139572375,mixed
0.668813559322034,0.2033898305084746,1.1224733714702821,mixed
0.668813559322034,0.2288135593220339,1.1394945058253798,mixed
0.668813559322034,0.2542372881355932,1.1568649181406998,mixed
0.668813559322034,0.2796610169491526,1.1745724316030348,mixed
0.668813559322034,0.3050847457627119,1.1926042748230654,mixed
0.668813559322034,0.3305084745762712,1.210947257237255,mixed
0.668813559322034,0.35593220338983056,1.2295879327028338,mixed
0.668813559322034,0.38135593220338987,1.2485127484730234,mixed
0.668813559322034,0.4067796610169492,1.26770817774229,mixed
0.668813559322034,0.4322033898305085,1.2871608348581471,mixed
0.668813559322034,0.4576271186440678,1.3068575730695873,mixed
0.668813559322034,0.48305084745762716,1.3267855653049996,mixed
0.668813559322034,0.5084745762711864,1.3469323689418364,mixed
0.668813559322034,0.5338983050847458,1.367285975856203,mixed
0.668813559322034,0.5593220338983051,1.3878348492396269,mixed
0.668813559322034,0.5847457627118644,1.4085679487637797,mixed
0.668813559322034,0.6101694915254238,1.4294747456837307,mixed
0.668813559322034,0.6355932203389831,1.4505452294175916,mixed
0.668813559322034,0.6610169491525424,1.4717699070441355,mixed
0.668813559322034,0.6864406779661018,1.4931397970359055,mixed
0.668813559322034,0.7118644067796611,1.5146464184065722,mixed
0.668813559322034,0.7372881355932204,1.5362817763076355,mixed
0.668813559322034,0.7627118644067797,1.5580383449682405,mixed
0.668813559322034,0.788135593220339,1.5799090487379028,mixed
0.668813559322034,0.8135593220338984,1.601887241868418,mixed
0.668813559322034,0.8389830508474577,1.6239666875599348,mixed
0.668813559322034,0.864406779661017,1.6461415366976688,mixed
0.668813559322034,0.8898305084745763,1.6684063066200514,mixed
0.668813559322034,0.9152542372881356,1.6907558601855153,mixed
0.668813559322034,0.940677966101695,1.7131853853428047,mixed
0.668813559322034,0.9661016949152543,1.7356903753575024,mixed
0.668813559322034,0.9915254237288136,1.7582666098043072,mixed
0.668813559322034,1.0169491525423728,1.7809101363992283,mixed
0.668813559322034,1.0423728813559323,1.8036172537173456,mixed
0.668813559322034,1.0677966101694916,1.826384494818937,mixed
0.668813559322034,1.0932203389830508,1.8492086117889317,mixed
0.668813559322034,1.1186440677966103,1.8720865611806075,mixed
0.668813559322034,1.1440677966101696,1.895015490344083,mixed
0.668813559322034,1.1694915254237288,1.9179927246122601,mixed
0.668813559322034,1.1949152542372883,1.9410157553113523,mixed
0.668813559322034,1.2203389830508475,1.9640822285594077,mixed
0.668813559322034,1.2457627118644068,1.9871899348138513,mixed
0.668813559322034,1.2711864406779663,2.0103367991279417,mixed
0.668813559322034,1.2966101694915255,2.0335208720756666,mixed
0.668813559322034,1.3220338983050848,2.0567403213049866,mixed
0.668813559322034,1.3474576271186443,2.0799934236801736,mixed
0.668813559322034,1.3728813559322035,2.1032785579752384,mixed
0.668813559322034,1.3983050847457628,2.126594198081908,mixed
0.668813559322034,1.4237288135593222,2.149938906697277,mixed
0.668813559322034,1.4491525423728815,2.1733113294580733,mixed
0.668813559322034,1.4745762711864407,2.196710189490188,mixed
0.668813559322034,1.5,2.2201342823441044,mixed
0.7194915254237289,0.0,1.0,mixed
0.7194915254237289,0.025423728813559324,1.0152604297715038,mixed
0.7194915254237289,0.05084745762711865,1.0309976140773003,mixed
0.7194915254237289,0.07627118644067797,1.047206978055538,mixed
0.7194915254237289,0.1016949152542373,1.0638815223386013,mixed
0.7194915254237289,0.1271186440677966,1.0810120050067566,mixed
0.7194915254237289,0.15254237288135594,1.0985871687785396,mixed
0.7194915254237289,0.17796610169491528,1.1165940017442495,mixed
0.7194915254237289,0.2033898305084746,1.1350180191866326,mixed
0.7194915254237289,0.2288135593220339,1.153843554242427,mixed
0.7194915254237289,0.2542372881355932,1.1730540461924877,mixed
0.7194915254237289,0.2796610169491526,1.1926323168098196,mixed
0.7194915254237289,0.3050847457627119,1.2125608271993684,mixed
0.7194915254237289,0.3305084745762712,1.232821909696065,mixed
0.7194915254237289,0.35593220338983056,1.2533979714508485,mixed
0.7194915254237289,0.38135593220338987,1.2742716681829274,mixed
0.7194915254237289,0.4067796610169492,1.2954260481209938,mixed
0.7194915254237289,0.4322033898305085,1.3168446673579428,mixed
0.7194915254237289,0.4576271186440678,1.3385116787048523,mixed
0.7194915254237289,0.48305084745762716,1.3604118966808962,mixed
0.7194915254237289,0.5084745762711864,1.3825308415633708,mixed
0.7194915254237289,0.5338983050847458,1.4048547655000352,mixed
0.7194915254237289,0.5593220338983051,1.4273706636077517,mixed
0.7194915254237289,0.5847457627118644,1.4500662727955167,mixed
0.7194915254237289,0.6101694915254238,1.472930060797218,mixed
0.7194915254237289,0.6355932203389831,1.495951207612375,mixed
0.7194915254237289,0.6610169491525424,1.5191195812562739,mixed
0.7194915254237289,0.6864406779661018,1.5424257094314537,mixed
0.7194915254237289,0.7118644067796611,1.5658607484619365,mixed
0.7194915254237289,0.7372881355932204,1.5894164505863748,mixed
0.7194915254237289,0.7627118644067797,1.6130851304897087,mixed
0.7194915254237289,0.788135593220339,1.636859631765482,mixed
0.7194915254237289,0.8135593220338984,1.660733293841662,mixed
0.7194915254237289,0.8389830508474577,1.6846999197695873,mixed
0.7194915254237289,0.864406779661017,1.7087537451658277,mixed
0.7194915254237289,0.8898305084745763,1.7328894085075301,mixed
0.7194915254237289,0.9152542372881356,1.7571019229102556,mixed
0.7194915254237289,0.940677966101695,1.7813866494608306,mixed
0.7194915254237289,0.9661016949152543,1.8057392721338603,mixed
0.7194915254237289,0.9915254237288136,1.8301557742869534,mixed
0.7194915254237289,1.0169491525423728,1.8546324167046995,mixed
0.7194915254237289,1.0423728813559323,1.8791657171432157,mixed
0.7194915254237289,1.0677966101694916,1.9037524313143874,mixed
0.7194915254237289,1.0932203389830508,1.928389535240485,mixed
0.7194915254237289,1.1186440677966103,1.9530742089048834,mixed
0.7194915254237289,1.1440677966101696,1.9778038211221005,mixed
0.7194915254237289,1.1694915254237288,2.0025759155500573,mixed
0.7194915254237289,1.1949152542372883,2.0273881977683583,mixed
0.7194915254237289,1.2203389830508475,2.052238523348581,mixed
0.7194915254237289,1.2457627118644068,2.077124886845339,mixed
0.7194915254237289,1.2711864406779663,2.102045411640266,mixed
0.7194915254237289,1.2966101694915255,2.126998340574691,mixed
0.7194915254237289,1.3220338983050848,2.151982027310575,mixed
0.7194915254237289,1.3474576271186443,2.176994928363129,mixed
0.7194915254237289,1.3728813559322035,2.20203559575238,mixed
0.7194915254237289,1.3983050847457628,2.2271026702246113,mixed
0.7194915254237289,1.4237288135593222,2.2521948749982306,mixed
0.7194915254237289,1.4491525423728815,2.277311009992035,mixed
0.7194915254237289,1.4745762711864407,2.302449946497032,mixed
0.7194915254237289,1.5,2.3276106222560737,mixed
0.7701694915254238,0.0,1.0,mixed
0.7701694915254238,0.025423728813559324,1.0166497139147308,mixed
0.7701694915254238,0.05084745762711865,1.033852293524015,mixed
0.7701694915254238,0.07627118644067797,1.0515984293485623,mixed
0.7701694915254238,0.1016949152542373,1.0698757263802374,mixed
0.7701694915254238,0.1271186440677966,1.088669058964679,mixed
0.7701694915254238,0.15254237288135594,1.1079609771681773,mixed
0.7701694915254238,0.17796610169491528,1.1277321421084092,mixed
0.7701694915254238,0.2033898305084746,1.1479617686150358,mixed
0.7701694915254238,0.2288135593220339,1.16862805610202,mixed
0.7701694915254238,0.2542372881355932,1.1897085921415536,mixed
0.7701694915254238,0.2796610169491526,1.2111807173613698,mixed
0.7701694915254238,0.3050847457627119,1.2330218444364074,mixed
0.7701694915254238,0.3305084745762712,1.2552097277248142,mixed
0.7701694915254238,0.35593220338983056,1.2777226832613542,mixed
0.7701694915254238,0.38135593220338987,1.3005397612556902,mixed
0.7701694915254238,0.4067796610169492,1.3236408749443382,mixed
0.7701694915254238,0.4322033898305085,1.3470068906826334,mixed
0.7701694915254238,0.4576271186440678,1.3706196846485343,mixed
0.7701694915254238,0.48305084745762716,1.3944621715899137,mixed
0.7701694915254238,0.5084745762711864,1.4185183108041772,mixed
0.7701694915254238,0.5338983050847458,1.4427730941014802,mixed
0.7701694915254238,0.5593220338983051,1.4672125199577717,mixed
0.7701694915254238,0.5847457627118644,1.4918235574778431,mixed
0.7701694915254238,0.6101694915254238,1.5165941032079109,mixed
0.7701694915254238,0.6355932203389831,1.5415129332928263,mixed
0.7701694915254238,0.6610169491525424,1.5665696529818371,mixed
0.7701694915254238,0.6864406779661018,1.5917546450575077,mixed
0.7701694915254238,0.7118644067796611,1.617059018396038,mixed
0.7701694915254238,0.7372881355932204,1.6424745575614121,mixed
0.7701694915254238,0.7627118644067797,1.6679936740850712,mixed
0.7701694915254238,0.788135593220339,1.6936093598810051,mixed
0.7701694915254238,0.8135593220338984,1.7193151430862081,mixed
0.7701694915254238,0.8389830508474577,1.7451050464919877,mixed
0.7701694915254238,0.864406779661017,1.7709735486364402,mixed
0.7701694915254238,0.8898305084745763,1.796915547557196,mixed
0.7701694915254238,0.9152542372881356,1.8229263271514273,mixed
0.7701694915254238,0.940677966101695,1.8490015260534163,mixed
0.7701694915254238,0.9661016949152543,1.8751371089151119,mixed
0.7701694915254238,0.9915254237288136,1.90132933995949,mixed
0.7701694915254238,1.0169491525423728,1.9275747586680145,mixed
0.7701694915254238,1.0423728813559323,1.9538701574601434,mixed
0.7701694915254238,1.0677966101694916,1.9802125612233954,mixed
0.7701694915254238,1.0932203389830508,2.0065992085558775,mixed
0.7701694915254238,1.1186440677966103,2.0330275345883115,mixed
0.7701694915254238,1.1440677966101696,2.059495155259203,mixed
0.7701694915254238,1.1694915254237288,2.0859998529240027,mixed
0.7701694915254238,1.1949152542372883,2.1125395631867496,mixed
0.7701694915254238,1.2203389830508475,2.139112362850483,mixed
0.7701694915254238,1.2457627118644068,2.1657164588903495,mixed
0.7701694915254238,1.2711864406779663,2.1923501783607824,mixed
0.7701694915254238,1.2966101694915255,2.219011959155244,mixed
0.7701694915254238,1.3220338983050848,2.245700341543833,mixed
0.7701694915254238,1.3474576271186443,2.27241396042025,mixed
0.7701694915254238,1.3728813559322035,2.2991515381956886,mixed
0.7701694915254238,1.3983050847457628,2.325911878282537,mixed
0.7701694915254238,1.4237288135593222,2.352693859115939,mixed
0.7701694915254238,1.4491525423728815,2.3794964286658202,mixed
0.7701694915254238,1.4745762711864407,2.406318599396316,mixed
0.7701694915254238,1.5,2.4331594436333956,mixed
0.8208474576271187,0.0,0.9999999999999999,mixed
0.8208474576271187,0.025423728813559324,1.018084893938546,mixed
0.8208474576271187,0.05084745762711865,1.0368009344696003,mixed
0.8208474576271187,0.07627118644067797,1.0561323526204744,mixed
0.8208474576271187,0.1016949152542373,1.076059666591917,mixed
0.8208474576271187,0.1271186440677966,1.0965602904091278,mixed
0.8208474576271187,0.15254237288135594,1.1176091853216754,mixed
0.8208474576271187,0.17796610169491528,1.139179516609371,mixed
0.8208474576271187,0.2033898305084746,1.1612432836636266,mixed
0.8208474576271187,0.2288135593220339,1.1837718984164294,mixed
0.8208474576271187,0.2542372881355932,1.2067366951373917,mixed
0.8208474576271187,0.2796610169491526,1.230109362265359,mixed
0.8208474576271187,0.3050847457627119,1.253862293553034,mixed
0.8208474576271187,0.3305084745762712,1.2779688609879394,mixed
0.8208474576271187,0.35593220338983056,1.302403615609909,mixed
0.8208474576271187,0.38135593220338987,1.3271424245835426,mixed
0.8208474576271187,0.4067796610169492,1.352162553935986,mixed
0.8208474576271187,0.4322033898305085,1.377442706517047,mixed
0.8208474576271187,0.4576271186440678,1.4029630242562374,mixed
0.8208474576271187,0.48305084745762716,1.428705062920776,mixed
0.8208474576271187,0.5084745762711864,1.4546517465106101,mixed
0.8208474576271187,0.5338983050847458,1.4807873073008335,mixed
0.8208474576271187,0.5593220338983051,1.5070972164524963,mixed
0.8208474576271187,0.5847457627118644,1.533568109116169,mixed
0.8208474576271187,0.6101694915254238,1.5601877070780543,mixed
0.8208474576271187,0.6355932203389831,1.586944741254892,mixed
0.8208474576271187,0.6610169491525424,1.613828875728676,mixed
0.8208474576271187,0.6864406779661018,1.6408306345144916,mixed
0.8208474576271187,0.7118644067796611,1.6679413318605412,mixed
0.8208474576271187,0.7372881355932204,1.6951530065733666,mixed
0.8208474576271187,0.7627118644067797,1.7224583606284416,mixed
0.8208474576271187,0.788135593220339,1.749850702153014,mixed
0.8208474576271187,0.8135593220338984,1.7773238927424764,mixed
0.8208474576271187,0.8389830508474577,1.8048722989832024,mixed
0.8208474576271187,0.864406779661017,1.8324907479955248,mixed
0.8208474576271187,0.8898305084745763,1.8601744867732146,mixed
0.8208474576271187,0.9152542372881356,1.8879191450750323,mixed
0.8208474576271187,0.940677966101695,1.9157207016152746,mixed
0.8208474576271187,0.9661016949152543,1.9435754533003318,mixed
0.8208474576271187,0.9915254237288136,1.9714799872643742,mixed
0.8208474576271187,1.0169491525423728,1.9994311554676403,mixed
0.8208474576271187,1.0423728813559323,2.027426051633529,mixed
0.8208474576271187,1.0677966101694916,2.0554619903151248,mixed
0.8208474576271187,1.0932203389830508,2.083536487896675,mixed
0.8208474576271187,1.1186440677966103,2.1116472453506976,mixed
0.8208474576271187,1.1440677966101696,2.1397921325860296,mixed
0.8208474576271187,1.1694915254237288,2.1679691742363927,mixed
0.8208474576271187,1.1949152542372883,2.1961765367523682,mixed
0.8208474576271187,1.2203389830508475,2.2244125166722544,mixed
0.8208474576271187,1.2457627118644068,2.2526755299588728,mixed
0.8208474576271187,1.2711864406779663,2.280964102300135,mixed
0.8208474576271187,1.2966101694915255,2.3092768602810203,mixed
0.8208474576271187,1.3220338983050848,2.337612523343519,mixed
0.8208474576271187,1.3474576271186443,2.365969896459344,mixed
0.8208474576271187,1.3728813559322035,2.394347863447504,mixed
0.8208474576271187,1.3983050847457628,2.4227453808756017,mixed
0.8208474576271187,1.4237288135593222,2.451161472489758,mixed
0.8208474576271187,1.4491525423728815,2.4795952241234316,mixed
0.8208474576271187,1.4745762711864407,2.5080457790404083,mixed
0.8208474576271187,1.5,2.53651233367162,mixed
0.8715254237288137,0.0,1.0,mixed
0.8715254237288137,0.025423728813559324,1.0195631835111767,mixed
0.8715254237288137,0.05084745762711865,1.0398364760869763,mixed
0.8715254237288137,0.07627118644067797,1.0607957442583937,mixed
0.8715254237288137,0.1016949152542373,1.0824126480408849,mixed
0.8715254237288137,0.1271186440677966,1.10465559092331,mixed
0.8715254237288137,0.15254237288135594,1.127490676586577,mixed
0.8715254237288137,0.17796610169491528,1.150882618394259,mixed
0.8715254237288137,0.2033898305084746,1.174795561148873,mixed
0.8715254237288137,0.2288135593220339,1.199193789238949,mixed
0.8715254237288137,0.2542372881355932,1.2240423089742578,mixed
0.8715254237288137,0.2796610169491526,1.2493073042339755,mixed
0.8715254237288137,0.3050847457627119,1.2749564729119431,mixed
0.8715254237288137,0.3305084745762712,1.3009592570232131,mixed
0.8715254237288137,0.35593220338983056,1.3272869821213396,mixed
0.8715254237288137,0.38135593220338987,1.3539129224405664,mixed
0.8715254237288137,0.4067796610169492,1.3808123075284537,mixed
0.8715254237288137,0.4322033898305085,1.407962284614838,mixed
0.8715254237288137,0.4576271186440678,1.4353418490043537,mixed
0.8715254237288137,0.48305084745762716,1.4629317526939805,mixed
0.8715254237288137,0.5084745762711864,1.4907143994085486,mixed
0.8715254237288137,0.5338983050847458,1.5186737324340773,mixed
0.8715254237288137,0.5593220338983051,1.5467951200663528,mixed
0.8715254237288137,0.5847457627118644,1.5750652421933165,mixed
0.8715254237288137,0.6101694915254238,1.603471980481667,mixed
0.8715254237288137,0.6355932203389831,1.6320043138138858,mixed
0.8715254237288137,0.6610169491525424,1.6606522199892368,mixed
0.8715254237288137,0.6864406779661018,1.68940658422799,mixed
0.8715254237288137,0.7118644067796611,1.7182591146715218,mixed
0.8715254237288137,0.7372881355932204,1.747202264824917,mixed
0.8715254237288137,0.7627118644067797,1.776229162720329,mixed
0.8715254237288137,0.788135593220339,1.8053335464699134,mixed
0.8715254237288137,0.8135593220338984,1.8345097058116373,mixed
0.8715254237288137,0.8389830508474577,1.8637524292175311,mixed
0.8715254237288137,0.864406779661017,1.8930569561233277,mixed
0.8715254237288137,0.8898305084745763,1.9224189338433615,mixed
0.8715254237288137,0.9152542372881356,1.9518343787503076,mixed
0.8715254237288137,0.940677966101695,1.9812996413216386,mixed
0.8715254237288137,0.9661016949152543,2.0108113746808516,mixed
0.8715254237288137,0.9915254237288136,2.040366506289548,mixed
0.8715254237288137,1.0169491525423728,2.069962212474906,mixed
0.8715254237288137,1.0423728813559323,2.0995958955049407,mixed
0.8715254237288137,1.0677966101694916,2.1292651629506976,mixed
0.8715254237288137,1.0932203389830508,2.1589678090996536,mixed
0.8715254237288137,1.1186440677966103,2.188701798208049,mixed
0.8715254237288137,1.1440677966101696,2.2184652494013233,mixed
0.8715254237288137,1.1694915254237288,2.2482564230515862,mixed
0.8715254237288137,1.1949152542372883,2.278073708478881,mixed
0.8715254237288137,1.2203389830508475,2.3079156128391105,mixed
0.8715254237288137,1.2457627118644068,2.337780751076176,mixed
0.8715254237288137,1.2711864406779663,2.3676678368287485,mixed
0.8715254237288137,1.2966101694915255,2.3975756741939516,mixed
0.8715254237288137,1.3220338983050848,2.4275031502606326,mixed
0.8715254237288137,1.3474576271186443,2.457449228334194,mixed
0.8715254237288137,1.3728813559322035,2.4874129417833735,mixed
0.8715254237288137,1.3983050847457628,2.5173933884467186,mixed
0.8715254237288137,1.4237288135593222,2.5473897255431432,mixed
0.8715254237288137,1.4491525423728815,2.577401165036804,mixed
0.8715254237288137,1.4745762711864407,2.6074269694118546,mixed
0.8715254237288137,1.5,2.6374664478171947,mixed
0.9222033898305086,0.0,1.0,mixed
0.9222033898305086,0.025423728813559324,1.0210811026927091,mixed
0.9222033898305086,0.05084745762711865,1.0429503913272509,mixed
0.9222033898305086,0.07627118644067797,1.0655733571555914,mixed
0.9222033898305086,0.1016949152542373,1.0889110457679334,mixed
0.9222033898305086,0.1271186440677966,1.112921430614971,mixed
0.9222033898305086,0.15254237288135594,1.1375607162611963,mixed
0.9222033898305086,0.17796610169491528,1.1627845039496583,mixed
0.9222033898305086,0.2033898305084746,1.1885487781878763,mixed
0.9222033898305086,0.2288135593220339,1.2148106971671775,mixed
0.9222033898305086,0.2542372881355932,1.2415291891871738,mixed
0.9222033898305086,0.2796610169491526,1.268665370819833,mixed
0.9222033898305086,0.3050847457627119,1.2961828105276425,mixed
0.9222033898305086,0.3305084745762712,1.3240476648098967,mixed
0.9222033898305086,0.35593220338983056,1.3522287139382088,mixed
0.9222033898305086,0.38135593220338987,1.3806973221706091,mixed
0.9222033898305086,0.4067796610169492,1.4094273440083924,mixed
0.9222033898305086,0.4322033898305085,1.4383949943208763,mixed
0.9222033898305086,0.4576271186440678,1.4675786964962707,mixed
0.9222033898305086,0.48305084745762716,1.496958919461994,mixed
0.9222033898305086,0.5084745762711864,1.526518011584564,mixed
0.9222033898305086,0.5338983050847458,1.5562400371382996,mixed
0.9222033898305086,0.5593220338983051,1.5861106191953467,mixed
0.9222033898305086,0.5847457627118644,1.6161167913788441,mixed
0.9222033898305086,0.6101694915254238,1.6462468598677322,mixed
0.9222033898305086,0.6355932203389831,1.676490276276882,mixed
0.9222033898305086,0.6610169491525424,1.7068375214982279,mixed
0.9222033898305086,0.6864406779661018,1.7372800002239832,mixed
0.9222033898305086,0.7118644067796611,1.7678099456383907,mixed
0.9222033898305086,0.7372881355932204,1.7984203336250992,mixed
0.9222033898305086,0.7627118644067797,1.8291048057659336,mixed
0.9222033898305086,0.788135593220339,1.8598576003832754,mixed
0.9222033898305086,0.8135593220338984,1.8906734908867797,mixed
0.9222033898305086,0.8389830508474577,1.9215477307146207,mixed
0.9222033898305086,0.864406779661017,1.9524760042015419,mixed
0.9222033898305086,0.8898305084745763,1.9834543827550213,mixed
0.9222033898305086,0.9152542372881356,2.0144792857726337,mixed
0.9222033898305086,0.940677966101695,2.04554744578569,mixed
0.9222033898305086,0.9661016949152543,2.076655877364472,mixed
0.9222033898305086,0.9915254237288136,2.1078018493679043,mixed
0.9222033898305086,1.0169491525423728,2.138982860164747,mixed
0.9222033898305086,1.0423728813559323,2.170196615493806,mixed
0.9222033898305086,1.0677966101694916,2.201441008667574,mixed
0.9222033898305086,1.0932203389830508,2.232714102856916,mixed
0.9222033898305086,1.1186440677966103,2.264014115224169,mixed
0.9222033898305086,1.1440677966101696,2.295339402698684,mixed
0.9222033898305086,1.1694915254237288,2.326688449212499,mixed
0.9222033898305086,1.1949152542372883,2.3580598542348064,mixed
0.9222033898305086,1.2203389830508475,2.3894523224625375,mixed
0.9222033898305086,1.2457627118644068,2.4208646545408117,mixed
0.9222033898305086,1.2711864406779663,2.452295738701502,mixed
0.9222033898305086,1.2966101694915255,2.4837445432210603,mixed
0.9222033898305086,1.3220338983050848,2.5152101096099684,mixed
0.9222033898305086,1.3474576271186443,2.546691546456241,mixed
0.9222033898305086,1.3728813559322035,2.5781880238541355,mixed
0.9222033898305086,1.3983050847457628,2.6096987683569894,mixed
0.9222033898305086,1.4237288135593222,2.6412230583999916,mixed
0.9222033898305086,1.4491525423728815,2.67276022014466,mixed
0.9222033898305086,1.4745762711864407,2.704309623702168,mixed
0.9222033898305086,1.5,2.7358706796973764,mixed
0.9728813559322035,0.0,1.0,mixed
0.9728813559322035,0.025423728813559324,1.022634587179367,mixed
0.9728813559322035,0.05084745762711865,1.0461329628968172,mixed
0.9728813559322035,0.07627118644067797,1.0704482152169015,mixed
0.9728813559322035,0.1016949152542373,1.0955291352372327,mixed
0.9728813559322035,0.1271186440677966,1.121322075534262,mixed
0.9728813559322035,0.15254237288135594,1.1477726079555672,mixed
0.9728813559322035,0.17796610169491528,1.1748269107942968,mixed
0.9728813559322035,0.2033898305084746,1.202432857629364,mixed
0.9728813559322035,0.2288135593220339,1.230540813545265,mixed
0.9728813559322035,0.2542372881355932,1.2591041670077425,mixed
0.9728813559322035,0.2796610169491526,1.2880796379755557,mixed
0.9728813559322035,0.3050847457627119,1.3174274069543177,mixed
0.9728813559322035,0.3305084745762712,1.3471111081801823,mixed
0.9728813559322035,0.35593220338983056,1.3770977252902008,mixed
0.9728813559322035,0.38135593220338987,1.4073574215103097,mixed
0.9728813559322035,0.4067796610169492,1.4378633298137704,mixed
0.9728813559322035,0.4322033898305085,1.468591322413329,mixed
0.9728813559322035,0.4576271186440678,1.499519773713909,mixed
0.9728813559322035,0.48305084745762716,1.5306293265821551,mixed
0.9728813559322035,0.5084745762711864,1.5619026684489359,mixed
0.9728813559322035,0.5338983050847458,1.5933243212391952,mixed
0.9728813559322035,0.5593220338983051,1.6248804472813985,mixed
0.9728813559322035,0.5847457627118644,1.656558672046842,mixed
0.9728813559322035,0.6101694915254238,1.688347923682512,mixed
0.9728813559322035,0.6355932203389831,1.7202382887249656,mixed
0.9728813559322035,0.6610169491525424,1.7522208830324633,mixed
0.9728813559322035,0.6864406779661018,1.7842877367827037,mixed
0.9728813559322035,0.7118644067796611,1.8164316923045583,mixed
0.9728813559322035,0.7372881355932204,1.8486463135069433,mixed
0.9728813559322035,0.7627118644067797,1.8809258057104963,mixed
0.9728813559322035,0.788135593220339,1.913264944758367,mixed
0.9728813559322035,0.8135593220338984,1.9456590143685941,mixed
0.9728813559322035,0.8389830508474577,1.9781037507829866,mixed
0.9728813559322035,0.864406779661017,2.010595293860325,mixed
0.9728813559322035,0.8898305084745763,2.0431301438514162,mixed
0.9728813559322035,0.9152542372881356,2.0757051231777686,mixed
0.9728813559322035,0.940677966101695,2.1083173426132467,mixed
0.9728813559322035,0.9661016949152543,2.1409641713386516,mixed
0.9728813559322035,0.9915254237288136,2.1736432104026004,mixed
0.9728813559322035,1.0169491525423728,2.206352269178689,mixed
0.9728813559322035,1.0423728813559323,2.2390893444591895,mixed
0.9728813559322035,1.0677966101694916,2.2718526018698557,mixed
0.9728813559322035,1.0932203389830508,2.304640359329465,mixed
0.9728813559322035,1.1186440677966103,2.3374510723119535,mixed
0.9728813559322035,1.1440677966101696,2.370283320699061,mixed
0.9728813559322035,1.1694915254237288,2.4031357970375877,mixed
0.9728813559322035,1.1949152542372883,2.4360072960383596,mixed
0.9728813559322035,1.2203389830508475,2.468896705173962,mixed
0.9728813559322035,1.2457627118644068,2.501802996249873,mixed
0.9728813559322035,1.2711864406779663,2.5347252178388113,mixed
0.9728813559322035,1.2966101694915255,2.5676624884814867,mixed
0.9728813559322035,1.3220338983050848,2.6006139905685757,mixed
0.9728813559322035,1.3474576271186443,2.633578964828908,mixed
0.9728813559322035,1.3728813559322035,2.666556705357726,mixed
0.9728813559322035,1.3983050847457628,2.6995465551266817,mixed
0.9728813559322035,1.4237288135593222,2.7325479019240384,mixed
0.9728813559322035,1.4491525423728815,2.7655601746794884,mixed
0.9728813559322035,1.4745762711864407,2.798582840133242,mixed
0.9728813559322035,1.5,2.8316153998136624,mixed
1.0235593220338985,0.0,1.0,mixed
1.0235593220338985,0.025423728813559324,1.0242191049134275,mixed
1.0235593220338985,0.05084745762711865,1.0493735727861504,mixed
1.0235593220338985,0.07627118644067797,1.0754021396902844,mixed
1.0235593220338985,0.1016949152542373,1.1022399156935339,mixed
1.0235593220338985,0.1271186440677966,1.1298207520584542,mixed
1.0235593220338985,0.15254237288135594,1.1580792161418945,mixed
1.0235593220338985,0.17796610169491528,1.1869521221772248,mixed
1.0235593220338985,0.2033898305084746,1.216379624784341,mixed
1.0235593220338985,0.2288135593220339,1.2463059210040417,mixed
1.0235593220338985,0.2542372881355932,1.276679626909943,mixed
1.0235593220338985,0.2796610169491526,1.3074539005123633,mixed
1.0235593220338985,0.3050847457627119,1.3385863786807546,mixed
1.0235593220338985,0.3305084745762712,1.3700389865791733,mixed
1.0235593220338985,0.35593220338983056,1.4017776669094328,mixed
1.0235593220338985,0.38135593220338987,1.433772065186876,mixed
1.0235593220338985,0.4067796610169492,1.4659951974674026,mixed
1.0235593220338985,0.4322033898305085,1.4984231188595016,mixed
1.0235593220338985,0.4576271186440678,1.5310346048342838,mixed
1.0235593220338985,0.48305084745762716,1.5638108526143917,mixed
1.0235593220338985,0.5084745762711864,1.5967352065140727,mixed
1.0235593220338985,0.5338983050847458,1.6297929087394354,mixed
1.0235593220338985,0.5593220338983051,1.6629708755872168,mixed
1.0235593220338985,0.5847457627118644,1.6962574979909033,mixed
1.0235593220338985,0.6101694915254238,1.7296424647871236,mixed
1.0235593220338985,0.6355932203389831,1.7631166067846242,mixed
1.0235593220338985,0.6610169491525424,1.796671759618668,mixed
1.0235593220338985,0.6864406779661018,1.8303006433965918,mixed
1.0235593220338985,0.7118644067796611,1.8639967572378289,mixed
1.0235593220338985,0.7372881355932204,1.8977542869506394,mixed
1.0235593220338985,0.7627118644067797,1.9315680242461215,mixed
1.0235593220338985,0.788135593220339,1.9654332960531558,mixed
1.0235593220338985,0.8135593220338984,1.999345902657111,mixed
1.0235593220338985,0.8389830508474577,2.033302063534714,mixed
1.0235593220338985,0.864406779661017,2.067298369895183,mixed
1.0235593220338985,0.8898305084745763,2.101331743061986,mixed
1.0235593220338985,0.9152542372881356,2.1353993979405446,mixed
1.0235593220338985,0.940677966101695,2.1694988109154463,mixed
1.0235593220338985,0.9661016949152543,2.2036276916069064,mixed
1.0235593220338985,0.9915254237288136,2.2377839579916396,mixed
1.0235593220338985,1.0169491525423728,2.2719657144589984,mixed
1.0235593220338985,1.0423728813559323,2.3061712324301733,mixed
1.0235593220338985,1.0677966101694916,2.3403989332177035,mixed
1.0235593220338985,1.0932203389830508,2.3746473728453052,mixed
1.0235593220338985,1.1186440677966103,2.408915228584951,mixed
1.0235593220338985,1.1440677966101696,2.4432012870001034,mixed
1.0235593220338985,1.1694915254237288,2.477504433311597,mixed
1.0235593220338985,1.1949152542372883,2.51182364192649,mixed
1.0235593220338985,1.2203389830508475,2.5461579679908275,mixed
1.0235593220338985,1.2457627118644068,2.580506539845069,mixed
1.0235593220338985,1.2711864406779663,2.6148685522763255,mixed
1.0235593220338985,1.2966101694915255,2.649243260474985,mixed
1.0235593220338985,1.3220338983050848,2.683629974614727,mixed
1.0235593220338985,1.3474576271186443,2.718028054985104,mixed
1.0235593220338985,1.3728813559322035,2.7524369076144968,mixed
1.0235593220338985,1.3983050847457628,2.7868559803288457,mixed
1.0235593220338985,1.4237288135593222,2.821284759198151,mixed
1.0235593220338985,1.4491525423728815,2.8557227653284674,mixed
1.0235593220338985,1.4745762711864407,2.890169551962141,mixed
1.0235593220338985,1.5,2.9246247018533893,mixed
1.0742372881355933,0.0,1.0,mixed
1.0742372881355933,0.025423728813559324,1.0258297749301386,mixed
1.0742372881355933,0.05084745762711865,1.0526609917170442,mixed
1.0742372881355933,0.07627118644067797,1.0804162612237953,mixed
1.0742372881355933,0.1016949152542373,1.1090158847794462,mixed
1.0742372881355933,0.1271186440677966,1.1383807008129694,mixed
1.0742372881355933,0.15254237288135594,1.1684342860133343,mixed
1.0742372881355933,0.17796610169491528,1.1991045081465859,mixed
1.0742372881355933,0.2033898305084746,1.2303244976361554,mixed
1.0742372881355933,0.2288135593220339,1.2620331411008812,mixed
1.0742372881355933,0.2542372881355932,1.2941752096670092,mixed
1.0742372881355933,0.2796610169491526,1.326701227416297,mixed
1.0742372881355933,0.3050847457627119,1.3595671691023128,mixed
1.0742372881355933,0.3305084745762712,1.3927340572423725,mixed
1.0742372881355933,0.35593220338983056,1.42616751050218,mixed
1.0742372881355933,0.38135593220338987,1.459837279721259,mixed
1.0742372881355933,0.4067796610169492,1.4937167955490316,mixed
1.0742372881355933,0.4322033898305085,1.527782742352929,mixed
1.0742372881355933,0.4576271186440678,1.5620146663793721,mixed
1.0742372881355933,0.48305084745762716,1.596394621559392,mixed
1.0742372881355933,0.5084745762711864,1.6309068533417939,mixed
1.0742372881355933,0.5338983050847458,1.6655375190734527,mixed
1.0742372881355933,0.5593220338983051,1.7002744423849763,mixed
1.0742372881355933,0.5847457627118644,1.7351068985204097,mixed
1.0742372881355933,0.6101694915254238,1.7700254273833929,mixed
1.0742372881355933,0.6355932203389831,1.805021671125604,mixed
1.0742372881355933,0.6610169491525424,1.840088233284954,mixed
1.0742372881355933,0.6864406779661018,1.8752185567296025,mixed
1.0742372881355933,0.7118644067796611,1.9104068179397886,mixed
1.0742372881355933,0.7372881355932204,1.9456478354379045,mixed
1.0742372881355933,0.7627118644067797,1.9809369904435947,mixed
1.0742372881355933,0.788135593220339,2.0162701580769156,mixed
1.0742372881355933,0.8135593220338984,2.051643647655128,mixed
1.0742372881355933,0.8389830508474577,2.0870541508266647,mixed
1.0742372881355933,0.864406779661017,2.1224986964597647,mixed
1.0742372881355933,0.8898305084745763,2.1579746113549882,mixed
1.0742372881355933,0.9152542372881356,2.1934794859822127,mixed
1.0742372881355933,0.940677966101695,2.229011144556022,mixed
1.0742372881355933,0.9661016949152543,2.2645676188608097,mixed
1.0742372881355933,0.9915254237288136,2.300147125320403,mixed
1.0742372881355933,1.0169491525423728,2.335748044878549,mixed
1.0742372881355933,1.0423728813559323,2.3713689053177256,mixed
1.0742372881355933,1.0677966101694916,2.40700836569599,mixed
1.0742372881355933,1.0932203389830508,2.4426652026263294,mixed
1.0742372881355933,1.1186440677966103,2.478338298161048,mixed
1.0742372881355933,1.1440677966101696,2.5140266290765116,mixed
1.0742372881355933,1.1694915254237288,2.5497292573814136,mixed
1.0742372881355933,1.1949152542372883,2.5854453218956994,mixed
1.0742372881355933,1.2203389830508475,2.62117403076784,mixed
1.0742372881355933,1.2457627118644068,2.6569146548156723,mixed
1.0742372881355933,1.2711864406779663,2.6926665215911796,mixed
1.0742372881355933,1.2966101694915255,2.7284290100826514,mixed
1.0742372881355933,1.3220338983050848,2.7642015459787315,mixed
1.0742372881355933,1.3474576271186443,2.799983597428651,mixed
1.0742372881355933,1.3728813559322035,2.835774671241185,mixed
1.0742372881355933,1.3983050847457628,2.8715743094721433,mixed
1.0742372881355933,1.4237288135593222,2.9073820863564035,mixed
1.0742372881355933,1.4491525423728815,2.943197605545923,mixed
1.0742372881355933,1.4745762711864407,2.9790204976198544,mixed
1.0742372881355933,1.5,3.0148504178370032,mixed
1.1249152542372882,0.0,0.9999999999999999,mixed
1.1249152542372882,0.025423728813559324,1.0274614839216072,mixed
1.1249152542372882,0.05084745762711865,1.055983656789832,mixed
1.1249152542372882,0.07627118644067797,1.0854714963480705,mixed
1.1249152542372882,0.1016949152542373,1.1158297330550333,mixed
1.1249152542372882,0.1271186440677966,1.1469660817278269,mixed
1.1249152542372882,0.15254237288135594,1.1787935225308863,mixed
1.1249152542372882,0.17796610169491528,1.2112317164095725,mixed
1.1249152542372882,0.2033898305084746,1.2442077091999126,mixed
1.1249152542372882,0.2288135593220339,1.2776560990012502,mixed
1.1249152542372882,0.2542372881355932,1.311518830296307,mixed
1.1249152542372882,0.2796610169491526,1.3457447514263718,mixed
1.1249152542372882,0.3050847457627119,1.3802890405471315,mixed
1.1249152542372882,0.3305084745762712,1.4151125756333767,mixed
1.1249152542372882,0.35593220338983056,1.4501812994534333,mixed
1.1249152542372882,0.38135593220338987,1.4854656114398728,mixed
1.1249152542372882,0.4067796610169492,1.5209398046002391,mixed
1.1249152542372882,0.4322033898305085,1.5565815561156062,mixed
1.1249152542372882,0.4576271186440678,1.5923714740575756,mixed
1.1249152542372882,0.48305084745762716,1.6282926988149187,mixed
1.1249152542372882,0.5084745762711864,1.6643305556327532,mixed
1.1249152542372882,0.5338983050847458,1.7004722535810208,mixed
1.1249152542372882,0.5593220338983051,1.7367066258886288,mixed
1.1249152542372882,0.5847457627118644,1.773023906629699,mixed
1.1249152542372882,0.6101694915254238,1.8094155390430642,mixed
1.1249152542372882,0.6355932203389831,1.8458740111846754,mixed
1.1249152542372882,0.6610169491525424,1.8823927150782493,mixed
1.1249152542372882,0.6864406779661018,1.9189658259964437,mixed
1.1249152542372882,0.7118644067796611,1.9555881989467971,mixed
1.1249152542372882,0.7372881355932204,1.9922552798403803,mixed
1.1249152542372882,0.7627118644067797,2.0289630291812384,mixed
1.1249152542372882,0.788135593220339,2.065707856430698,mixed
1.1249152542372882,0.8135593220338984,2.1024865634747716,mixed
1.1249152542372882,0.8389830508474577,2.139296295858638,mixed
1.1249152542372882,0.864406779661017,2.176134500653797,mixed
1.1249152542372882,0.8898305084745763,2.212998889995089,mixed
1.1249152542372882,0.9152542372881356,2.249887409470453,mixed
1.1249152542372882,0.940677966101695,2.2867982106696387,mixed
1.1249152542372882,0.9661016949152543,2.3237296273024484,mixed
1.1249152542372882,0.9915254237288136,2.3606801543853706,mixed
1.1249152542372882,1.0169491525423728,2.397648430069922,mixed
1.1249152542372882,1.0423728813559323,2.434633219749158,mixed
1.1249152542372882,1.0677966101694916,2.471633402132029,mixed
1.1249152542372882,1.0932203389830508,2.5086479570204774,mixed
1.1249152542372882,1.1186440677966103,2.545675954562293,mixed
1.1249152542372882,1.1440677966101696,2.582716545785257,mixed
1.1249152542372882,1.1694915254237288,2.619768954245528,mixed
1.1249152542372882,1.1949152542372883,2.656832468646751,mixed
1.1249152542372882,1.2203389830508475,2.6939064363061473,mixed
1.1249152542372882,1.2457627118644068,2.7309902573609537,mixed
1.1249152542372882,1.2711864406779663,2.76808337962302,mixed
1.1249152542372882,1.2966101694915255,2.8051852940017685,mixed
1.1249152542372882,1.3220338983050848,2.842295530426382,mixed
1.1249152542372882,1.3474576271186443,2.8794136542071507,mixed
1.1249152542372882,1.3728813559322035,2.9165392627837936,mixed
1.1249152542372882,1.3983050847457628,2.9536719828152194,mixed
1.1249152542372882,1.4237288135593222,2.990811467571125,mixed
1.1249152542372882,1.4491525423728815,3.0279573945906453,mixed
1.1249152542372882,1.4745762711864407,3.065109463577853,mixed
1.1249152542372882,1.5,3.1022673945074293,mixed
1.1755932203389832,0.0,1.0,mixed
1.1755932203389832,0.025423728813559324,1.0291089967576017,mixed
1.1755932203389832,0.05084745762711865,1.0593299279820843,mixed
1.1755932203389832,0.07627118644067797,1.0905489726576854,mixed
1.1755932203389832,0.1016949152542373,1.1226549380124062,mixed
1.1755932203389832,0.1271186440677966,1.1555427102607139,mixed
1.1755932203389832,0.15254237288135594,1.1891154175447325,mixed
1.1755932203389832,0.17796610169491528,1.2232855212274651,mixed
1.1755932203389832,0.2033898305084746,1.2579751003547552,mixed
1.1755932203389832,0.2288135593220339,1.2931155826365723,mixed
1.1755932203389832,0.2542372881355932,1.3286471333293755,mixed
1.1755932203389832,0.2796610169491526,1.3645178623295044,mixed
1.1755932203389832,0.3050847457627119,1.4006829619470427,mixed
1.1755932203389832,0.3305084745762712,1.4371038486178516,mixed
1.1755932203389832,0.35593220338983056,1.4737473523602613,mixed
1.1755932203389832,0.38135593220338987,1.5105849770889925,mixed
1.1755932203389832,0.4067796610169492,1.547592241184305,mixed
1.1755932203389832,0.4322033898305085,1.584748099154664,mixed
1.1755932203389832,0.4576271186440678,1.622034440270142,mixed
1.1755932203389832,0.48305084745762716,1.6594356574784972,mixed
1.1755932203389832,0.5084745762711864,1.696938278874805,mixed
1.1755932203389832,0.5338983050847458,1.7345306538753902,mixed
1.1755932203389832,0.5593220338983051,1.7722026866465728,mixed
1.1755932203389832,0.5847457627118644,1.8099456100007907,mixed
1.1755932203389832,0.6101694915254238,1.8477517937377888,mixed
1.1755932203389832,0.6355932203389831,1.8856145821829344,mixed
1.1755932203389832,0.6610169491525424,1.9235281564066733,mixed
1.1755932203389832,0.6864406779661018,1.9614874172731167,mixed
1.1755932203389832,0.7118644067796611,1.9994878860525236,mixed
1.1755932203389832,0.7372881355932204,2.0375256198416207,mixed
1.1755932203389832,0.7627118644067797,2.075597139472169,mixed
1.1755932203389832,0.788135593220339,2.1136993679590246,mixed
1.1755932203389832,0.8135593220338984,2.1518295778520162,mixed
1.1755932203389832,0.8389830508474577,2.189985346119206,mixed
1.1755932203389832,0.864406779661017,2.2281645154097602,mixed
1.1755932203389832,0.8898305084745763,2.2663651607293067,mixed
1.1755932203389832,0.9152542372881356,2.3045855607148917,mixed
1.1755932203389832,0.940677966101695,2.3428241728257024,mixed
1.1755932203389832,0.9661016949152543,2.381079611873318,mixed
1.1755932203389832,0.9915254237288136,2.4193506314054014,mixed
1.1755932203389832,1.0169491525423728,2.4576361075320134,mixed
1.1755932203389832,1.0423728813559323,2.495935024846869,mixed
1.1755932203389832,1.0677966101694916,2.534246464148701,mixed
1.1755932203389832,1.0932203389830508,2.5725695917123668,mixed
1.1755932203389832,1.1186440677966103,2.6109036498965783,mixed
1.1755932203389832,1.1440677966101696,2.6492479489066882,mixed
1.1755932203389832,1.1694915254237288,2.687601859557401,mixed
1.1755932203389832,1.1949152542372883,2.725964806902725,mixed
1.1755932203389832,1.2203389830508475,2.7643362646194434,mixed
1.1755932203389832,1.2457627118644068,2.8027157500464335,mixed
1.1755932203389832,1.2711864406779663,2.8411028197958585,mixed
1.1755932203389832,1.2966101694915255,2.8794970658638372,mixed
1.1755932203389832,1.3220338983050848,2.9178981121781358,mixed
1.1755932203389832,1.3474576271186443,2.956305611528806,mixed
1.1755932203389832,1.3728813559322035,2.9947192428350475,mixed
1.1755932203389832,1.3983050847457628,3.0331387087076167,mixed
1.1755932203389832,1.4237288135593222,3.0715637332715526,mixed
1.1755932203389832,1.4491525423728815,3.109994060218477,mixed
1.1755932203389832,1.4745762711864407,3.1484294510616637,mixed
1.1755932203389832,1.5,3.186869683570556,mixed
1.2262711864406781,0.0,1.0,mixed
1.2262711864406781,0.025423728813559324,1.0307670580382582,mixed
1.2262711864406781,0.05084745762711865,1.0626883167050107,mixed
1.2262711864406781,0.07627118644067797,1.0956303926350663,mixed
1.2262711864406781,0.1016949152542373,1.1294662474783366,mixed
1.2262711864406781,0.1271186440677966,1.164078620649309,mixed
1.2262711864406781,0.15254237288135594,1.199361834791464,mixed
1.2262711864406781,0.17796610169491528,1.2352223624188312,mixed
1.2262711864406781,0.2033898305084746,1.2715785444824677,mixed
1.2262711864406781,0.2288135593220339,1.30835979127777,mixed
1.2262711864406781,0.2542372881355932,1.3455055150312512,mixed
1.2262711864406781,0.2796610169491526,1.382963966141547,mixed
1.2262711864406781,0.3050847457627119,1.4206910820525382,mixed
1.2262711864406781,0.3305084745762712,1.4586494113166153,mixed
1.2262711864406781,0.35593220338983056,1.4968071436805839,mixed
1.2262711864406781,0.38135593220338987,1.5351372567383987,mixed
1.2262711864406781,0.4067796610169492,1.573616777603458,mixed
1.2262711864406781,0.4322033898305085,1.6122261514854133,mixed
1.2262711864406781,0.4576271186440678,1.650948706019663,mixed
1.2262711864406781,0.48305084745762716,1.6897701993003287,mixed
1.2262711864406781,0.5084745762711864,1.7286784398854624,mixed
1.2262711864406781,0.5338983050847458,1.7676629679875715,mixed
1.2262711864406781,0.5593220338983051,1.8067147882737804,mixed
1.2262711864406781,0.5847457627118644,1.8458261459685372,mixed
1.2262711864406781,0.6101694915254238,1.884990339163748,mixed
1.2262711864406781,0.6355932203389831,1.9242015613409302,mixed
1.2262711864406781,0.6610169491525424,1.9634547690764779,mixed
1.2262711864406781,0.6864406779661018,2.0027455707328063,mixed
1.2262711864406781,0.7118644067796611,2.042070132643713,mixed
1.2262711864406781,0.7372881355932204,2.0814250998949744,mixed
1.2262711864406781,0.7627118644067797,2.120807529295634,mixed
1.2262711864406781,0.788135593220339,2.160214832546185,mixed
1.2262711864406781,0.8135593220338984,2.1996447279497615,mixed
1.2262711864406781,0.8389830508474577,2.2390951992934904,mixed
1.2262711864406781,0.864406779661017,2.2785644607592292,mixed
1.2262711864406781,0.8898305084745763,2.3180509269143967,mixed
1.2262711864406781,0.9152542372881356,2.357553186991732,mixed
1.2262711864406781,0.940677966101695,2.397069982797613,mixed
1.2262711864406781,0.9661016949152543,2.436600189696564,mixed
1.2262711864406781,0.9915254237288136,2.4761428002091614,mixed
1.2262711864406781,1.0169491525423728,2.515696909834838,mixed
1.2262711864406781,1.0423728813559323,2.5552617047727066,mixed
1.2262711864406781,1.0677966101694916,2.5948364512649764,mixed
1.2262711864406781,1.0932203389830508,2.6344204863302365,mixed
1.2262711864406781,1.1186440677966103,2.6740132096897464,mixed
1.2262711864406781,1.1440677966101696,2.713614076719708,mixed
1.2262711864406781,1.1694915254237288,2.753222592287646,mixed
1.2262711864406781,1.1949152542372883,2.792838305352103,mixed
1.2262711864406781,1.2203389830508475,2.8324608042225825,mixed
1.2262711864406781,1.2457627118644068,2.872089712391643,mixed
1.2262711864406781,1.2711864406779663,2.911724684863754,mixed
1.2262711864406781,1.2966101694915255,2.95136540491615,mixed
1.2262711864406781,1.3220338983050848,2.991011581236067,mixed
1.2262711864406781,1.3474576271186443,3.030662945386483,mixed
1.2262711864406781,1.3728813559322035,3.0703192495590166,mixed
1.2262711864406781,1.3983050847457628,3.1099802645782573,mixed
1.2262711864406781,1.4237288135593222,3.1496457781266685,mixed
1.2262711864406781,1.4491525423728815,3.189315593163174,mixed
1.2262711864406781,1.4745762711864407,3.228989526512256,mixed
1.2262711864406781,1.5,3.268667407603188,mixed
1.276949152542373,0.0,1.0,mixed
1.276949152542373,0.025423728813559324,1.032430482596718,mixed
1.276949152542373,0.05084745762711865,1.066047682129588,mixed
1.276949152542373,0.07627118644067797,1.1006983312940641,mixed
1.276949152542373,0.1016949152542373,1.1362400510565824,mixed
1.276949152542373,0.1271186440677966,1.1725444642290148,mixed
1.276949152542373,0.15254237288135594,1.2094983767310623,mixed
1.276949152542373,0.17796610169491528,1.2470036200041357,mixed
1.276949152542373,0.2033898305084746,1.284976074525917,mixed
1.276949152542373,0.2288135593220339,1.323344269992262,mixed
1.276949152542373,0.2542372881355932,1.362047832964896,mixed
1.276949152542373,0.2796610169491526,1.4010359503763665,mixed
1.276949152542373,0.3050847457627119,1.440265942618755,mixed
1.276949152542373,0.3305084745762712,1.479701990013922,mixed
1.276949152542373,0.35593220338983056,1.5193140255103803,mixed
1.276949152542373,0.38135593220338987,1.5590767887666575,mixed
1.276949152542373,0.4067796610169492,1.5989690277565343,mixed
1.276949152542373,0.4322033898305085,1.63897283033362,mixed
1.276949152542373,0.4576271186440678,1.6790730675708814,mixed
1.276949152542373,0.48305084745762716,1.7192569317065334,mixed
1.276949152542373,0.5084745762711864,1.759513553303479,mixed
1.276949152542373,0.5338983050847458,1.7998336842556342,mixed
1.276949152542373,0.5593220338983051,1.8402094352732035,mixed
1.276949152542373,0.5847457627118644,1.8806340583126206,mixed
1.276949152542373,0.6101694915254238,1.9211017660294307,mixed
1.276949152542373,0.6355932203389831,1.9616075817132352,mixed
1.276949152542373,0.6610169491525424,2.0021472143257912,mixed
1.276949152542373,0.6864406779661018,2.042716954229481,mixed
1.276949152542373,0.7118644067796611,2.0833135859904175,mixed
1.276949152542373,0.7372881355932204,2.123934315294441,mixed
1.276949152542373,0.7627118644067797,2.1645767075491733,mixed
1.276949152542373,0.788135593220339,2.205238636181776,mixed
1.276949152542373,0.8135593220338984,2.2459182389980903,mixed
1.276949152542373,0.8389830508474577,2.2866138812590227,mixed
1.276949152542373,0.864406779661017,2.3273241243667977,mixed
1.276949152542373,0.8898305084745763,2.3680476992469686,mixed
1.276949152542373,0.9152542372881356,2.4087834836700655,mixed
1.276949152542373,0.940677966101695,2.449530482886136,mixed
1.276949152542373,0.9661016949152543,2.4902878130515083,mixed
1.276949152542373,0.9915254237288136,2.5310546870142465,mixed
1.276949152542373,1.0169491525423728,2.571830402096619,mixed
1.276949152542373,1.0423728813559323,2.6126143295719904,mixed
1.276949152542373,1.0677966101694916,2.6534059055826136,mixed
1.276949152542373,1.0932203389830508,2.6942046232852777,mixed
1.276949152542373,1.1186440677966103,2.735010026045505,mixed
1.276949152542373,1.1440677966101696,2.7758217015289626,mixed
1.276949152542373,1.1694915254237288,2.816639276562179,mixed
1.276949152542373,1.1949152542372883,2.857462412654165,mixed
1.276949152542373,1.2203389830508475,2.898290802086903,mixed
1.276949152542373,1.2457627118644068,2.9391241644964183,mixed
1.276949152542373,1.2711864406779663,2.9799622438776963,mixed
1.276949152542373,1.2966101694915255,3.0208048059564057,mixed
1.276949152542373,1.3220338983050848,3.0616516358787162,mixed
1.276949152542373,1.3474576271186443,3.1025025361773273,mixed
1.276949152542373,1.3728813559322035,3.143357324977819,mixed
1.276949152542373,1.3983050847457628,3.184215834414434,mixed
1.276949152542373,1.4237288135593222,3.2250779092286446,mixed
1.276949152542373,1.4491525423728815,3.265943405527477,mixed
1.276949152542373,1.4745762711864407,3.3068121896817932,mixed
1.276949152542373,1.5,3.347684137347195,mixed
1.327627118644068,0.0,1.0,mixed
1.327627118644068,0.025423728813559324,1.0340942336662595,mixed
1.327627118644068,0.05084745762711865,1.0693973932725866,mixed
1.327627118644068,0.07627118644067797,1.1057364672601215,mixed
1.327627118644068,0.1016949152542373,1.1429546450212291,mixed
1.327627118644068,0.1271186440677966,1.1809137591271426,mixed
1.327627118644068,0.15254237288135594,1.2194945651316136,mixed
1.327627118644068,0.17796610169491528,1.258595675082351,mixed
1.327627118644068,0.2033898305084746,1.2981317825565553,mixed
1.327627118644068,0.2288135593220339,1.3380316180832366,mixed
1.327627118644068,0.2542372881355932,1.3782359056468634,mixed
1.327627118644068,0.2796610169491526,1.4186954682231423,mixed
1.327627118644068,0.3050847457627119,1.459369549358154,mixed
1.327627118644068,0.3305084745762712,1.5002243688451729,mixed
1.327627118644068,0.35593220338983056,1.5412319035599484,mixed
1.327627118644068,0.38135593220338987,1.58236887147377,mixed
1.327627118644068,0.4067796610169492,1.6236158921041783,mixed
1.327627118644068,0.4322033898305085,1.664956796473732,mixed
1.327627118644068,0.4576271186440678,1.7063780617377053,mixed
1.327627118644068,0.48305084745762716,1.7478683486728879,mixed
1.327627118644068,0.5084745762711864,1.7894181234532545,mixed
1.327627118644068,0.5338983050847458,1.831019348198877,mixed
1.327627118644068,0.5593220338983051,1.8726652275060398,mixed
1.327627118644068,0.5847457627118644,1.9143500004993272,mixed
1.327627118644068,0.6101694915254238,1.9560687698997772,mixed
1.327627118644068,0.6355932203389831,1.9978173612141532,mixed
1.327627118644068,0.6610169491525424,2.039592206465692,mixed
1.327627118644068,0.6864406779661018,2.081390247953681,mixed
1.327627118644068,0.7118644067796611,2.1232088583909303,mixed
1.327627118644068,0.7372881355932204,2.165045774462962,mixed
1.327627118644068,0.7627118644067797,2.20689904141167,mixed
1.327627118644068,0.788135593220339,2.248766966696447,mixed
1.327627118644068,0.8135593220338984,2.290648081147952,mixed
1.327627118644068,0.8389830508474577,2.332541106322112,mixed
1.327627118644068,0.864406779661017,2.3744449269976156,mixed
1.327627118644068,0.8898305084745763,2.416358567951104,mixed
1.327627118644068,0.9152542372881356,2.4582811742987625,mixed
1.327627118644068,0.940677966101695,2.500211994818649,mixed
1.327627118644068,0.9661016949152543,2.542150367770254,mixed
1.327627118644068,0.9915254237288136,2.5840957088111978,mixed
1.327627118644068,1.0169491525423728,2.6260475006791553,mixed
1.327627118644068,1.0423728813559323,2.668005284362976,mixed
1.327627118644068,1.0677966101694916,2.709968651532966,mixed
1.327627118644068,1.0932203389830508,2.751937238038086,mixed
1.327627118644068,1.1186440677966103,2.793910718309094,mixed
1.327627118644068,1.1440677966101696,2.835888800532527,mixed
1.327627118644068,1.1694915254237288,2.877871222481872,mixed
1.327627118644068,1.1949152542372883,2.919857747910114,mixed
1.327627118644068,1.2203389830508475,2.9618481634227476,mixed
1.327627118644068,1.2457627118644068,3.003842275762725,mixed
1.327627118644068,1.2711864406779663,3.045839909449231,mixed
1.327627118644068,1.2966101694915255,3.087840904720929,mixed
1.327627118644068,1.3220338983050848,3.1298451157416127,mixed
1.327627118644068,1.3474576271186443,3.1718524090323927,mixed
1.327627118644068,1.3728813559322035,3.2138626620997783,mixed
1.327627118644068,1.3983050847457628,3.255875762233424,mixed
1.327627118644068,1.4237288135593222,3.297891605451013,mixed
1.327627118644068,1.4491525423728815,3.3399100955709717,mixed
1.327627118644068,1.4745762711864407,3.3819311433963954,mixed
1.327627118644068,1.5,3.423954665995836,mixed
1.378305084745763,0.0,1.0,mixed
1.378305084745763,0.025423728813559324,1.0357534881374282,mixed
1.378305084745763,0.05084745762711865,1.0727274567659915,mixed
1.378305084745763,0.07627118644067797,1.1107297503690547,mixed
1.378305084745763,0.1016949152542373,1.1495904007439903,mixed
1.378305084745763,0.1271186440677966,1.1891630123571715,mixed
1.378305084745763,0.15254237288135594,1.2293238702288392,mixed
1.378305084745763,0.17796610169491528,1.269969806601057,mixed
1.378305084745763,0.2033898305084746,1.3110155553885994,mixed
1.378305084745763,0.2288135593220339,1.352391046306986,mixed
1.378305084745763,0.2542372881355932,1.3940388846543867,mixed
1.378305084745763,0.2796610169491526,1.4359121274085878,mixed
1.378305084745763,0.3050847457627119,1.4779723857715474,mixed
1.378305084745763,0.3305084745762712,1.520188241059188,mixed
1.378305084745763,0.35593220338983056,1.5625339407911973,mixed
1.378305084745763,0.38135593220338987,1.6049883351450975,mixed
1.378305084745763,0.4067796610169492,1.6475340143197919,mixed
1.378305084745763,0.4322033898305085,1.690156611055883,mixed
1.378305084745763,0.4576271186440678,1.7328442374760773,mixed
1.378305084745763,0.48305084745762716,1.7755870304350219,mixed
1.378305084745763,0.5084745762711864,1.8183767841813707,mixed
1.378305084745763,0.5338983050847458,1.8612066531352833,mixed
1.378305084745763,0.5593220338983051,1.9040709109377347,mixed
1.378305084745763,0.5847457627118644,1.9469647546800355,mixed
1.378305084745763,0.6101694915254238,1.9898841454498548,mixed
1.378305084745763,0.6355932203389831,2.0328256781180354,mixed
1.378305084745763,0.6610169491525424,2.075786474717659,mixed
1.378305084745763,0.6864406779661018,2.118764096902301,mixed
1.378305084745763,0.7118644067796611,2.1617564738725004,mixed
1.378305084745763,0.7372881355932204,2.2047618428759477,mixed
1.378305084745763,0.7627118644067797,2.247778699956099,mixed
1.378305084745763,0.788135593220339,2.2908057590768043,mixed
1.378305084745763,0.8135593220338984,2.333841918111349,mixed
1.378305084745763,0.8389830508474577,2.3768862304724854,mixed
1.378305084745763,0.864406779661017,2.419937881390398,mixed
1.378305084745763,0.8898305084745763,2.4629961680306325,mixed
1.378305084745763,0.9152542372881356,2.5060604827925257,mixed
1.378305084745763,0.940677966101695,2.5491302992487004,mixed
1.378305084745763,0.9661016949152543,2.5922051602829694,mixed
1.378305084745763,0.9915254237288136,2.6352846680626336,mixed
1.378305084745763,1.0169491525423728,2.6783684755449064,mixed
1.378305084745763,1.0423728813559323,2.7214562792692885,mixed
1.378305084745763,1.0677966101694916,2.764547813230148,mixed
1.378305084745763,1.0932203389830508,2.8076428436586434,mixed
1.378305084745763,1.1186440677966103,2.8507411645716343,mixed
1.378305084745763,1.1440677966101696,2.8938425939688237,mixed
1.378305084745763,1.1694915254237288,2.936946970578798,mixed
1.378305084745763,1.1949152542372883,2.980054151070645,mixed
1.378305084745763,1.2203389830508475,3.023164007661228,mixed
1.378305084745763,1.2457627118644068,3.066276426059235,mixed
1.378305084745763,1.2711864406779663,3.1093913036963223,mixed
1.378305084745763,1.2966101694915255,3.152508548203449,mixed
1.378305084745763,1.3220338983050848,3.195628076096827,mixed
1.378305084745763,1.3474576271186443,3.2387498116434568,mixed
1.378305084745763,1.3728813559322035,3.2818736858805937,mixed
1.378305084745763,1.3983050847457628,3.324999635767461,mixed
1.378305084745763,1.4237288135593222,3.3681276034506022,mixed
1.378305084745763,1.4491525423728815,3.4112575356271133,mixed
1.378305084745763,1.4745762711864407,3.4543893829921735,mixed
1.378305084745763,1.5,3.4975230997593543,mixed
1.4289830508474577,0.0,1.0,mixed
1.4289830508474577,0.025423728813559324,1.037403688931282,mixed
1.4289830508474577,0.05084745762711865,1.0760286117629991,mixed
1.4289830508474577,0.07627118644067797,1.1156645113233477,mixed
1.4289830508474577,0.1016949152542373,1.1561298494947625,mixed
1.4289830508474577,0.1271186440677966,1.1972717371436146,mixed
1.4289830508474577,0.15254237288135594,1.23896362258694,mixed
1.4289830508474577,0.17796610169491528,1.281101969040173,mixed
1.4289830508474577,0.2033898305084746,1.3236027002388981,mixed
1.4289830508474577,0.2288135593220339,1.36639784291487,mixed
1.4289830508474577,0.2542372881355932,1.4094325618974586,mixed
1.4289830508474577,0.2796610169491526,1.4526626457791991,mixed
1.4289830508474577,0.3050847457627119,1.4960524282401395,mixed
1.4289830508474577,0.3305084745762712,1.5395730971663188,mixed
1.4289830508474577,0.35593220338983056,1.583201333154745,mixed
1.4289830508474577,0.38135593220338987,1.6269182199276395,mixed
1.4289830508474577,0.4067796610169492,1.670708375231083,mixed
1.4289830508474577,0.4322033898305085,1.7145592585272573,mixed
1.4289830508474577,0.4576271186440678,1.7584606194862629,mixed
1.4289830508474577,0.48305084745762716,1.8024040581863152,mixed
1.4289830508474577,0.5084745762711864,1.8463826737900868,mixed
1.4289830508474577,0.5338983050847458,1.8903907832800042,mixed
1.4289830508474577,0.5593220338983051,1.934423695713766,mixed
1.4289830508474577,0.5847457627118644,1.9784775305468112,mixed
1.4289830508474577,0.6101694915254238,2.022549071003633,mixed
1.4289830508474577,0.6355932203389831,2.0666356453933354,mixed
1.4289830508474577,0.6610169491525424,2.1107350307647286,mixed
1.4289830508474577,0.6864406779661018,2.154845374470978,mixed
1.4289830508474577,0.7118644067796611,2.1989651301343076,mixed
1.4289830508474577,0.7372881355932204,2.2430930052232783,mixed
1.4289830508474577,0.7627118644067797,2.2872279180224946,mixed
1.4289830508474577,0.788135593220339,2.3313689622213216,mixed
1.4289830508474577,0.8135593220338984,2.3755153777009563,mixed
1.4289830508474577,0.8389830508474577,2.4196665263782724,mixed
1.4289830508474577,0.864406779661017,2.463821872186485,mixed
1.4289830508474577,0.8898305084745763,2.507980964449046,mixed
1.4289830508474577,0.9152542372881356,2.552143424044004,mixed
1.4289830508474577,0.940677966101695,2.5963089318688395,mixed
1.4289830508474577,0.9661016949152543,2.6404772192063417,mixed
1.4289830508474577,0.9915254237288136,2.6846480596650117,mixed
1.4289830508474577,1.0169491525423728,2.7288212624264707,mixed
1.4289830508474577,1.0423728813559323,2.772996666579971,mixed
1.4289830508474577,1.0677966101694916,2.817174136363018,mixed
1.4289830508474577,1.0932203389830508,2.861353557158532,mixed
1.4289830508474577,1.1186440677966103,2.905534832124936,mixed
1.4289830508474577,1.1440677966101696,2.9497178793565206,mixed
1.4289830508474577,1.1694915254237288,2.9939026294888826,mixed
1.4289830508474577,1.1949152542372883,3.0380890236784124,mixed
1.4289830508474577,1.2203389830508475,3.0822770118966227,mixed
1.4289830508474577,1.2457627118644068,3.126466551489795,mixed
1.4289830508474577,1.2711864406779663,3.170657605962465,mixed
1.4289830508474577,1.2966101694915255,3.214850143950016,mixed
1.4289830508474577,1.3220338983050848,3.2590441383511077,mixed
1.4289830508474577,1.3474576271186443,3.3032395655953897,mixed
1.4289830508474577,1.3728813559322035,3.347436405025763,mixed
1.4289830508474577,1.3983050847457628,3.3916346383777314,mixed
1.4289830508474577,1.4237288135593222,3.435834249341047,mixed
1.4289830508474577,1.4491525423728815,3.48003522319116,mixed
1.4289830508474577,1.4745762711864407,3.524237546479915,mixed
1.4289830508474577,1.5,3.5684412067765114,mixed
1.4796610169491526,0.0,1.0,mixed
1.4796610169491526,0.025423728813559324,1.039040584994371,mixed
1.4796610169491526,0.05084745762711865,1.0792923945502428,mixed
1.4796610169491526,0.07627118644067797,1.1205285204679103,mixed
1.4796610169491526,0.1016949152542373,1.1625576976205674,mixed
1.4796610169491526,0.1271186440677966,1.2052223879748802,mixed
1.4796610169491526,0.15254237288135594,1.2483948387872779,mixed
1.4796610169491526,0.17796610169491528,1.2919724895102145,mixed
1.4796610169491526,0.2033898305084746,1.3358735040489744,mixed
1.4796610169491526,0.2288135593220339,1.3800327945034283,mixed
1.4796610169491526,0.2542372881355932,1.4243986576303176,mixed
1.4796610169491526,0.2796610169491526,1.4689300162911634,mixed
1.4796610169491526,0.3050847457627119,1.513594200178616,mixed
1.4796610169491526,0.3305084745762712,1.5583651814209898,mixed
1.4796610169491526,0.35593220338983056,1.6032221815754257,mixed
1.4796610169491526,0.38135593220338987,1.6481485758685004,mixed
1.4796610169491526,0.4067796610169492,1.6931310324693158,mixed
1.4796610169491526,0.4322033898305085,1.7381588362767622,mixed
1.4796610169491526,0.4576271186440678,1.7832233570103087,mixed
1.4796610169491526,0.48305084745762716,1.8283176299849713,mixed
1.4796610169491526,0.5084745762711864,1.8734360248848743,mixed
1.4796610169491526,0.5338983050847458,1.9185739833376991,mixed
1.4796610169491526,0.5593220338983051,1.96372781038412,mixed
1.4796610169491526,0.5847457627118644,2.008894508269237,mixed
1.4796610169491526,0.6101694915254238,2.05407164356102,mixed
1.4796610169491526,0.6355932203389831,2.0992572405917334,mixed
1.4796610169491526,0.6610169491525424,2.14444969575554,mixed
1.4796610169491526,0.6864406779661018,2.189647708383663,mixed
1.4796610169491526,0.7118644067796611,2.234850224838338,mixed
1.4796610169491526,0.7372881355932204,2.280056393180649,mixed
1.4796610169491526,0.7627118644067797,2.3252655263227537,mixed
1.4796610169491526,0.788135593220339,2.370477072008368,mixed
1.4796610169491526,0.8135593220338984,2.4156905883046886,mixed
1.4796610169491526,0.8389830508474577,2.4609057235552676,mixed
1.4796610169491526,0.864406779661017,2.506122199953258,mixed
1.4796610169491526,0.8898305084745763,2.5513398000603185,mixed
1.4796610169491526,0.9152542372881356,2.5965583557279692,mixed
1.4796610169491526,0.940677966101695,2.6417777389828365,mixed
1.4796610169491526,0.9661016949152543,2.68699785452071,mixed
1.4796610169491526,0.9915254237288136,2.7322186335211254,mixed
1.4796610169491526,1.0169491525423728,2.7774400285479053,mixed
1.4796610169491526,1.0423728813559323,2.8226620093442025,mixed
1.4796610169491526,1.0677966101694916,2.8678845593655495,mixed
1.4796610169491526,1.0932203389830508,2.913107672922565,mixed
1.4796610169491526,1.1186440677966103,2.958331352828004,mixed
1.4796610169491526,1.1440677966101696,3.0035556084613817,mixed
1.4796610169491526,1.1694915254237288,3.04878045417969,mixed
1.4796610169491526,1.1949152542372883,3.094005908015152,mixed
1.4796610169491526,1.2203389830508475,3.1392319906111625,mixed
1.4796610169491526,1.2457627118644068,3.1844587243559155,mixed
1.4796610169491526,1.2711864406779663,3.229686132680161,mixed
1.4796610169491526,1.2966101694915255,3.2749142394911717,mixed
1.4796610169491526,1.3220338983050848,3.320143068719727,mixed
1.4796610169491526,1.3474576271186443,3.36537264396078,mixed
1.4796610169491526,1.3728813559322035,3.4106029881917217,mixed
1.4796610169491526,1.3983050847457628,3.4558341235548458,mixed
1.4796610169491526,1.4237288135593222,3.5010660711927777,mixed
1.4796610169491526,1.4491525423728815,3.546298851127534,mixed
1.4796610169491526,1.4745762711864407,3.591532482175415,mixed
1.4796610169491526,1.5,3.6367669818912427,mixed
1.5303389830508476,0.0,1.0,mixed
1.5303389830508476,0.025423728813559324,1.0406602597790597,mixed
1.5303389830508476,0.05084745762711865,1.082511176165732,mixed
1.5303389830508476,0.07627118644067797,1.1253110034761489,mixed
1.5303389830508476,0.1016949152542373,1.1688607860654785,mixed
1.5303389830508476,0.1271186440677966,1.2130002341374628,mixed
1.5303389830508476,0.15254237288135594,1.2576019878532199,mixed
1.5303389830508476,0.17796610169491528,1.3025657156822412,mixed
1.5303389830508476,0.2033898305084746,1.3478127601883731,mixed
1.5303389830508476,0.2288135593220339,1.3932815953721902,mixed
1.5303389830508476,0.2542372881355932,1.4389241207749657,mixed
1.5303389830508476,0.2796610169491526,1.4847027091467346,mixed
1.5303389830508476,0.3050847457627119,1.5305878879143737,mixed
1.5303389830508476,0.3305084745762712,1.576556533441683,mixed
1.5303389830508476,0.35593220338983056,1.6225904707307621,mixed
1.5303389830508476,0.38135593220338987,1.6686753893191126,mixed
1.5303389830508476,0.4067796610169492,1.7148000038413707,mixed
1.5303389830508476,0.4322033898305085,1.7609554031467558,mixed
1.5303389830508476,0.4576271186440678,1.8071345445200795,mixed
1.5303389830508476,0.48305084745762716,1.8533318596004267,mixed
1.5303389830508476,0.5084745762711864,1.899542946409585,mixed
1.5303389830508476,0.5338983050847458,1.9457643279154906,mixed
1.5303389830508476,0.5593220338983051,1.991993262150184,mixed
1.5303389830508476,0.5847457627118644,2.038227592400243,mixed
1.5303389830508476,0.6101694915254238,2.084465628648814,mixed
1.5303389830508476,0.6355932203389831,2.1307060534735514,mixed
1.5303389830508476,0.6610169491525424,2.17694784714841,mixed
1.5303389830508476,0.6864406779661018,2.223190227876423,mixed
1.5303389830508476,0.7118644067796611,2.269432603983947,mixed
1.5303389830508476,0.7372881355932204,2.315674535601251,mixed
1.5303389830508476,0.7627118644067797,2.3619157038894665,mixed
1.5303389830508476,0.788135593220339,2.4081558862883248,mixed
1.5303389830508476,0.8135593220338984,2.454394936580709,mixed
1.5303389830508476,0.8389830508474577,2.5006327688207497,mixed
1.5303389830508476,0.864406779661017,2.5468693443683335,mixed
1.5303389830508476,0.8898305084745763,2.5931046614267066,mixed
1.5303389830508476,0.9152542372881356,2.6393387466011444,mixed
1.5303389830508476,0.940677966101695,2.685571648092322,mixed
1.5303389830508476,0.9661016949152543,2.731803430214077,mixed
1.5303389830508476,0.9915254237288136,2.778034168985498,mixed
1.5303389830508476,1.0169491525423728,2.8242639485955454,mixed
1.5303389830508476,1.0423728813559323,2.8704928585768337,mixed
1.5303389830508476,1.0677966101694916,2.9167209915561965,mixed
1.5303389830508476,1.0932203389830508,2.9629484414744667,mixed
1.5303389830508476,1.1186440677966103,3.009175302187919,mixed
1.5303389830508476,1.1440677966101696,3.05540166638009,mixed
1.5303389830508476,1.1694915254237288,3.1016276247257495,mixed
1.5303389830508476,1.1949152542372883,3.1478532652595104,mixed
1.5303389830508476,1.2203389830508475,3.194078672910105,mixed
1.5303389830508476,1.2457627118644068,3.2403039291686677,mixed
1.5303389830508476,1.2711864406779663,3.2865291118647764,mixed
1.5303389830508476,1.2966101694915255,3.332754295029074,mixed
1.5303389830508476,1.3220338983050848,3.3789795488248977,mixed
1.5303389830508476,1.3474576271186443,3.425204939534631,mixed
1.5303389830508476,1.3728813559322035,3.4714305295890795,mixed
1.5303389830508476,1.3983050847457628,3.517656377630245,mixed
1.5303389830508476,1.4237288135593222,3.5638825385997337,mixed
1.5303389830508476,1.4491525423728815,3.610109063846374,mixed
1.5303389830508476,1.4745762711864407,3.656336001247875,mixed
1.5303389830508476,1.5,3.7025633953423367,mixed
1.5810169491525425,0.0,1.0000000000000002,mixed
1.5810169491525425,0.025423728813559324,1.0422591493173612,mixed
1.5810169491525425,0.05084745762711865,1.085678176715463,mixed
1.5810169491525425,0.07627118644067797,1.1300026218409744,mixed
1.5810169491525425,0.1016949152542373,1.1750280073170558,mixed
1.5810169491525425,0.1271186440677966,1.2205931899421065,mixed
1.5810169491525425,0.15254237288135594,1.266572720677974,mixed
1.5810169491525425,0.17796610169491528,1.3128696391562773,mixed
1.5810169491525425,0.2033898305084746,1.3594092875475678,mixed
1.5810169491525425,0.2288135593220339,1.4061342689784366,mixed
1.5810169491525425,0.2542372881355932,1.4530004622294088,mixed
1.5810169491525425,0.2796610169491526,1.4999739277402422,mixed
1.5810169491525425,0.3050847457627119,1.5470285302539442,mixed
1.5810169491525425,0.3305084745762712,1.5941441218835488,mixed
1.5810169491525425,0.35593220338983056,1.641305156425515,mixed
1.5810169491525425,0.38135593220338987,1.6884996325349726,mixed
1.5810169491525425,0.4067796610169492,1.7357182865603453,mixed
1.5810169491525425,0.4322033898305085,1.7829539746203897,mixed
1.5810169491525425,0.4576271186440678,1.8302011981909998,mixed
1.5810169491525425,0.48305084745762716,1.8774557387115751,mixed
1.5810169491525425,0.5084745762711864,1.92471437522606,mixed
1.5810169491525425,0.5338983050847458,1.9719746654668657,mixed
1.5810169491525425,0.5593220338983051,2.0192347755810816,mixed
1.5810169491525425,0.5847457627118644,2.066493347287137,mixed
1.5810169491525425,0.6101694915254238,2.1137493939407634,mixed
1.5810169491525425,0.6355932203389831,2.161002219010792,mixed
1.5810169491525425,0.6610169491525424,2.20825135198854,mixed
1.5810169491525425,0.6864406779661018,2.2554964979061576,mixed
1.5810169491525425,0.7118644067796611,2.302737497512946,mixed
1.5810169491525425,0.7372881355932204,2.349974295824172,mixed
1.5810169491525425,0.7627118644067797,2.397206917265628,mixed
1.5810169491525425,0.788135593220339,2.444435446027857,mixed
1.5810169491525425,0.8135593220338984,2.4916600105448,mixed
1.5810169491525425,0.8389830508474577,2.538880771244585,mixed
1.5810169491525425,0.864406779661017,2.5860979109008775,mixed
1.5810169491525425,0.8898305084745763,2.6333116270541295,mixed
1.5810169491525425,0.9152542372881356,2.680522126082271,mixed
1.5810169491525425,0.940677966101695,2.727729618586804,mixed
1.5810169491525425,0.9661016949152543,2.77493431582837,mixed
1.5810169491525425,0.9915254237288136,2.822136426999579,mixed
1.5810169491525425,1.0169491525423728,2.8693361571654403,mixed
1.5810169491525425,1.0423728813559323,2.9165337057356333,mixed
1.5810169491525425,1.0677966101694916,2.963729265359589,mixed
1.5810169491525425,1.0932203389830508,3.010923021157071,mixed
1.5810169491525425,1.1186440677966103,3.0581151502138715,mixed
1.5810169491525425,1.1440677966101696,3.105305821286269,mixed
1.5810169491525425,1.1694915254237288,3.152495194668732,mixed
1.5810169491525425,1.1949152542372883,3.199683422188413,mixed
1.5810169491525425,1.2203389830508475,3.246870647297065,mixed
1.5810169491525425,1.2457627118644068,3.2940570052368043,mixed
1.5810169491525425,1.2711864406779663,3.341242623260892,mixed
1.5810169491525425,1.2966101694915255,3.388427620894348,mixed
1.5810169491525425,1.3220338983050848,3.435612110222414,mixed
1.5810169491525425,1.3474576271186443,3.4827961961972402,mixed
1.5810169491525425,1.3728813559322035,3.5299799769552664,mixed
1.5810169491525425,1.3983050847457628,3.577163544139279,mixed
1.5810169491525425,1.4237288135593222,3.6243469832205766,mixed
1.5810169491525425,1.4491525423728815,3.6715303738175975,mixed
1.5810169491525425,1.4745762711864407,3.7187137900083296,mixed
1.5810169491525425,1.5,3.765897300634392,mixed
1.6316949152542375,0.0,1.0,mixed
1.6316949152542375,0.025423728813559324,1.0438340511409174,mixed
1.6316949152542375,0.05084745762711865,1.0887874602005834,mixed
1.6316949152542375,0.07627118644067797,1.1345954257146764,mixed
1.6316949152542375,0.1016949152542373,1.1810501914779716,mixed
1.6316949152542375,0.1271186440677966,1.227991616978673,mixed
1.6316949152542375,0.15254237288135594,1.2752975801854276,mixed
1.6316949152542375,0.17796610169491528,1.322875512801433,mixed
1.6316949152542375,0.2033898305084746,1.370655459774129,mixed
1.6316949152542375,0.2288135593220339,1.418584617119947,mixed
1.6316949152542375,0.2542372881355932,1.4666231336709954,mixed
1.6316949152542375,0.2796610169491526,1.5147409271629915,mixed
1.6316949152542375,0.3050847457627119,1.5629152864007991,mixed
1.6316949152542375,0.3305084745762712,1.6111290706709416,mixed
1.6316949152542375,0.35593220338983056,1.6593693580257916,mixed
1.6316949152542375,0.38135593220338987,1.7076264291288203,mixed
1.6316949152542375,0.4067796610169492,1.7558930015012466,mixed
1.6316949152542375,0.4322033898305085,1.8041636507130798,mixed
1.6316949152542375,0.4576271186440678,1.8524343714175635,mixed
1.6316949152542375,0.48305084745762716,1.9007022432999534,mixed
1.6316949152542375,0.5084745762711864,1.9489651760103228,mixed
1.6316949152542375,0.5338983050847458,1.997221713785182,mixed
1.6316949152542375,0.5593220338983051,2.045470885354062,mixed
1.6316949152542375,0.5847457627118644,2.0937120883386746,mixed
1.6316949152542375,0.6101694915254238,2.141945000025569,mixed
1.6316949152542375,0.6355932203389831,2.190169508378958,mixed
1.6316949152542375,0.6610169491525424,2.2383856586408486,mixed
1.6316949152542375,0.6864406779661018,2.286593611974099,mixed
1.6316949152542375,0.7118644067796611,2.3347936134373692,mixed
1.6316949152542375,0.7372881355932204,2.3829859672103058,mixed
1.6316949152542375,0.7627118644067797,2.4311710174645023,mixed
1.6316949152542375,0.788135593220339,2.479349133639296,mixed
1.6316949152542375,0.8135593220338984,2.5275206991593437,mixed
1.6316949152542375,0.8389830508474577,2.575686102844375,mixed
1.6316949152542375,0.864406779661017,2.623845732425942,mixed
1.6316949152542375,0.8898305084745763,2.671999969713203,mixed
1.6316949152542375,0.9152542372881356,2.720149187048551,mixed
1.6316949152542375,0.940677966101695,2.7682937447707348,mixed
1.6316949152542375,0.9661016949152543,2.816433989463263,mixed
1.6316949152542375,0.9915254237288136,2.8645702528128485,mixed
1.6316949152542375,1.0169491525423728,2.912702850939666,mixed
1.6316949152542375,1.0423728813559323,2.960832084090303,mixed
1.6316949152542375,1.0677966101694916,3.0089582366071665,mixed
1.6316949152542375,1.0932203389830508,3.057081577106399,mixed
1.6316949152542375,1.1186440677966103,3.105202358810565,mixed
1.6316949152542375,1.1440677966101696,3.153320819993953,mixed
1.6316949152542375,1.1694915254237288,3.201437184507245,mixed
1.6316949152542375,1.1949152542372883,3.249551662355603,mixed
1.6316949152542375,1.2203389830508475,3.2976644503099086,mixed
1.6316949152542375,1.2457627118644068,3.345775732535424,mixed
1.6316949152542375,1.2711864406779663,3.393885681225841,mixed
1.6316949152542375,1.2966101694915255,3.4419944572334567,mixed
1.6316949152542375,1.3220338983050848,3.4901022106886095,mixed
1.6316949152542375,1.3474576271186443,3.5382090816032297,mixed
1.6316949152542375,1.3728813559322035,3.5863152004548744,mixed
1.6316949152542375,1.3983050847457628,3.6344206887486625,mixed
1.6316949152542375,1.4237288135593222,3.682525659555486,mixed
1.6316949152542375,1.4491525423728815,3.7306302180255253,mixed
1.6316949152542375,1.4745762711864407,3.778734461876674,mixed
1.6316949152542375,1.5,3.826838481857794,mixed
1.6823728813559324,0.0,1.0,mixed
1.6823728813559324,0.025423728813559324,1.0453821253602793,mixed
1.6823728813559324,0.05084745762711865,1.0918339135763906,mixed
1.6823728813559324,0.07627118644067797,1.1390827859908432,mixed
1.6823728813559324,0.1016949152542373,1.186919971523807,mixed
1.6823728813559324,0.1271186440677966,1.2351881108564275,mixed
1.6823728813559324,0.15254237288135594,1.283769705831804,mixed
1.6823728813559324,0.17796610169491528,1.332577475462042,mixed
1.6823728813559324,0.2033898305084746,1.381546756613109,mixed
1.6823728813559324,0.2288135593220339,1.4306297064366575,mixed
1.6823728813559324,0.2542372881355932,1.4797909584578288,mixed
1.6823728813559324,0.2796610169491526,1.5290043985555806,mixed
1.6823728813559324,0.3050847457627119,1.578250782106938,mixed
1.6823728813559324,0.3305084745762712,1.6275159743470546,mixed
1.6823728813559324,0.35593220338983056,1.6767896493814987,mixed
1.6823728813559324,0.38135593220338987,1.7260643259438688,mixed
1.6823728813559324,0.4067796610169492,1.7753346504875829,mixed
1.6823728813559324,0.4322033898305085,1.824596862324459,mixed
1.6823728813559324,0.4576271186440678,1.8738483931825427,mixed
1.6823728813559324,0.48305084745762716,1.923087566393879,mixed
1.6823728813559324,0.5084745762711864,1.9723133702312563,mixed
1.6823728813559324,0.5338983050847458,2.0215252866631,mixed
1.6823728813559324,0.5593220338983051,2.0707231617003843,mixed
1.6823728813559324,0.5847457627118644,2.119907107084311,mixed
1.6823728813559324,0.6101694915254238,2.169077425679351,mixed
1.6823728813559324,0.6355932203389831,2.2182345548586655,mixed
1.6823728813559324,0.6610169491525424,2.2673790235883042,mixed
1.6823728813559324,0.6864406779661018,2.316511419969322,mixed
1.6823728813559324,0.7118644067796611,2.365632366781723,mixed
1.6823728813559324,0.7372881355932204,2.414742503161613,mixed
1.6823728813559324,0.7627118644067797,2.463842470984946,mixed
1.6823728813559324,0.788135593220339,2.5129329048650333,mixed
1.6823728813559324,0.8135593220338984,2.5620144249243344,mixed
1.6823728813559324,0.8389830508474577,2.611087631693917,mixed
1.6823728813559324,0.864406779661017,2.6601531026414573,mixed
1.6823728813559324,0.8898305084745763,2.709211389941825,mixed
1.6823728813559324,0.9152542372881356,2.75826301919134,mixed
1.6823728813559324,0.940677966101695,2.80730848883406,mixed
1.6823728813559324,0.9661016949152543,2.856348270120447,mixed
1.6823728813559324,0.9915254237288136,2.9053828074592163,mixed
1.6823728813559324,1.0169491525423728,2.954412519054475,mixed
1.6823728813559324,1.0423728813559323,3.003437797744821,mixed
1.6823728813559324,1.0677966101694916,3.052459011980053,mixed
1.6823728813559324,1.0932203389830508,3.1014765068861583,mixed
1.6823728813559324,1.1186440677966103,3.150490605380774,mixed
1.6823728813559324,1.1440677966101696,3.199501609310509,mixed
1.6823728813559324,1.1694915254237288,3.248509800588632,mixed
1.6823728813559324,1.1949152542372883,3.2975154423170996,mixed
1.6823728813559324,1.2203389830508475,3.346518779881338,mixed
1.6823728813559324,1.2457627118644068,3.395520042009513,mixed
1.6823728813559324,1.2711864406779663,3.444519441790628,mixed
1.6823728813559324,1.2966101694915255,3.493517177647841,mixed
1.6823728813559324,1.3220338983050848,3.5425134342649356,mixed
1.6823728813559324,1.3474576271186443,3.591508383465033,mixed
1.6823728813559324,1.3728813559322035,3.6405021850415715,mixed
1.6823728813559324,1.3983050847457628,3.6894949875422376,mixed
1.6823728813559324,1.4237288135593222,3.7384869290069407,mixed
1.6823728813559324,1.4491525423728815,3.7874781376614073,mixed
1.6823728813559324,1.4745762711864407,3.836468732568096,mixed
1.6823728813559324,1.5,3.885458824236325,mixed
1.7330508474576274,0.0,1.0,mixed
1.7330508474576274,0.025423728813559324,1.0469008892104656,mixed
1.7330508474576274,0.05084745762711865,1.0948132135248831,mixed
1.7330508474576274,0.07627118644067797,1.1434593116999272,mixed
1.7330508474576274,0.1016949152542373,1.1926316361094211,mixed
1.7330508474576274,0.1271186440677966,1.2421772822052388,mixed
1.7330508474576274,0.15254237288135594,1.2919845424980587,mixed
1.7330508474576274,0.17796610169491528,1.3419721932482025,mixed
1.7330508474576274,0.2033898305084746,1.3920813448446085,mixed
1.7330508474576274,0.2288135593220339,1.442269397383807,mixed
1.7330508474576274,0.2542372881355932,1.4925056170956392,mixed
1.7330508474576274,0.2796610169491526,1.5427679189684458,mixed
1.7330508474576274,0.3050847457627119,1.5930405309570004,mixed
1.7330508474576274,0.3305084745762712,1.6433122968333824,mixed
1.7330508474576274,0.35593220338983056,1.6935754401468017,mixed
1.7330508474576274,0.38135593220338987,1.7438246611304116,mixed
1.7330508474576274,0.4067796610169492,1.7940564745322072,mixed
1.7330508474576274,0.4322033898305085,1.844268722375104,mixed
1.7330508474576274,0.4576271186440678,1.8944602142508489,mixed
1.7330508474576274,0.48305084745762716,1.9446304610063114,mixed
1.7330508474576274,0.5084745762711864,1.9947794771289054,mixed
1.7330508474576274,0.5338983050847458,2.0449076338890113,mixed
1.7330508474576274,0.5593220338983051,2.0950155501389482,mixed
1.7330508474576274,0.5847457627118644,2.1451040111555435,mixed
1.7330508474576274,0.6101694915254238,2.195173908437852,mixed
1.7330508474576274,0.6355932203389831,2.245226195208269,mixed
1.7330508474576274,0.6610169491525424,2.2952618537084923,mixed
1.7330508474576274,0.6864406779661018,2.345281871369201,mixed
1.7330508474576274,0.7118644067796611,2.39528722366178,mixed
1.7330508474576274,0.7372881355932204,2.445278861981956,mixed
1.7330508474576274,0.7627118644067797,2.4952577053191316,mixed
1.7330508474576274,0.788135593220339,2.545224634767646,mixed
1.7330508474576274,0.8135593220338984,2.5951804901638247,mixed
1.7330508474576274,0.8389830508474577,2.645126068304424,mixed
1.7330508474576274,0.864406779661017,2.6950621223321924,mixed
1.7330508474576274,0.8898305084745763,2.744989361973258,mixed
1.7330508474576274,0.9152542372881356,2.7949084543863463,mixed
1.7330508474576274,0.940677966101695,2.844820025441493,mixed
1.7330508474576274,0.9661016949152543,2.8947246612899495,mixed
1.7330508474576274,0.9915254237288136,2.944622910120764,mixed
1.7330508474576274,1.0169491525423728,2.994515284025552,mixed
1.7330508474576274,1.0423728813559323,3.044402260912751,mixed
1.7330508474576274,1.0677966101694916,3.094284286428121,mixed
1.7330508474576274,1.0932203389830508,3.1441617758498386,mixed
1.7330508474576274,1.1186440677966103,3.194035115935695,mixed
1.7330508474576274,1.1440677966101696,3.243904666706611,mixed
1.7330508474576274,1.1694915254237288,3.293770763156148,mixed
1.7330508474576274,1.1949152542372883,3.343633716879449,mixed
1.7330508474576274,1.2203389830508475,3.39349381761825,mixed
1.7330508474576274,1.2457627118644068,3.4433513347206834,mixed
1.7330508474576274,1.2711864406779663,3.493206518516341,mixed
1.7330508474576274,1.2966101694915255,3.543059601608236,mixed
1.7330508474576274,1.3220338983050848,3.592910800084173,mixed
1.7330508474576274,1.3474576271186443,3.642760314650575,mixed
1.7330508474576274,1.3728813559322035,3.692608331692279,mixed
1.7330508474576274,1.3983050847457628,3.742455024261916,mixed
1.7330508474576274,1.4237288135593222,3.792300553002754,mixed
1.7330508474576274,1.4491525423728815,3.8421450670087256,mixed
1.7330508474576274,1.4745762711864407,3.891988704625462,mixed
1.7330508474576274,1.5,3.9418315941960063,mixed
1.7837288135593223,0.0,1.0,mixed
1.7837288135593223,0.025423728813559324,1.0483882063133798,mixed
1.7837288135593223,0.05084745762711865,1.0977217840878524,mixed
1.7837288135593223,0.07627118644067797,1.1477207578977051,mixed
1.7837288135593223,0.1016949152542373,1.1981809766556624,mixed
1.7837288135593223,0.1271186440677966,1.248955539342197,mixed
1.7837288135593223,0.15254237288135594,1.2999395608709814,mixed
1.7837288135593223,0.17796610169491528,1.3510585233471355,mixed
1.7837288135593223,0.2033898305084746,1.4022596929703282,mixed
1.7837288135593223,0.2288135593220339,1.4535059176695866,mixed
1.7837288135593223,0.2542372881355932,1.5047711869456173,mixed
1.7837288135593223,0.2796610169491526,1.5560374640933656,mixed
1.7837288135593223,0.3050847457627119,1.6072924259508832,mixed
1.7837288135593223,0.3305084745762712,1.6585278467517148,mixed
1.7837288135593223,0.35593220338983056,1.7097384388559203,mixed
1.7837288135593223,0.38135593220338987,1.760921018216588,mixed
1.7837288135593223,0.4067796610169492,1.8120739014815357,mixed
1.7837288135593223,0.4322033898305085,1.8631964690469467,mixed
1.7837288135593223,0.4576271186440678,1.9142888475698943,mixed
1.7837288135593223,0.48305084745762716,1.9653516788841183,mixed
1.7837288135593223,0.5084745762711864,2.0163859516981693,mixed
1.7837288135593223,0.5338983050847458,2.067392879106697,mixed
1.7837288135593223,0.5593220338983051,2.118373809658511,mixed
1.7837288135593223,0.5847457627118644,2.169330163082335,mixed
1.7837288135593223,0.6101694915254238,2.2202633841763535,mixed
1.7837288135593223,0.6355932203389831,2.271174910100379,mixed
1.7837288135593223,0.6610169491525424,2.322066147564914,mixed
1.7837288135593223,0.6864406779661018,2.3729384573256924,mixed
1.7837288135593223,0.7118644067796611,2.4237931440617713,mixed
1.7837288135593223,0.7372881355932204,2.4746314502077253,mixed
1.7837288135593223,0.7627118644067797,2.5254545526744456,mixed
1.7837288135593223,0.788135593220339,2.5762635616631573,mixed
1.7837288135593223,0.8135593220338984,2.6270595209784218,mixed
1.7837288135593223,0.8389830508474577,2.6778434093962784,mixed
1.7837288135593223,0.864406779661017,2.728616142756334,mixed
1.7837288135593223,0.8898305084745763,2.7793785765313745,mixed
1.7837288135593223,0.9152542372881356,2.8301315086917223,mixed
1.7837288135593223,0.940677966101695,2.880875682729704,mixed
1.7837288135593223,0.9661016949152543,2.9316117907458255,mixed
1.7837288135593223,0.9915254237288136,2.982340476525554,mixed
1.7837288135593223,1.0169491525423728,3.0330623385563293,mixed
1.7837288135593223,1.0423728813559323,3.0837779329498347,mixed
1.7837288135593223,1.0677966101694916,3.1344877762462575,mixed
1.7837288135593223,1.0932203389830508,3.185192348085971,mixed
1.7837288135593223,1.1186440677966103,3.2358920937404894,mixed
1.7837288135593223,1.1440677966101696,3.2865874264993153,mixed
1.7837288135593223,1.1694915254237288,3.3372787299127946,mixed
1.7837288135593223,1.1949152542372883,3.3879663598934937,mixed
1.7837288135593223,1.2203389830508475,3.4386506466803852,mixed
1.7837288135593223,1.2457627118644068,3.4893318966713136,mixed
1.7837288135593223,1.2711864406779663,3.540010394129889,mixed
1.7837288135593223,1.2966101694915255,3.590686402773445,mixed
1.7837288135593223,1.3220338983050848,3.641360167248837,mixed
1.7837288135593223,1.3474576271186443,3.692031914502912,mixed
1.7837288135593223,1.3728813559322035,3.7427018550543347,mixed
1.7837288135593223,1.3983050847457628,3.7933701841733325,mixed
1.7837288135593223,1.4237288135593222,3.8440370829755603,mixed
1.7837288135593223,1.4491525423728815,3.8947027194361166,mixed
1.7837288135593223,1.4745762711864407,3.9453672493293364,mixed
1.7837288135593223,1.5,3.9960308170997023,mixed
1.8344067796610173,0.0,0.9999999999999999,mixed
1.8344067796610173,0.025423728813559324,1.0498422718162026,mixed
1.8344067796610173,0.05084745762711865,1.100556747921169,mixed
1.8344067796610173,0.07627118644067797,1.1518639283358851,mixed
1.8344067796610173,0.1016949152542373,1.203565133963569,mixed
1.8344067796610173,0.1271186440677966,1.2555208779924465,mixed
1.8344067796610173,0.15254237288135594,1.3076339940402875,mixed
1.8344067796610173,0.17796610169491528,1.3598372037881084,mixed
1.8344067796610173,0.2033898305084746,1.412084221376783,mixed
1.8344067796610173,0.2288135593220339,1.464343479977543,mixed
1.8344067796610173,0.2542372881355932,1.516593734047666,mixed
1.8344067796610173,0.2796610169491526,1.568820979870465,mixed
1.8344067796610173,0.3050847457627119,1.6210162956660128,mixed
1.8344067796610173,0.3305084745762712,1.6731743220500646,mixed
1.8344067796610173,0.35593220338983056,1.725292189153021,mixed
1.8344067796610173,0.38135593220338987,1.7773687564245746,mixed
1.8344067796610173,0.4067796610169492,1.829404072350811,mixed
1.8344067796610173,0.4322033898305085,1.8813989896191603,mixed
1.8344067796610173,0.4576271186440678,1.9333548907218538,mixed
1.8344067796610173,0.48305084745762716,1.9852734923986832,mixed
1.8344067796610173,0.5084745762711864,2.037156706605545,mixed
1.8344067796610173,0.5338983050847458,2.089006542160557,mixed
1.8344067796610173,0.5593220338983051,2.1408250357477647,mixed
1.8344067796610173,0.5847457627118644,2.1926142041502166,mixed
1.8344067796610173,0.6101694915254238,2.244376011847137,mixed
1.8344067796610173,0.6355932203389831,2.2961123497246194,mixed
1.8344067796610173,0.6610169491525424,2.347825021807671,mixed
1.8344067796610173,0.6864406779661018,2.3995157377571887,mixed
1.8344067796610173,0.7118644067796611,2.451186109481416,mixed
1.8344067796610173,0.7372881355932204,2.502837650652857,mixed
1.8344067796610173,0.7627118644067797,2.554471778244508,mixed
1.8344067796610173,0.788135593220339,2.6060898154362517,mixed
1.8344067796610173,0.8135593220338984,2.6576929954169524,mixed
1.8344067796610173,0.8389830508474577,2.70928246573652,mixed
1.8344067796610173,0.864406779661017,2.760859292957701,mixed
1.8344067796610173,0.8898305084745763,2.812424467427814,mixed
1.8344067796610173,0.9152542372881356,2.863978908043062,mixed
1.8344067796610173,0.940677966101695,2.915523466916712,mixed
1.8344067796610173,0.9661016949152543,2.9670589338910403,mixed
1.8344067796610173,0.9915254237288136,3.0185860408540592,mixed
1.8344067796610173,1.0169491525423728,3.0701054658374702,mixed
1.8344067796610173,1.0423728813559323,3.1216178368835648,mixed
1.8344067796610173,1.0677966101694916,3.1731237356768536,mixed
1.8344067796610173,1.0932203389830508,3.2246237009420433,mixed
1.8344067796610173,1.1186440677966103,3.2761182316139075,mixed
1.8344067796610173,1.1440677966101696,3.32760778978739,mixed
1.8344067796610173,1.1694915254237288,3.3790928034579513,mixed
1.8344067796610173,1.1949152542372883,3.4305736690632447,mixed
1.8344067796610173,1.2203389830508475,3.4820507538376972,mixed
1.8344067796610173,1.2457627118644068,3.5335243979917563,mixed
1.8344067796610173,1.2711864406779663,3.584994916727341,mixed
1.8344067796610173,1.2966101694915255,3.6364626021008286,mixed
1.8344067796610173,1.3220338983050848,3.6879277247444078,mixed
1.8344067796610173,1.3474576271186443,3.739390535456098,mixed
1.8344067796610173,1.3728813559322035,3.790851266668233,mixed
1.8344067796610173,1.3983050847457628,3.842310133803542,mixed
1.8344067796610173,1.4237288135593222,3.893767336527462,mixed
1.8344067796610173,1.4491525423728815,3.9452230599046034,mixed
1.8344067796610173,1.4745762711864407,3.9966774754669063,mixed
1.8344067796610173,1.5,4.04813074220028,mixed
1.885084745762712,0.0,1.0,mixed
1.885084745762712,0.025423728813559324,1.0512615944511672,mixed
1.885084745762712,0.05084745762711865,1.1033158735271658,mixed
1.885084745762712,0.07627118644067797,1.1558865763651953,mixed
1.885084745762712,0.1016949152542373,1.208782448304697,mixed
1.885084745762712,0.1271186440677966,1.2618726817936952,mixed
1.885084745762712,0.15254237288135594,1.3150685931892858,mixed
1.885084745762712,0.17796610169491528,1.368310570737956,mixed
1.885084745762712,0.2033898305084746,1.4215589880005954,mixed
1.885084745762712,0.2288135593220339,1.4747879423622252,mixed
1.885084745762712,0.2542372881355932,1.5279809538452185,mixed
1.885084745762712,0.2796610169491526,1.5811280082653563,mixed
1.885084745762712,0.3050847457627119,1.6342235189548808,mixed
1.885084745762712,0.3305084745762712,1.6872649167186289,mixed
1.885084745762712,0.35593220338983056,1.7402516709630962,mixed
1.885084745762712,0.38135593220338987,1.7931846081813774,mixed
1.885084745762712,0.4067796610169492,1.8460654366091442,mixed
1.885084745762712,0.4322033898305085,1.8988964145988274,mixed
1.885084745762712,0.4576271186440678,1.9516801196819982,mixed
1.885084745762712,0.48305084745762716,2.0044192884851877,mixed
1.885084745762712,0.5084745762711864,2.0571167066830944,mixed
1.885084745762712,0.5338983050847458,2.1097751343778848,mixed
1.885084745762712,0.5593220338983051,2.1623972565910283,mixed
1.885084745762712,0.5847457627118644,2.214985651550929,mixed
1.885084745762712,0.6101694915254238,2.267542771562966,mixed
1.885084745762712,0.6355932203389831,2.3200709327337297,mixed
1.885084745762712,0.6610169491525424,2.372572310876216,mixed
1.885084745762712,0.6864406779661018,2.4250489416758096,mixed
1.885084745762712,0.7118644067796611,2.4775027237370835,mixed
1.885084745762712,0.7372881355932204,2.529935423520622,mixed
1.885084745762712,0.7627118644067797,2.5823486814602465,mixed
1.885084745762712,0.788135593220339,2.6347440187548496,mixed
1.885084745762712,0.8135593220338984,2.6871228444770217,mixed
1.885084745762712,0.8389830508474577,2.7394864627482813,mixed
1.885084745762712,0.864406779661017,2.7918360798088506,mixed
1.885084745762712,0.8898305084745763,2.844172810866701,mixed
1.885084745762712,0.9152542372881356,2.896497686651717,mixed
1.885084745762712,0.940677966101695,2.948811659630426,mixed
1.885084745762712,0.9661016949152543,3.001115609857896,mixed
1.885084745762712,0.9915254237288136,3.053410350458484,mixed
1.885084745762712,1.0169491525423728,3.1056966327375295,mixed
1.885084745762712,1.0423728813559323,3.157975150933235,mixed
1.885084745762712,1.0677966101694916,3.2102465466227774,mixed
1.885084745762712,1.0932203389830508,3.262511412799467,mixed
1.885084745762712,1.1186440677966103,3.314770297639671,mixed
1.885084745762712,1.1440677966101696,3.367023707978743,mixed
1.885084745762712,1.1694915254237288,3.419272112515514,mixed
1.885084745762712,1.1949152542372883,3.4715159447644006,mixed
1.885084745762712,1.2203389830508475,3.523755605773647,mixed
1.885084745762712,1.2457627118644068,3.5759914666273445,mixed
1.885084745762712,1.2711864406779663,3.6282238707479273,mixed
1.885084745762712,1.2966101694915255,3.680453136014798,mixed
1.885084745762712,1.3220338983050848,3.7326795567137805,mixed
1.885084745762712,1.3474576271186443,3.784903405330961,mixed
1.885084745762712,1.3728813559322035,3.8371249342035973,mixed
1.885084745762712,1.3983050847457628,3.8893443770397202,mixed
1.885084745762712,1.4237288135593222,3.9415619503171997,mixed
1.885084745762712,1.4491525423728815,3.9937778545721714,mixed
1.885084745762712,1.4745762711864407,4.045992275585942,mixed
1.885084745762712,1.5,4.09820538547866,mixed
1.935762711864407,0.0,1.0,mixed
1.935762711864407,0.025423728813559324,1.0526449764369104,mixed
1.935762711864407,0.05084745762711865,1.1059975204257093,mixed
1.935762711864407,0.07627118644067797,1.1597873067629612,mixed
1.935762711864407,0.1016949152542373,1.2138323158367104,mixed
1.935762711864407,0.1271186440677966,1.2680115359859903,mixed
1.935762711864407,0.15254237288135594,1.322245403852701,mixed
1.935762711864407,0.17796610169491528,1.3764823035702944,mixed
1.935762711864407,0.2033898305084746,1.430689408372139,mixed
1.935762711864407,0.2288135593220339,1.4848465088182714,mixed
1.935762711864407,0.2542372881355932,1.5389418570105138,mixed
1.935762711864407,0.2796610169491526,1.5929693622369816,mixed
1.935762711864407,0.3050847457627119,1.6469266921648853,mixed
1.935762711864407,0.3305084745762712,1.7008139826984057,mixed
1.935762711864407,0.35593220338983056,1.7546329589649108,mixed
1.935762711864407,0.38135593220338987,1.808386335574566,mixed
1.935762711864407,0.4067796610169492,1.8620774076703235,mixed
1.935762711864407,0.4322033898305085,1.9157097730091956,mixed
1.935762711864407,0.4576271186440678,1.9692871444393483,mixed
1.935762711864407,0.48305084745762716,2.02281322495362,mixed
1.935762711864407,0.5084745762711864,2.076291626150805,mixed
1.935762711864407,0.5338983050847458,2.129725816818571,mixed
1.935762711864407,0.5593220338983051,2.1831190923811112,mixed
1.935762711864407,0.5847457627118644,2.2364745587338857,mixed
1.935762711864407,0.6101694915254238,2.2897951259174185,mixed
1.935762711864407,0.6355932203389831,2.3430835084299058,mixed
1.935762711864407,0.6610169491525424,2.396342229925017,mixed
1.935762711864407,0.6864406779661018,2.4495736307091063,mixed
1.935762711864407,0.7118644067796611,2.5027798769252425,mixed
1.935762711864407,0.7372881355932204,2.555962970647748,mixed
1.935762711864407,0.7627118644067797,2.6091247603502867,mixed
1.935762711864407,0.788135593220339,2.6622669513813797,mixed
1.935762711864407,0.8135593220338984,2.715391116202822,mixed
1.935762711864407,0.8389830508474577,2.7684987042331337,mixed
1.935762711864407,0.864406779661017,2.821591051199469,mixed
1.935762711864407,0.8898305084745763,2.8746693879447474,mixed
1.935762711864407,0.9152542372881356,2.927734848666947,mixed
1.935762711864407,0.940677966101695,2.9807884785882326,mixed
1.935762711864407,0.9661016949152543,3.033831241065674,mixed
1.935762711864407,0.9915254237288136,3.0868640241644214,mixed
1.935762711864407,1.0169491525423728,3.1398876467198975,mixed
1.935762711864407,1.0423728813559323,3.1929028639187567,mixed
1.935762711864407,1.0677966101694916,3.2459103724298313,mixed
1.935762711864407,1.0932203389830508,3.298910815116542,mixed
1.935762711864407,1.1186440677966103,3.3519047853616937,mixed
1.935762711864407,1.1440677966101696,3.404892831034453,mixed
1.935762711864407,1.1694915254237288,3.457875458127897,mixed
1.935762711864407,1.1949152542372883,3.510853134093836,mixed
1.935762711864407,1.2203389830508475,3.563826290899884,mixed
1.935762711864407,1.2457627118644068,3.6167953278320555,mixed
1.935762711864407,1.2711864406779663,3.6697606140643324,mixed
1.935762711864407,1.2966101694915255,3.722722491015035,mixed
1.935762711864407,1.3220338983050848,3.775681274508248,mixed
1.935762711864407,1.3474576271186443,3.828637256756961,mixed
1.935762711864407,1.3728813559322035,3.8815907081833028,mixed
1.935762711864407,1.3983050847457628,3.9345418790898115,mixed
1.935762711864407,1.4237288135593222,3.9874910011945666,mixed
1.935762711864407,1.4491525423728815,4.04043828904187,mixed
1.935762711864407,1.4745762711864407,4.093383941299083,mixed
1.935762711864407,1.5,4.146328141949386,mixed
1.986440677966102,0.0,0.9999999999999999,mixed
1.986440677966102,0.025423728813559324,1.0539914920130682,mixed
1.986440677966102,0.05084745762711865,1.1086005838525625,mixed
1.986440677966102,0.07627118644067797,1.1635654805141482,mixed
1.986440677966102,0.1016949152542373,1.2187150532880273,mixed
1.986440677966102,0.1271186440677966,1.2739390556533003,mixed
1.986440677966102,0.15254237288135594,1.3291675631794684,mixed
1.986440677966102,0.17796610169491528,1.3843571970264057,mixed
1.986440677966102,0.2033898305084746,1.4394820081787636,mixed
1.986440677966102,0.2288135593220339,1.4945274670243425,mixed
1.986440677966102,0.2542372881355932,1.5494864963255248,mixed
1.986440677966102,0.2796610169491526,1.6043568449267107,mixed
1.986440677966102,0.3050847457627119,1.6591393431167027,mixed
1.986440677966102,0.3305084745762712,1.713836740551525,mixed
1.986440677966102,0.35593220338983056,1.768452931385302,mixed
1.986440677966102,0.38135593220338987,1.8229924383270404,mixed
1.986440677966102,0.4067796610169492,1.8774600708090665,mixed
1.986440677966102,0.4322033898305085,1.9318607007783286,mixed
1.986440677966102,0.4576271186440678,1.9861991182109378,mixed
1.986440677966102,0.48305084745762716,2.0404799407455583,mixed
1.986440677966102,0.5084745762711864,2.094707560029196,mixed
1.986440677966102,0.5338983050847458,2.148886112878452,mixed
1.986440677966102,0.5593220338983051,2.2030194690899085,mixed
1.986440677966102,0.5847457627118644,2.2571112302772476,mixed
1.986440677966102,0.6101694915254238,2.31116473585836,mixed
1.986440677966102,0.6355932203389831,2.365183073520348,mixed
1.986440677966102,0.6610169491525424,2.419169092325584,mixed
1.986440677966102,0.6864406779661018,2.473125417203111,mixed
1.986440677966102,0.7118644067796611,2.527054463975338,mixed
1.986440677966102,0.7372881355932204,2.58095845435328,mixed
1.986440677966102,0.7627118644067797,2.634839430531558,mixed
1.986440677966102,0.788135593220339,2.6886992691523885,mixed
1.986440677966102,0.8135593220338984,2.742539694503651,mixed
1.986440677966102,0.8389830508474577,2.7963622908820507,mixed
1.986440677966102,0.864406779661017,2.8501685140975352,mixed
1.986440677966102,0.8898305084745763,2.9039597021251113,mixed
1.986440677966102,0.9152542372881356,2.9577370849299176,mixed
1.986440677966102,0.940677966101695,3.0115017935036765,mixed
1.986440677966102,0.9661016949152543,3.0652548681576843,mixed
1.986440677966102,0.9915254237288136,3.1189972661210694,mixed
1.986440677966102,1.0169491525423728,3.1727298684941134,mixed
1.986440677966102,1.0423728813559323,3.226453486605844,mixed
1.986440677966102,1.0677966101694916,3.280168867823465,mixed
1.986440677966102,1.0932203389830508,3.3338767008588976,mixed
1.986440677966102,1.1186440677966103,3.3875776206149975,mixed
1.986440677966102,1.1440677966101696,3.441272212611141,mixed
1.986440677966102,1.1694915254237288,3.494961017024954,mixed
1.986440677966102,1.1949152542372883,3.5486445323840745,mixed
1.986440677966102,1.2203389830508475,3.6023232189390644,mixed
1.986440677966102,1.2457627118644068,3.65599750174596,mixed
1.986440677966102,1.2711864406779663,3.7096677734844703,mixed
1.986440677966102,1.2966101694915255,3.763334397035515,mixed
1.986440677966102,1.3220338983050848,3.816997707839724,mixed
1.986440677966102,1.3474576271186443,3.8706580160565025,mixed
1.986440677966102,1.3728813559322035,3.924315608541464,mixed
1.986440677966102,1.3983050847457628,3.9779707506584834,mixed
1.986440677966102,1.4237288135593222,4.03162368794105,mixed
1.986440677966102,1.4491525423728815,4.085274647616218,mixed
1.986440677966102,1.4745762711864407,4.1389238400033594,mixed
1.986440677966102,1.5,4.192571459798619,mixed
2.037118644067797,0.0,1.0,mixed
2.037118644067797,0.025423728813559324,1.055300465274255,mixed
2.037118644067797,0.05084745762711865,1.1111244402364395,mixed
2.037118644067797,0.07627118644067797,1.1672211240110164,mixed
2.037118644067797,0.1016949152542373,1.2234317721285017,mixed
2.037118644067797,0.1271186440677966,1.2796577290978326,mixed
2.037118644067797,0.15254237288135594,1.335839117898415,mixed
2.037118644067797,0.17796610169491528,1.391940959173739,mixed
2.037118644067797,0.2033898305084746,1.4479442060571148,mixed
2.037118644067797,0.2288135593220339,1.5038399600376295,mixed
2.037118644067797,0.2542372881355932,1.5596257305590437,mixed
2.037118644067797,0.2796610169491526,1.6153030082869078,mixed
2.037118644067797,0.3050847457627119,1.6708756864505345,mixed
2.037118644067797,0.3305084745762712,1.7263490329998392,mixed
2.037118644067797,0.35593220338983056,1.7817290228135751,mixed
2.037118644067797,0.38135593220338987,1.837021906664414,mixed
2.037118644067797,0.4067796610169492,1.892233936621572,mixed
2.037118644067797,0.4322033898305085,1.9473711951513561,mixed
2.037118644067797,0.4576271186440678,2.0024394930261287,mixed
2.037118644067797,0.48305084745762716,2.057444312806697,mixed
2.037118644067797,0.5084745762711864,2.112390782338157,mixed
2.037118644067797,0.5338983050847458,2.167283667794855,mixed
2.037118644067797,0.5593220338983051,2.2221273792187697,mixed
2.037118644067797,0.5847457627118644,2.2769259837909326,mixed
2.037118644067797,0.6101694915254238,2.3316832236301255,mixed
2.037118644067797,0.6355932203389831,2.386402535970831,mixed
2.037118644067797,0.6610169491525424,2.441087074294597,mixed
2.037118644067797,0.6864406779661018,2.495739729483083,mixed
2.037118644067797,0.7118644067796611,2.550363150399014,mixed
2.037118644067797,0.7372881355932204,2.6049597635322352,mixed
2.037118644067797,0.7627118644067797,2.659531791505055,mixed
2.037118644067797,0.788135593220339,2.7140812703369335,mixed
2.037118644067797,0.8135593220338984,2.7686100654391432,mixed
2.037118644067797,0.8389830508474577,2.8231198863560167,mixed
2.037118644067797,0.864406779661017,2.8776123002985,mixed
2.037118644067797,0.8898305084745763,2.9320887445331185,mixed
2.037118644067797,0.9152542372881356,2.986550537698947,mixed
2.037118644067797,0.940677966101695,3.0409988901291776,mixed
2.037118644067797,0.9661016949152543,3.0954349132543286,mixed
2.037118644067797,0.9915254237288136,3.1498596281623508,mixed
2.037118644067797,1.0169491525423728,3.204273973387382,mixed
2.037118644067797,1.0423728813559323,3.2586788119948915,mixed
2.037118644067797,1.0677966101694916,3.313074938026272,mixed
2.037118644067797,1.0932203389830508,3.3674630823611444,mixed
2.037118644067797,1.1186440677966103,3.4218439180510125,mixed
2.037118644067797,1.1440677966101696,3.476218065173259,mixed
2.037118644067797,1.1694915254237288,3.530586095250224,mixed
2.037118644067797,1.1949152542372883,3.5849485352739725,mixed
2.037118644067797,1.2203389830508475,3.6393058713736934,mixed
2.037118644067797,1.2457627118644068,3.6936585521591208,mixed
2.037118644067797,1.2711864406779663,3.7480069917702745,mixed
2.037118644067797,1.2966101694915255,3.802351572660838,mixed
2.037118644067797,1.3220338983050848,3.8566926481399704,mixed
2.037118644067797,1.3474576271186443,3.911030544694888,mixed
2.037118644067797,1.3728813559322035,3.9653655641143897,mixed
2.037118644067797,1.3983050847457628,4.019697985431591,mixed
2.037118644067797,1.4237288135593222,4.074028066702419,mixed
2.037118644067797,1.4491525423728815,4.128356046634646,mixed
2.037118644067797,1.4745762711864407,4.182682146081073,mixed
2.037118644067797,1.5,4.237006569408943,mixed
2.0877966101694914,0.0,1.0,mixed
2.0877966101694914,0.025423728813559324,1.0565714478511858,mixed
2.0877966101694914,0.05084745762711865,1.11356889440898,mixed
2.0877966101694914,0.07627118644067797,1.170754843668984,mixed
2.0877966101694914,0.1016949152542373,1.22798426287399,mixed
2.0877966101694914,0.1271186440677966,1.285170776348549,mixed
2.0877966101694914,0.15254237288135594,1.3422648621772093,mixed
2.0877966101694914,0.17796610169491528,1.3992400334905453,mixed
2.0877966101694914,0.2033898305084746,1.4560841241096867,mixed
2.0877966101694914,0.2288135593220339,1.5127937886750196,mixed
2.0877966101694914,0.2542372881355932,1.5693710214127117,mixed
2.0877966101694914,0.2796610169491526,1.6258209466591482,mixed
2.0877966101694914,0.3050847457627119,1.682150415384123,mixed
2.0877966101694914,0.3305084745762712,1.738367115996596,mixed
2.0877966101694914,0.35593220338983056,1.7944790153978787,mixed
2.0877966101694914,0.38135593220338987,1.8504940131987506,mixed
2.0877966101694914,0.4067796610169492,1.906419733970243,mixed
2.0877966101694914,0.4322033898305085,1.9622634089271012,mixed
2.0877966101694914,0.4576271186440678,2.0180318153792376,mixed
2.0877966101694914,0.48305084745762716,2.0737312532003394,mixed
2.0877966101694914,0.5084745762711864,2.1293675446580087,mixed
2.0877966101694914,0.5338983050847458,2.1849460485997763,mixed
2.0877966101694914,0.5593220338983051,2.240471683058353,mixed
2.0877966101694914,0.5847457627118644,2.295948952376943,mixed
2.0877966101694914,0.6101694915254238,2.3513819763143236,mixed
2.0877966101694914,0.6355932203389831,2.4067745194983177,mixed
2.0877966101694914,0.6610169491525424,2.462130020204978,mixed
2.0877966101694914,0.6864406779661018,2.517451617847851,mixed
2.0877966101694914,0.7118644067796611,2.5727421788328995,mixed
2.0877966101694914,0.7372881355932204,2.62800432061385,mixed
2.0877966101694914,0.7627118644067797,2.683240433899549,mixed
2.0877966101694914,0.788135593220339,2.73845270303945,mixed
2.0877966101694914,0.8135593220338984,2.7936431246593205,mixed
2.0877966101694914,0.8389830508474577,2.848813524645775,mixed
2.0877966101694914,0.864406779661017,2.9039655735919765,mixed
2.0877966101694914,0.8898305084745763,2.959100800822052,mixed
2.0877966101694914,0.9152542372881356,3.014220607111285,mixed
2.0877966101694914,0.940677966101695,3.0693262762153948,mixed
2.0877966101694914,0.9661016949152543,3.124418985316303,mixed
2.0877966101694914,0.9915254237288136,3.1794998144846423,mixed
2.0877966101694914,1.0169491525423728,3.2345697552518398,mixed
2.0877966101694914,1.0423728813559323,3.289629718376918,mixed
2.0877966101694914,1.0677966101694916,3.3446805408857183,mixed
2.0877966101694914,1.0932203389830508,3.399722992453234,mixed
2.0877966101694914,1.1186440677966103,3.454757781193005,mixed
2.0877966101694914,1.1440677966101696,3.5097855589114513,mixed
2.0877966101694914,1.1694915254237288,3.564806925879324,mixed
2.0877966101694914,1.1949152542372883,3.619822435167271,mixed
2.0877966101694914,1.2203389830508475,3.674832596587904,mixed
2.0877966101694914,1.2457627118644068,3.7298378802824,mixed
2.0877966101694914,1.2711864406779663,3.784838719985956,mixed
2.0877966101694914,1.2966101694915255,3.8398355160028026,mixed
2.0877966101694914,1.3220338983050848,3.8948286379186388,mixed
2.0877966101694914,1.3474576271186443,3.949818427075248,mixed
2.0877966101694914,1.3728813559322035,4.004805198829823,mixed
2.0877966101694914,1.3983050847457628,4.059789244619155,mixed
2.0877966101694914,1.4237288135593222,4.114770833846787,mixed
2.0877966101694914,1.4491525423728815,4.169750215609645,mixed
2.0877966101694914,1.4745762711864407,4.224727620278752,mixed
2.0877966101694914,1.5,4.2797032609473975,mixed
2.1384745762711863,0.0,1.0,mixed
2.1384745762711863,0.025423728813559324,1.0578041968785261,mixed
2.1384745762711863,0.05084745762711865,1.1159341292464477,mixed
2.1384745762711863,0.07627118644067797,1.174167746577398,mixed
2.1384745762711863,0.1016949152542373,1.2323748897382358,mixed
2.1384745762711863,0.1271186440677966,1.2904820223923599,mixed
2.1384745762711863,0.15254237288135594,1.348450194235816,mixed
2.1384745762711863,0.17796610169491528,1.406261443199976,mixed
2.1384745762711863,0.2033898305084746,1.4639104235782225,mixed
2.1384745762711863,0.2288135593220339,1.5213992414002984,mixed
2.1384745762711863,0.2542372881355932,1.57873425983027,mixed
2.1384745762711863,0.2796610169491526,1.6359241211587936,mixed
2.1384745762711863,0.3050847457627119,1.692978525382231,mixed
2.1384745762711863,0.3305084745762712,1.7499074825447136,mixed
2.1384745762711863,0.35593220338983056,1.8067208634113663,mixed
2.1384745762711863,0.38135593220338987,1.8634281386413694,mixed
2.1384745762711863,0.4067796610169492,1.9200382370917402,mixed
2.1384745762711863,0.4322033898305085,1.97655947909849,mixed
2.1384745762711863,0.4576271186440678,2.0329995564573893,mixed
2.1384745762711863,0.48305084745762716,2.089365540917992,mixed
2.1384745762711863,0.5084745762711864,2.1456639094751875,mixed
2.1384745762711863,0.5338983050847458,2.2019005789227113,mixed
2.1384745762711863,0.5593220338983051,2.2580809448498953,mixed
2.1384745762711863,0.5847457627118644,2.3142099220366457,mixed
2.1384745762711863,0.6101694915254238,2.3702919843622334,mixed
2.1384745762711863,0.6355932203389831,2.4263312031031687,mixed
2.1384745762711863,0.6610169491525424,2.482331282990888,mixed
2.1384745762711863,0.6864406779661018,2.5382955957210402,mixed
2.1384745762711863,0.7118644067796611,2.594227210811463,mixed
2.1384745762711863,0.7372881355932204,2.6501289238344574,mixed
2.1384745762711863,0.7627118644067797,2.7060032821265745,mixed
2.1384745762711863,0.788135593220339,2.761852608123213,mixed
2.1384745762711863,0.8135593220338984,2.8176790204872924,mixed
2.1384745762711863,0.8389830508474577,2.8734844532091923,mixed
2.1384745762711863,0.864406779661017,2.9292706728539013,mixed
2.1384745762711863,0.8898305084745763,2.9850392941247796,mixed
2.1384745762711863,0.9152542372881356,3.040791793903443,mixed
2.1384745762711863,0.940677966101695,3.0965295239139863,mixed
2.1384745762711863,0.9661016949152543,3.152253722147658,mixed
2.1384745762711863,0.9915254237288136,3.2079655231721738,mixed
2.1384745762711863,1.0169491525423728,3.2636659674382678,mixed
2.1384745762711863,1.0423728813559323,3.3193560096852326,mixed
2.1384745762711863,1.0677966101694916,3.3750365265369977,mixed
2.1384745762711863,1.0932203389830508,3.4307083233710958,mixed
2.1384745762711863,1.1186440677966103,3.486372140534314,mixed
2.1384745762711863,1.1440677966101696,3.542028658971206,mixed
2.1384745762711863,1.1694915254237288,3.597678505324697,mixed
2.1384745762711863,1.1949152542372883,3.653322256561839,mixed
2.1384745762711863,1.2203389830508475,3.708960444172136,mixed
2.1384745762711863,1.2457627118644068,3.764593557980923,mixed
2.1384745762711863,1.2711864406779663,3.820222049615839,mixed
2.1384745762711863,1.2966101694915255,3.8758463356604156,mixed
2.1384745762711863,1.3220338983050848,3.931466800525259,mixed
2.1384745762711863,1.3474576271186443,3.9870837990642,mixed
2.1384745762711863,1.3728813559322035,4.042697658959871,mixed
2.1384745762711863,1.3983050847457628,4.098308682900728,mixed
2.1384745762711863,1.4237288135593222,4.153917150569252,mixed
2.1384745762711863,1.4491525423728815,4.209523320459068,mixed
2.1384745762711863,1.4745762711864407,4.265127431536923,mixed
2.1384745762711863,1.5,4.320729704763884,mixed
2.1891525423728813,0.0,1.0,mixed
2.1891525423728813,0.025423728813559324,1.0589986535922487,mixed
2.1891525423728813,0.05084745762711865,1.118220658227169,mixed
2.1891525423728813,0.07627118644067797,1.1774613675039527,mixed
2.1891525423728813,0.1016949152542373,1.2366064955233422,mixed
2.1891525423728813,0.1271186440677966,1.2955957844349355,mixed
2.1891525423728813,0.15254237288135594,1.3544009903810266,mixed
2.1891525423728813,0.17796610169491528,1.4130126558952276,mixed
2.1891525423728813,0.2033898305084746,1.4714321631471408,mixed
2.1891525423728813,0.2288135593220339,1.529666948697012,mixed
2.1891525423728813,0.2542372881355932,1.5877276182350168,mixed
2.1891525423728813,0.2796610169491526,1.645626211090837,mixed
2.1891525423728813,0.3050847457627119,1.7033751656889136,mixed
2.1891525423728813,0.3305084745762712,1.7609867149964638,mixed
2.1891525423728813,0.35593220338983056,1.818472546754194,mixed
2.1891525423728813,0.38135593220338987,1.8758436267812273,mixed
2.1891525423728813,0.4067796610169492,1.9331101222072054,mixed
2.1891525423728813,0.4322033898305085,1.9902813851634413,mixed
2.1891525423728813,0.4576271186440678,2.0473659721582353,mixed
2.1891525423728813,0.48305084745762716,2.104371683565437,mixed
2.1891525423728813,0.5084745762711864,2.1613056134669666,mixed
2.1891525423728813,0.5338983050847458,2.2181742037830214,mixed
2.1891525423728813,0.5593220338983051,2.274983298980281,mixed
2.1891525423728813,0.5847457627118644,2.3317381991550854,mixed
2.1891525423728813,0.6101694915254238,2.3884437102504403,mixed
2.1891525423728813,0.6355932203389831,2.445104190776474,mixed
2.1891525423728813,0.6610169491525424,2.501723594787677,mixed
2.1891525423728813,0.6864406779661018,2.558305511106519,mixed
2.1891525423728813,0.7118644067796611,2.614853198923792,mixed
2.1891525423728813,0.7372881355932204,2.6713696199851267,mixed
2.1891525423728813,0.7627118644067797,2.727857467612631,mixed
2.1891525423728813,0.788135593220339,2.784319192825106,mixed
2.1891525423728813,0.8135593220338984,2.8407570278191474,mixed
2.1891525423728813,0.8389830508474577,2.897173007063368,mixed
2.1891525423728813,0.864406779661017,2.9535689862423613,mixed
2.1891525423728813,0.8898305084745763,3.0099466592692234,mixed
2.1891525423728813,0.9152542372881356,3.0663075735664997,mixed
2.1891525423728813,0.940677966101695,3.1226531437969127,mixed
2.1891525423728813,0.9661016949152543,3.1789846642072974,mixed
2.1891525423728813,0.9915254237288136,3.235303319732558,mixed
2.1891525423728813,1.0169491525423728,3.291610195991021,mixed
2.1891525423728813,1.0423728813559323,3.347906288288566,mixed
2.1891525423728813,1.0677966101694916,3.404192509736293,mixed
2.1891525423728813,1.0932203389830508,3.460469698574993,mixed
2.1891525423728813,1.1186440677966103,3.5167386247895727,mixed
2.1891525423728813,1.1440677966101696,3.5729999960873924,mixed
2.1891525423728813,1.1694915254237288,3.629254463306481,mixed
2.1891525423728813,1.1949152542372883,3.68550262531226,mixed
2.1891525423728813,1.2203389830508475,3.7417450334350493,mixed
2.1891525423728813,1.2457627118644068,3.7979821954950483,mixed
2.1891525423728813,1.2711864406779663,3.854214579456197,mixed
2.1891525423728813,1.2966101694915255,3.9104426167461446,mixed
2.1891525423728813,1.3220338983050848,3.9666667052753324,mixed
2.1891525423728813,1.3474576271186443,4.022887212184834,mixed
2.1891525423728813,1.3728813559322035,4.079104476349416,mixed
2.1891525423728813,1.3983050847457628,4.135318810659481,mixed
2.1891525423728813,1.4237288135593222,4.191530504103111,mixed
2.1891525423728813,1.4491525423728815,4.247739823667288,mixed
2.1891525423728813,1.4745762711864407,4.303947016075293,mixed
2.1891525423728813,1.5,4.360152309375647,mixed
2.239830508474576,0.0,0.9999999999999998,mixed
2.239830508474576,0.025423728813559324,1.0601549228148628,mixed
2.239830508474576,0.05084745762711865,1.1204292812119367,mixed
2.239830508474576,0.07627118644067797,1.1806376023397476,mixed
2.239830508474576,0.1016949152542373,1.24068231640935,mixed
2.239830508474576,0.1271186440677966,1.3005167723182829,mixed
2.239830508474576,0.15254237288135594,1.3601234950329675,mixed
2.239830508474576,0.17796610169491528,1.4195014665017656,mixed
2.239830508474576,0.2033898305084746,1.4786586774576287,mixed
2.239830508474576,0.2288135593220339,1.5376077591117612,mixed
2.239830508474576,0.2542372881355932,1.596363425553153,mixed
2.239830508474576,0.2796610169491526,1.654940988990315,mixed
2.239830508474576,0.3050847457627119,1.7133555151058972,mixed
2.239830508474576,0.3305084745762712,1.7716213620536099,mixed
2.239830508474576,0.35593220338983056,1.8297519494837435,mixed
2.239830508474576,0.38135593220338987,1.8877596647249497,mixed
2.239830508474576,0.4067796610169492,1.9456558495586223,mixed
2.239830508474576,0.4322033898305085,2.003450832977148,mixed
2.239830508474576,0.4576271186440678,2.0611539887303993,mixed
2.239830508474576,0.48305084745762716,2.1187738047306492,mixed
2.239830508474576,0.5084745762711864,2.1763179565138144,mixed
2.239830508474576,0.5338983050847458,2.2337933801491774,mixed
2.239830508474576,0.5593220338983051,2.291206341981749,mixed
2.239830508474576,0.5847457627118644,2.3485625038301157,mixed
2.239830508474576,0.6101694915254238,2.4058669830265726,mixed
2.239830508474576,0.6355932203389831,2.4631244071500284,mixed
2.239830508474576,0.6610169491525424,2.520338963575618,mixed
2.239830508474576,0.6864406779661018,2.577514444118346,mixed
2.239830508474576,0.7118644067796611,2.6346542851258383,mixed
2.239830508474576,0.7372881355932204,2.691761603406341,mixed
2.239830508474576,0.7627118644067797,2.7488392283806777,mixed
2.239830508474576,0.788135593220339,2.805889730832745,mixed
2.239830508474576,0.8135593220338984,2.8629154486098907,mixed
2.239830508474576,0.8389830508474577,2.919918509596869,mixed
2.239830508474576,0.864406779661017,2.9769008522578875,mixed
2.239830508474576,0.8898305084745763,3.0338642440125323,mixed
2.239830508474576,0.9152542372881356,3.090810297683827,mixed
2.239830508474576,0.940677966101695,3.1477404862312075,mixed
2.239830508474576,0.9661016949152543,3.2046561559577773,mixed
2.239830508474576,0.9915254237288136,3.2615585383600356,mixed
2.239830508474576,1.0169491525423728,3.3184487607692814,mixed
2.239830508474576,1.0423728813559323,3.3753278559168933,mixed
2.239830508474576,1.0677966101694916,3.432196770540599,mixed
2.239830508474576,1.0932203389830508,3.4890563731354485,mixed
2.239830508474576,1.1186440677966103,3.5459074609413705,mixed
2.239830508474576,1.1440677966101696,3.6027507662487075,mixed
2.239830508474576,1.1694915254237288,3.6595869620939414,mixed
2.239830508474576,1.1949152542372883,3.716416667409546,mixed
2.239830508474576,1.2203389830508475,3.773240451684881,mixed
2.239830508474576,1.2457627118644068,3.8300588391885446,mixed
2.239830508474576,1.2711864406779663,3.8868723127970903,mixed
2.239830508474576,1.2966101694915255,3.943681317470048,mixed
2.239830508474576,1.3220338983050848,4.000486263406814,mixed
2.239830508474576,1.3474576271186443,4.057287528917134,mixed
2.239830508474576,1.3728813559322035,4.114085463033492,mixed
2.239830508474576,1.3983050847457628,4.170880387890613,mixed
2.239830508474576,1.4237288135593222,4.2276726008948255,mixed
2.239830508474576,1.4491525423728815,4.284462376703352,mixed
2.239830508474576,1.4745762711864407,4.3412499690317645,mixed
2.239830508474576,1.5,4.398035612305805,mixed
2.290508474576271,0.0,1.0,mixed
2.290508474576271,0.025423728813559324,1.0612732535143599,mixed
2.290508474576271,0.05084745762711865,1.1225610436121478,mixed
2.290508474576271,0.07627118644067797,1.1836986478977896,mixed
2.290508474576271,0.1016949152542373,1.244605906145772,mixed
2.290508474576271,0.1271186440677966,1.3052500011197414,mixed
2.290508474576271,0.15254237288135594,1.3656242252900699,mixed
2.290508474576271,0.17796610169491528,1.4257358966852516,mixed
2.290508474576271,0.2033898305084746,1.4855994735615423,mixed
2.290508474576271,0.2288135593220339,1.5452326343801361,mixed
2.290508474576271,0.2542372881355932,1.604654062177389,mixed
2.290508474576271,0.2796610169491526,1.663882216236052,mixed
2.290508474576271,0.3050847457627119,1.722934678804396,mixed
2.290508474576271,0.3305084745762712,1.7818278371303433,mixed
2.290508474576271,0.35593220338983056,1.8405767599397507,mixed
2.290508474576271,0.38135593220338987,1.8991951848930493,mixed
2.290508474576271,0.4067796610169492,1.9576955673120902,mixed
2.290508474576271,0.4322033898305085,2.0160891605471343,mixed
2.290508474576271,0.4576271186440678,2.074386110409585,mixed
2.290508474576271,0.48305084745762716,2.1325955533863223,mixed
2.290508474576271,0.5084745762711864,2.190725712778178,mixed
2.290508474576271,0.5338983050847458,2.2487839895942083,mixed
2.290508474576271,0.5593220338983051,2.3067770466593993,mixed
2.290508474576271,0.5847457627118644,2.364710885365301,mixed
2.290508474576271,0.6101694915254238,2.422590915061288,mixed
2.290508474576271,0.6355932203389831,2.4804220154028864,mixed
2.290508474576271,0.6610169491525424,2.538208592139349,mixed
2.290508474576271,0.6864406779661018,2.5959546268949403,mixed
2.290508474576271,0.7118644067796611,2.653663721515118,mixed
2.290508474576271,0.7372881355932204,2.7113391375332143,mixed
2.290508474576271,0.7627118644067797,2.768983831280102,mixed
2.290508474576271,0.788135593220339,2.8266004851177344,mixed
2.290508474576271,0.8135593220338984,2.8841915352327177,mixed
2.290508474576271,0.8389830508474577,2.941759196381848,mixed
2.290508474576271,0.864406779661017,2.99930548393915,mixed
2.290508474576271,0.8898305084745763,3.0568322335548594,mixed
2.290508474576271,0.9152542372881356,3.114341118701078,mixed
2.290508474576271,0.940677966101695,3.1718336663466906,mixed
2.290508474576271,0.9661016949152543,3.2293112709754475,mixed
2.290508474576271,0.9915254237288136,3.286775207135771,mixed
2.290508474576271,1.0169491525423728,3.344226640688187,mixed
2.290508474576271,1.0423728813559323,3.4016666388967334,mixed
2.290508474576271,1.0677966101694916,3.4590961794930655,mixed
2.290508474576271,1.0932203389830508,3.5165161588268594,mixed
2.290508474576271,1.1186440677966103,3.573927399202629,mixed
2.290508474576271,1.1440677966101696,3.6313306554913587,mixed
2.290508474576271,1.1694915254237288,3.688726621095025,mixed
2.290508474576271,1.1949152542372883,3.7461159333330576,mixed
2.290508474576271,1.2203389830508475,3.803499178311801,mixed
2.290508474576271,1.2457627118644068,3.860876895331188,mixed
2.290508474576271,1.2711864406779663,3.9182495808765556,mixed
2.290508474576271,1.2966101694915255,3.9756176922382713,mixed
2.290508474576271,1.3220338983050848,4.032981650797073,mixed
2.290508474576271,1.3474576271186443,4.090341845008778,mixed
2.290508474576271,1.3728813559322035,4.147698633118436,mixed
2.290508474576271,1.3983050847457628,4.205052345630713,mixed
2.290508474576271,1.4237288135593222,4.262403287560317,mixed
2.290508474576271,1.4491525423728815,4.31975174048395,mixed
2.290508474576271,1.4745762711864407,4.377097964412817,mixed
2.290508474576271,1.5,4.434442199502816,mixed
2.341186440677966,0.0,1.0,mixed
2.341186440677966,0.025423728813559324,1.0623540205618074,mixed
2.341186440677966,0.05084745762711865,1.1246171989981395,mixed
2.341186440677966,0.07627118644067797,1.1866469478511463,mixed
2.341186440677966,0.1016949152542373,1.2483810690473693,mixed
2.341186440677966,0.1271186440677966,1.3098007149118203,mixed
2.341186440677966,0.15254237288135594,1.3709098886043922,mixed
2.341186440677966,0.17796610169491528,1.4317241089135828,mixed
2.341186440677966,0.2033898305084746,1.492264143215008,mixed
2.341186440677966,0.2288135593220339,1.5525525612818456,mixed
2.341186440677966,0.2542372881355932,1.6126118723142344,mixed
2.341186440677966,0.2796610169491526,1.6724635565210473,mixed
2.341186440677966,0.3050847457627119,1.7321276033293118,mixed
2.341186440677966,0.3305084745762712,1.7916223351424518,mixed
2.341186440677966,0.35593220338983056,1.8509643894553898,mixed
2.341186440677966,0.38135593220338987,1.9101687857088872,mixed
2.341186440677966,0.4067796610169492,1.9692490342240996,mixed
2.341186440677966,0.4322033898305085,2.0282172626373365,mixed
2.341186440677966,0.4576271186440678,2.0870843458948265,mixed
2.341186440677966,0.48305084745762716,2.1458600321556753,mixed
2.341186440677966,0.5084745762711864,2.2045530606669144,mixed
2.341186440677966,0.5338983050847458,2.263171269856187,mixed
2.341186440677966,0.5593220338983051,2.3217216951487996,mixed
2.341186440677966,0.5847457627118644,2.3802106567238397,mixed
2.341186440677966,0.6101694915254238,2.4386438377992588,mixed
2.341186440677966,0.6355932203389831,2.4970263542129048,mixed
2.341186440677966,0.6610169491525424,2.555362816126894,mixed
2.341186440677966,0.6864406779661018,2.6136573826763683,mixed
2.341186440677966,0.7118644067796611,2.6719138103411253,mixed
2.341186440677966,0.7372881355932204,2.730135495758041,mixed
2.341186440677966,0.7627118644067797,2.788325513624658,mixed
2.341186440677966,0.788135593220339,2.8464866502762467,mixed
2.341186440677966,0.8135593220338984,2.9046214334534852,mixed
2.341186440677966,0.8389830508474577,2.962732158717473,mixed
2.341186440677966,0.864406779661017,3.020820912914051,mixed
2.341186440677966,0.8898305084745763,3.0788895950402746,mixed
2.341186440677966,0.9152542372881356,3.136939934822345,mixed
2.341186440677966,0.940677966101695,3.194973509275853,mixed
2.341186440677966,0.9661016949152543,3.252991757485553,mixed
2.341186440677966,0.9915254237288136,3.310995993812348,mixed
2.341186440677966,1.0169491525423728,3.3689874197094216,mixed
2.341186440677966,1.0423728813559323,3.426967134306968,mixed
2.341186440677966,1.0677966101694916,3.484936143905438,mixed
2.341186440677966,1.0932203389830508,3.54289537050011,mixed
2.341186440677966,1.1186440677966103,3.600845659444902,mixed
2.341186440677966,1.1440677966101696,3.6587877863504286,mixed
2.341186440677966,1.1694915254237288,3.7167224632999507,mixed
2.341186440677966,1.1949152542372883,3.774650344456969,mixed
2.341186440677966,1.2203389830508475,3.8325720311296165,mixed
2.341186440677966,1.2457627118644068,3.890488076349393,mixed
2.341186440677966,1.2711864406779663,3.94839898901523,mixed
2.341186440677966,1.2966101694915255,4.006305237648034,mixed
2.341186440677966,1.3220338983050848,4.064207253795732,mixed
2.341186440677966,1.3474576271186443,4.122105435124454,mixed
2.341186440677966,1.3728813559322035,4.180000148227498,mixed
2.341186440677966,1.3983050847457628,4.237891731180188,mixed
2.341186440677966,1.4237288135593222,4.295780495865862,mixed
2.341186440677966,1.4491525423728815,4.353666730095284,mixed
2.341186440677966,1.4745762711864407,4.411550699539638,mixed
2.341186440677966,1.5,4.469432649494914,mixed
2.391864406779661,0.0,1.0000000000000002,mixed
2.391864406779661,0.025423728813559324,1.0633977077621974,mixed
2.391864406779661,0.05084745762711865,1.126599175113869,mixed
2.391864406779661,0.07627118644067797,1.1894851445089605,mixed
2.391864406779661,0.1016949152542373,1.2520118011398709,mixed
2.391864406779661,0.1271186440677966,1.314174320658748,mixed
2.391864406779661,0.15254237288135594,1.375987312198,mixed
2.391864406779661,0.17796610169491528,1.4374743335033366,mixed
2.391864406779661,0.2033898305084746,1.4986622890917856,mixed
2.391864406779661,0.2288135593220339,1.55957847810284,mixed
2.391864406779661,0.2542372881355932,1.6202490914326166,mixed
2.391864406779661,0.2796610169491526,1.6806985047724108,mixed
2.391864406779661,0.3050847457627119,1.740949007292735,mixed
2.391864406779661,0.3305084745762712,1.801020765146548,mixed
2.391864406779661,0.35593220338983056,1.8609319070228465,mixed
2.391864406779661,0.38135593220338987,1.9206986683075922,mixed
2.391864406779661,0.4067796610169492,1.980335558367171,mixed
2.391864406779661,0.4322033898305085,2.0398555314546813,mixed
2.391864406779661,0.4576271186440678,2.099270150921293,mixed
2.391864406779661,0.48305084745762716,2.1585897416851836,mixed
2.391864406779661,0.5084745762711864,2.2178235289112003,mixed
2.391864406779661,0.5338983050847458,2.2769797625296944,mixed
2.391864406779661,0.5593220338983051,2.336065828123149,mixed
2.391864406779661,0.5847457627118644,2.3950883451569176,mixed
2.391864406779661,0.6101694915254238,2.4540532537168294,mixed
2.391864406779661,0.6355932203389831,2.5129658909550825,mixed
2.391864406779661,0.6610169491525424,2.5718310584038244,mixed
2.391864406779661,0.6864406779661018,2.630653081233445,mixed
2.391864406779661,0.7118644067796611,2.689435860432588,mixed
2.391864406779661,0.7372881355932204,2.7481829187830082,mixed
2.391864406779661,0.7627118644067797,2.806897441401834,mixed
2.391864406779661,0.788135593220339,2.8655823115302232,mixed
2.391864406779661,0.8135593220338984,2.924240142162568,mixed
2.391864406779661,0.8389830508474577,2.982873304034773,mixed
2.391864406779661,0.864406779661017,3.0414839504232636,mixed
2.391864406779661,0.8898305084745763,3.1000740391478634,mixed
2.391864406779661,0.9152542372881356,3.1586453521206423,mixed
2.391864406779661,0.940677966101695,3.2171995127384,mixed
2.391864406779661,0.9661016949152543,3.2757380013780217,mixed
2.391864406779661,0.9915254237288136,3.3342621692205494,mixed
2.391864406779661,1.0169491525423728,3.392773250600992,mixed
2.391864406779661,1.0423728813559323,3.451272374055793,mixed
2.391864406779661,1.0677966101694916,3.509760572218389,mixed
2.391864406779661,1.0932203389830508,3.568238790694342,mixed
2.391864406779661,1.1186440677966103,3.626707896031395,mixed
2.391864406779661,1.1440677966101696,3.685168682885647,mixed
2.391864406779661,1.1694915254237288,3.743621880472697,mixed
2.391864406779661,1.1949152542372883,3.802068158382033,mixed
2.391864406779661,1.2203389830508475,3.860508131823575,mixed
2.391864406779661,1.2457627118644068,3.9189423663671605,mixed
2.391864406779661,1.2711864406779663,3.977371382228747,mixed
2.391864406779661,1.2966101694915255,4.035795658150814,mixed
2.391864406779661,1.3220338983050848,4.0942156349191,mixed
2.391864406779661,1.3474576271186443,4.152631718553006,mixed
2.391864406779661,1.3728813559322035,4.211044283202864,mixed
2.391864406779661,1.3983050847457628,4.269453673783525,mixed
2.391864406779661,1.4237288135593222,4.327860208370559,mixed
2.391864406779661,1.4491525423728815,4.386264180382515,mixed
2.391864406779661,1.4745762711864407,4.444665860570046,mixed
2.391864406779661,1.5,4.503065498830704,mixed
2.442542372881356,0.0,1.0,mixed
2.442542372881356,0.025423728813559324,1.0644048921923648,mixed
2.442542372881356,0.05084745762711865,1.1285085431996413,mixed
2.442542372881356,0.07627118644067797,1.1922160360712852,mixed
2.442542372881356,0.1016949152542373,1.2555022387777877,mixed
2.442542372881356,0.1271186440677966,1.3183763312511183,mixed
2.442542372881356,0.15254237288135594,1.3808633829311716,mixed
2.442542372881356,0.17796610169491528,1.4429948071138474,mixed
2.442542372881356,0.2033898305084746,1.5048034631770904,mixed
2.442542372881356,0.2288135593220339,1.5663212138037246,mixed
2.442542372881356,0.2542372881355932,1.6275777867869707,mixed
2.442542372881356,0.2796610169491526,1.6886003293966825,mixed
2.442542372881356,0.3050847457627119,1.7494133255582853,mixed
2.442542372881356,0.3305084745762712,1.8100386965747373,mixed
2.442542372881356,0.35593220338983056,1.8704959876165657,mixed
2.442542372881356,0.38135593220338987,1.9308025869363927,mixed
2.442542372881356,0.4067796610169492,1.990973949562616,mixed
2.442542372881356,0.4322033898305085,2.051023811048064,mixed
2.442542372881356,0.4576271186440678,2.1109643845459583,mixed
2.442542372881356,0.48305084745762716,2.170806538729898,mixed
2.442542372881356,0.5084745762711864,2.2305599563608784,mixed
2.442542372881356,0.5338983050847458,2.290233274477918,mixed
2.442542372881356,0.5593220338983051,2.3498342077328784,mixed
2.442542372881356,0.5847457627118644,2.4093696565829625,mixed
2.442542372881356,0.6101694915254238,2.468845802056235,mixed
2.442542372881356,0.6355932203389831,2.5282681887096934,mixed
2.442542372881356,0.6610169491525424,2.5876417972581662,mixed
2.442542372881356,0.6864406779661018,2.646971108196276,mixed
2.442542372881356,0.7118644067796611,2.706260157580437,mixed
2.442542372881356,0.7372881355932204,2.7655125859922993,mixed
2.442542372881356,0.7627118644067797,2.82473168157265,mixed
2.442542372881356,0.788135593220339,2.883920417896911,mixed
2.442542372881356,0.8135593220338984,2.9430814873596858,mixed
2.442542372881356,0.8389830508474577,3.0022173306455766,mixed
2.442542372881356,0.864406779661017,3.0613301627851257,mixed
2.442542372881356,0.8898305084745763,3.1204219962272974,mixed
2.442542372881356,0.9152542372881356,3.1794946613016037,mixed
2.442542372881356,0.940677966101695,3.2385498243930018,mixed
2.442542372881356,0.9661016949152543,3.297589004109627,mixed
2.442542372881356,0.9915254237288136,3.356613585686418,mixed
2.442542372881356,1.0169491525423728,3.4156248338357975,mixed
2.442542372881356,1.0423728813559323,3.47462390422933,mixed
2.442542372881356,1.0677966101694916,3.533611853770441,mixed
2.442542372881356,1.0932203389830508,3.5925896497981724,mixed
2.442542372881356,1.1186440677966103,3.6515581783440707,mixed
2.442542372881356,1.1440677966101696,3.7105182515493724,mixed
2.442542372881356,1.1694915254237288,3.7694706143362895,mixed
2.442542372881356,1.1949152542372883,3.8284159504157746,mixed
2.442542372881356,1.2203389830508475,3.8873548877043596,mixed
2.442542372881356,1.2457627118644068,3.946288003213854,mixed
2.442542372881356,1.2711864406779663,4.005215827470264,mixed
2.442542372881356,1.2966101694915255,4.064138848511683,mixed
2.442542372881356,1.3220338983050848,4.123057515509224,mixed
2.442542372881356,1.3474576271186443,4.1819722420499295,mixed
2.442542372881356,1.3728813559322035,4.2408834091163365,mixed
2.442542372881356,1.3983050847457628,4.299791367793363,mixed
2.442542372881356,1.4237288135593222,4.358696441729926,mixed
2.442542372881356,1.4491525423728815,4.4175989293795785,mixed
2.442542372881356,1.4745762711864407,4.476499106041907,mixed
2.442542372881356,1.5,4.535397225724123,mixed
2.493220338983051,0.0,1.0,mixed
2.493220338983051,0.025423728813559324,1.0653762298474396,mixed
2.493220338983051,0.05084745762711865,1.1303469904783265,mixed
2.493220338983051,0.07627118644067797,1.194842538970478,mixed
2.493220338983051,0.1016949152542373,1.258856614057116,mixed
2.493220338983051,0.1271186440677966,1.3224123167253534,mixed
2.493220338983051,0.15254237288135594,1.3855449964253976,mixed
2.493220338983051,0.17796610169491528,1.4482937212885643,mixed
2.493220338983051,0.2033898305084746,1.5106971157778022,mixed
2.493220338983051,0.2288135593220339,1.5727914382017452,mixed
2.493220338983051,0.2542372881355932,1.6346098092226276,mixed
2.493220338983051,0.2796610169491526,1.6961820259824467,mixed
2.493220338983051,0.3050847457627119,1.7575346649908092,mixed
2.493220338983051,0.3305084745762712,1.8186913170959174,mixed
2.493220338983051,0.35593220338983056,1.8796728721728888,mixed
2.493220338983051,0.38135593220338987,1.9404978110208029,mixed
2.493220338983051,0.4067796610169492,2.001182483476447,mixed
2.493220338983051,0.4322033898305085,2.0617413633616257,mixed
2.493220338983051,0.4576271186440678,2.122187277076965,mixed
2.493220338983051,0.48305084745762716,2.1825316058731077,mixed
2.493220338983051,0.5084745762711864,2.242784463407381,mixed
2.493220338983051,0.5338983050847458,2.302954850872417,mixed
2.493220338983051,0.5593220338983051,2.3630507921780577,mixed
2.493220338983051,0.5847457627118644,2.4230794516114593,mixed
2.493220338983051,0.6101694915254238,2.4830472362230873,mixed
2.493220338983051,0.6355932203389831,2.5429598849595387,mixed
2.493220338983051,0.6610169491525424,2.602822546327388,mixed
2.493220338983051,0.6864406779661018,2.6626398461448484,mixed
2.493220338983051,0.7118644067796611,2.7224159467297717,mixed
2.493220338983051,0.7372881355932204,2.7821545986868665,mixed
2.493220338983051,0.7627118644067797,2.8418591862941547,mixed
2.493220338983051,0.788135593220339,2.901532767347446,mixed
2.493220338983051,0.8135593220338984,2.961178108200054,mixed
2.493220338983051,0.8389830508474577,3.0207977146306715,mixed
2.493220338983051,0.864406779661017,3.080393859083097,mixed
2.493220338983051,0.8898305084745763,3.1399686047454725,mixed
2.493220338983051,0.9152542372881356,3.199523826871596,mixed
2.493220338983051,0.940677966101695,3.259061231691498,mixed
2.493220338983051,0.9661016949152543,3.318582373211031,mixed
2.493220338983051,0.9915254237288136,3.3780886681598394,mixed
2.493220338983051,1.0169491525423728,3.4375814093123247,mixed
2.493220338983051,1.0423728813559323,3.4970617773766457,mixed
2.493220338983051,1.0677966101694916,3.5565308516212557,mixed
2.493220338983051,1.0932203389830508,3.6159896193866303,mixed
2.493220338983051,1.1186440677966103,3.6754389846109503,mixed
2.493220338983051,1.1440677966101696,3.734879775482372,mixed
2.493220338983051,1.1694915254237288,3.794312751316299,mixed
2.493220338983051,1.1949152542372883,3.8537386087441416,mixed
2.493220338983051,1.2203389830508475,3.9131579872893534,mixed
2.493220338983051,1.2457627118644068,3.9725714743975233,mixed
2.493220338983051,1.2711864406779663,4.031979609979259,mixed
2.493220338983051,1.2966101694915255,4.091382890517798,mixed
2.493220338983051,1.3220338983050848,4.150781772787132,mixed
2.493220338983051,1.3474576271186443,4.210176677221211,mixed
2.493220338983051,1.3728813559322035,4.269567990970209,mixed
2.493220338983051,1.3983050847457628,4.328956070675706,mixed
2.493220338983051,1.4237288135593222,4.388341244993185,mixed
2.493220338983051,1.4491525423728815,4.447723816887022,mixed
2.493220338983051,1.4745762711864407,4.507104065720486,mixed
2.493220338983051,1.5,4.566482249160786,mixed
2.543898305084746,0.0,1.0,mixed
2.543898305084746,0.025423728813559324,1.0663124425722175,mixed
2.543898305084746,0.05084745762711865,1.1321162956289725,mixed
2.543898305084746,0.07627118644067797,1.1973676548920513,mixed
2.543898305084746,0.1016949152542373,1.2620792163636847,mixed
2.543898305084746,0.1271186440677966,1.32628786277238,mixed
2.543898305084746,0.15254237288135594,1.3900390143420207,mixed
2.543898305084746,0.17796610169491528,1.4533791797778464,mixed
2.543898305084746,0.2033898305084746,1.516352553751149,mixed
2.543898305084746,0.2288135593220339,1.5789996216659712,mixed
2.543898305084746,0.2542372881355932,1.6413567546848504,mixed
2.543898305084746,0.2796610169491526,1.7034562808223046,mixed
2.543898305084746,0.3050847457627119,1.7653267700888988,mixed
2.543898305084746,0.3305084745762712,1.826993400387927,mixed
2.543898305084746,0.35593220338983056,1.888478337485338,mixed
2.543898305084746,0.38135593220338987,1.9498010971370163,mixed
2.543898305084746,0.4067796610169492,2.010978875604416,mixed
2.543898305084746,0.4322033898305085,2.0720268441571306,mixed
2.543898305084746,0.4576271186440678,2.1329584078523376,mixed
2.543898305084746,0.48305084745762716,2.1937854310783518,mixed
2.543898305084746,0.5084745762711864,2.254518433226163,mixed
2.543898305084746,0.5338983050847458,2.315166758045032,mixed
2.543898305084746,0.5593220338983051,2.37573872009151,mixed
2.543898305084746,0.5847457627118644,2.436241731382458,mixed
2.543898305084746,0.6101694915254238,2.496682411011146,mixed
2.543898305084746,0.6355932203389831,2.557066680132678,mixed
2.543898305084746,0.6610169491525424,2.6173998443956688,mixed
2.543898305084746,0.6864406779661018,2.6776866656011773,mixed
2.543898305084746,0.7118644067796611,2.7379314241108084,mixed
2.543898305084746,0.7372881355932204,2.7981379733016256,mixed
2.543898305084746,0.7627118644067797,2.8583097871736025,mixed
2.543898305084746,0.788135593220339,2.918450002051832,mixed
2.543898305084746,0.8135593220338984,2.978561453186917,mixed
2.543898305084746,0.8389830508474577,3.0386467069393825,mixed
2.543898305084746,0.864406779661017,3.0987080891343686,mixed
2.543898305084746,0.8898305084745763,3.158747710088547,mixed
2.543898305084746,0.9152542372881356,3.218767486739836,mixed
2.543898305084746,0.940677966101695,3.2787691622497404,mixed
2.543898305084746,0.9661016949152543,3.338754323396872,mixed
2.543898305084746,0.9915254237288136,3.3987244160362757,mixed
2.543898305084746,1.0169491525423728,3.45868075886198,mixed
2.543898305084746,1.0423728813559323,3.5186245556783167,mixed
2.543898305084746,1.0677966101694916,3.5785569063583265,mixed
2.543898305084746,1.0932203389830508,3.638478816644283,mixed
2.543898305084746,1.1186440677966103,3.6983912069252733,mixed
2.543898305084746,1.1440677966101696,3.758294920109634,mixed
2.543898305084746,1.1694915254237288,3.818190728695141,mixed
2.543898305084746,1.1949152542372883,3.8780793411270746,mixed
2.543898305084746,1.2203389830508475,3.9379614075231846,mixed
2.543898305084746,1.2457627118644068,3.997837524835013,mixed
2.543898305084746,1.2711864406779663,4.057708241506628,mixed
2.543898305084746,1.2966101694915255,4.117574061684656,mixed
2.543898305084746,1.3220338983050848,4.177435449027143,mixed
2.543898305084746,1.3474576271186443,4.237292830153252,mixed
2.543898305084746,1.3728813559322035,4.297146597771031,mixed
2.543898305084746,1.3983050847457628,4.356997113516248,mixed
2.543898305084746,1.4237288135593222,4.416844710531558,mixed
2.543898305084746,1.4491525423728815,4.476689695812086,mixed
2.543898305084746,1.4745762711864407,4.536532352340615,mixed
2.543898305084746,1.5,4.596372941033076,mixed
2.594576271186441,0.0,1.0,mixed
2.594576271186441,0.025423728813559324,1.0672143062350041,mixed
2.594576271186441,0.05084745762711865,1.133818307052064,mixed
2.594576271186441,0.07627118644067797,1.1997944420668758,mixed
2.594576271186441,0.1016949152542373,1.26517435942764,mixed
2.594576271186441,0.1271186440677966,1.3300085357047446,mixed
2.594576271186441,0.15254237288135594,1.3943522288162604,mixed
2.594576271186441,0.17796610169491528,1.458259163506672,mixed
2.594576271186441,0.2033898305084746,1.5217789067088854,mixed
2.594576271186441,0.2288135593220339,1.5849560030011802,mixed
2.594576271186441,0.2542372881355932,1.6478299340453335,mixed
2.594576271186441,0.2796610169491526,1.7104354428218804,mixed
2.594576271186441,0.3050847457627119,1.772802997033515,mixed
2.594576271186441,0.3305084745762712,1.834959282328059,mixed
2.594576271186441,0.35593220338983056,1.8969276745038217,mixed
2.594576271186441,0.38135593220338987,1.958728669364272,mixed
2.594576271186441,0.4067796610169492,2.0203802636086863,mixed
2.594576271186441,0.4322033898305085,2.0818982872588645,mixed
2.594576271186441,0.4576271186440678,2.143296691313968,mixed
2.594576271186441,0.48305084745762716,2.2045877955129414,mixed
2.594576271186441,0.5084745762711864,2.2657825012717017,mixed
2.594576271186441,0.5338983050847458,2.3268904745787453,mixed
2.594576271186441,0.5593220338983051,2.3879203031532885,mixed
2.594576271186441,0.5847457627118644,2.4488796316358927,mixed
2.594576271186441,0.6101694915254238,2.5097752780615314,mixed
2.594576271186441,0.6355932203389831,2.5706133343903836,mixed
2.594576271186441,0.6610169491525424,2.631399253453112,mixed
2.594576271186441,0.6864406779661018,2.692137924305919,mixed
2.594576271186441,0.7118644067796611,2.7528337376824807,mixed
2.594576271186441,0.7372881355932204,2.8134906429688256,mixed
2.594576271186441,0.7627118644067797,2.8741121979074737,mixed
2.594576271186441,0.788135593220339,2.934701612052343,mixed
2.594576271186441,0.8135593220338984,2.995261784840721,mixed
2.594576271186441,0.8389830508474577,3.0557953390184034,mixed
2.594576271186441,0.864406779661017,3.1163046500445644,mixed
2.594576271186441,0.8898305084745763,3.1767918720108814,mixed
2.594576271186441,0.9152542372881356,3.2372589605318565,mixed
2.594576271186441,0.940677966101695,3.297707692997819,mixed
2.594576271186441,0.9661016949152543,3.358139686526718,mixed
2.594576271186441,0.9915254237288136,3.418556413903927,mixed
2.594576271186441,1.0169491525423728,3.4789592177595114,mixed
2.594576271186441,1.0423728813559323,3.5393493231984126,mixed
2.594576271186441,1.0677966101694916,3.599727849070247,mixed
2.594576271186441,1.0932203389830508,3.660095818040644,mixed
2.594576271186441,1.1186440677966103,3.7204541656049486,mixed
2.594576271186441,1.1440677966101696,3.7808037481669357,mixed
2.594576271186441,1.1694915254237288,3.8411453502896364,mixed
2.594576271186441,1.1949152542372883,3.9014796912118856,mixed
2.594576271186441,1.2203389830508475,3.9618074307125983,mixed
2.594576271186441,1.2457627118644068,4.022129174394804,mixed
2.594576271186441,1.2711864406779663,4.082445478452625,mixed
2.594576271186441,1.2966101694915255,4.142756853976988,mixed
2.594576271186441,1.3220338983050848,4.203063770849191,mixed
2.594576271186441,1.3474576271186443,4.263366661265697,mixed
2.594576271186441,1.3728813559322035,4.323665922932576,mixed
2.594576271186441,1.3983050847457628,4.383961921963638,mixed
2.594576271186441,1.4237288135593222,4.444254995512415,mixed
2.594576271186441,1.4491525423728815,4.5045454541648215,mixed
2.594576271186441,1.4745762711864407,4.564833584116389,mixed
2.594576271186441,1.5,4.62511964915531,mixed
2.645254237288136,0.0,1.0,mixed
2.645254237288136,0.025423728813559324,1.0680826400877812,mixed
2.645254237288136,0.05084745762711865,1.1354549237202949,mixed
2.645254237288136,0.07627118644067797,1.202125990435647,mixed
2.645254237288136,0.1016949152542373,1.2681463532918669,mixed
2.645254237288136,0.1271186440677966,1.3335798531193084,mixed
2.645254237288136,0.15254237288135594,1.3984913331430404,mixed
2.645254237288136,0.17796610169491528,1.4629415021724563,mixed
2.645254237288136,0.2033898305084746,1.5269851000966055,mixed
2.645254237288136,0.2288135593220339,1.5906705643553432,mixed
2.645254237288136,0.2542372881355932,1.6540403500327083,mixed
2.645254237288136,0.2796610169491526,1.7171315025464322,mixed
2.645254237288136,0.3050847457627119,1.7799762948765914,mixed
2.645254237288136,0.3305084745762712,1.84260284430613,mixed
2.645254237288136,0.35593220338983056,1.9050356737271585,mixed
2.645254237288136,0.38135593220338987,1.9672962066952884,mixed
2.645254237288136,0.4067796610169492,2.029403196675365,mixed
2.645254237288136,0.4322033898305085,2.091373095783078,mixed
2.645254237288136,0.4576271186440678,2.1532203700326025,mixed
2.645254237288136,0.48305084745762716,2.214957768293056,mixed
2.645254237288136,0.5084745762711864,2.2765965516694893,mixed
2.645254237288136,0.5338983050847458,2.3381466892764613,mixed
2.645254237288136,0.5593220338983051,2.399617025569502,mixed
2.645254237288136,0.5847457627118644,2.4610154236375155,mixed
2.645254237288136,0.6101694915254238,2.522348888176551,mixed
2.645254237288136,0.6355932203389831,2.5836236712732537,mixed
2.645254237288136,0.6610169491525424,2.6448453636221667,mixed
2.645254237288136,0.6864406779661018,2.7060189733764854,mixed
2.645254237288136,0.7118644067796611,2.767148994476835,mixed
2.645254237288136,0.7372881355932204,2.828239466006368,mixed
2.645254237288136,0.7627118644067797,2.8892940238741485,mixed
2.645254237288136,0.788135593220339,2.950315945923598,mixed
2.645254237288136,0.8135593220338984,3.0113081913921063,mixed
2.645254237288136,0.8389830508474577,3.0722734355054735,mixed
2.645254237288136,0.864406779661017,3.133214099872016,mixed
2.645254237288136,0.8898305084745763,3.1941323792416956,mixed
2.645254237288136,0.9152542372881356,3.2550302651122482,mixed
2.645254237288136,0.940677966101695,3.315909566594165,mixed
2.645254237288136,0.9661016949152543,3.376771928887367,mixed
2.645254237288136,0.9915254237288136,3.4376188496725493,mixed
2.645254237288136,1.0169491525423728,3.4984516936779446,mixed
2.645254237288136,1.0423728813559323,3.559271705646454,mixed
2.645254237288136,1.0677966101694916,3.6200800218976568,mixed
2.645254237288136,1.0932203389830508,3.680877680653163,mixed
2.645254237288136,1.1186440677966103,3.7416656312716694,mixed
2.645254237288136,1.1440677966101696,3.802444742520983,mixed
2.645254237288136,1.1694915254237288,3.8632158099980454,mixed
2.645254237288136,1.1949152542372883,3.923979562793802,mixed
2.645254237288136,1.2203389830508475,3.984736669487872,mixed
2.645254237288136,1.2457627118644068,4.0454877435473,mixed
2.645254237288136,1.2711864406779663,4.106233348194727,mixed
2.645254237288136,1.2966101694915255,4.166974000803499,mixed
2.645254237288136,1.3220338983050848,4.227710176870295,mixed
2.645254237288136,1.3474576271186443,4.288442313609996,mixed
2.645254237288136,1.3728813559322035,4.349170813212322,mixed
2.645254237288136,1.3983050847457628,4.409896045795237,mixed
2.645254237288136,1.4237288135593222,4.470618352086103,mixed
2.645254237288136,1.4491525423728815,4.531338045858183,mixed
2.645254237288136,1.4745762711864407,4.592055416146971,mixed
2.645254237288136,1.5,4.652770729268179,mixed
2.6959322033898308,0.0,1.0,mixed
2.6959322033898308,0.025423728813559324,1.0689182972472089,mixed
2.6959322033898308,0.05084745762711865,1.1370280784055102,mixed
2.6959322033898308,0.07627118644067797,1.2043654003026065,mixed
2.6959322033898308,0.1016949152542373,1.2709994806439116,mixed
2.6959322033898308,0.1271186440677966,1.3370072595608808,mixed
2.6959322033898308,0.15254237288135594,1.4024628979035276,mixed
2.6959322033898308,0.17796610169491528,1.4674338515713556,mixed
2.6959322033898308,0.2033898305084746,1.5319798341778315,mixed
2.6959322033898308,0.2288135593220339,1.5961530121290557,mixed
2.6959322033898308,0.2542372881355932,1.6599986802074629,mixed
2.6959322033898308,0.2796610169491526,1.7235560773175624,mixed
2.6959322033898308,0.3050847457627119,1.7868591927617299,mixed
2.6959322033898308,0.3305084745762712,1.8499375025370546,mixed
2.6959322033898308,0.35593220338983056,1.9128166165545866,mixed
2.6959322033898308,0.38135593220338987,1.975518836361779,mixed
2.6959322033898308,0.4067796610169492,2.038063630743011,mixed
2.6959322033898308,0.4322033898305085,2.100468039196267,mixed
2.6959322033898308,0.4576271186440678,2.1627470135229445,mixed
2.6959322033898308,0.48305084745762716,2.2249137069845917,mixed
2.6959322033898308,0.5084745762711864,2.2869797193343473,mixed
2.6959322033898308,0.5338983050847458,2.3489553048318523,mixed
2.6959322033898308,0.5593220338983051,2.4108495492344275,mixed
2.6959322033898308,0.5847457627118644,2.472670520774638,mixed
2.6959322033898308,0.6101694915254238,2.534425399295047,mixed
2.6959322033898308,0.6355932203389831,2.5961205870057813,mixed
2.6959322033898308,0.6610169491525424,2.6577618037443327,mixed
2.6959322033898308,0.6864406779661018,2.719354169132002,mixed
2.6959322033898308,0.7118644067796611,2.7809022736213542,mixed
2.6959322033898308,0.7372881355932204,2.8424102400994022,mixed
2.6959322033898308,0.7627118644067797,2.9038817774392527,mixed
2.6959322033898308,0.788135593220339,2.9653202271685974,mixed
2.6959322033898308,0.8135593220338984,3.0267286042377837,mixed
2.6959322033898308,0.8389830508474577,3.088109632716314,mixed
2.6959322033898308,0.864406779661017,3.149465777118843,mixed
2.6959322033898308,0.8898305084745763,3.210799269955242,mixed
2.6959322033898308,0.9152542372881356,3.2721121360104,mixed
2.6959322033898308,0.940677966101695,3.33340621378491,mixed
2.6959322033898308,0.9661016949152543,3.3946831744652806,mixed
2.6959322033898308,0.9915254237288136,3.4559445387396455,mixed
2.6959322033898308,1.0169491525423728,3.5171916917304507,mixed
2.6959322033898308,1.0423728813559323,3.5784258962779614,mixed
2.6959322033898308,1.0677966101694916,3.639648304776524,mixed
2.6959322033898308,1.0932203389830508,3.700859969738227,mixed
2.6959322033898308,1.1186440677966103,3.7620618532354944,mixed
2.6959322033898308,1.1440677966101696,3.8232548353543137,mixed
2.6959322033898308,1.1694915254237288,3.884439721772692,mixed
2.6959322033898308,1.1949152542372883,3.9456172505644918,mixed
2.6959322033898308,1.2203389830508475,4.00678809831603,mixed
2.6959322033898308,1.2457627118644068,4.0679528856321845,mixed
2.6959322033898308,1.2711864406779663,4.129112182099157,mixed
2.6959322033898308,1.2966101694915255,4.1902665107630765,mixed
2.6959322033898308,1.3220338983050848,4.251416352176473,mixed
2.6959322033898308,1.3474576271186443,4.312562148058546,mixed
2.6959322033898308,1.3728813559322035,4.373704304609811,mixed
2.6959322033898308,1.3983050847457628,4.434843195517003,mixed
2.6959322033898308,1.4237288135593222,4.495979164680064,mixed
2.6959322033898308,1.4491525423728815,4.557112528689445,mixed
2.6959322033898308,1.4745762711864407,4.618243579078817,mixed
2.6959322033898308,1.5,4.679372584375529,mixed
2.7466101694915257,0.0,1.0,mixed
2.7466101694915257,0.025423728813559324,1.0697221562250596,mixed
2.7466101694915257,0.05084745762711865,1.13853972307467,mixed
2.7466101694915257,0.07627118644067797,1.2065157641162976,mixed
2.7466101694915257,0.1016949152542373,1.2737379770046848,mixed
2.7466101694915257,0.1271186440677966,1.3402961065586996,mixed
2.7466101694915257,0.15254237288135594,1.4062733518080885,mixed
2.7466101694915257,0.17796610169491528,1.4717436758552078,mixed
2.7466101694915257,0.2033898305084746,1.5367715680700853,mixed
2.7466101694915257,0.2288135593220339,1.601412762993597,mixed
2.7466101694915257,0.2542372881355932,1.6657152650583584,mixed
2.7466101694915257,0.2796610169491526,1.7297204014156915,mixed
2.7466101694915257,0.3050847457627119,1.7934637922169347,mixed
2.7466101694915257,0.3305084745762712,1.8569762024014165,mixed
2.7466101694915257,0.35593220338983056,1.9202842716161652,mixed
2.7466101694915257,0.38135593220338987,1.9834111320883243,mixed
2.7466101694915257,0.4067796610169492,2.046376928610045,mixed
2.7466101694915257,0.4322033898305085,2.1091992552056023,mixed
2.7466101694915257,0.4576271186440678,2.1718935218479642,mixed
2.7466101694915257,0.48305084745762716,2.234473262854717,mixed
2.7466101694915257,0.5084745762711864,2.2969503968057836,mixed
2.7466101694915257,0.5338983050847458,2.359335446188579,mixed
2.7466101694915257,0.5593220338983051,2.421637723557275,mixed
2.7466101694915257,0.5847457627118644,2.483865489797797,mixed
2.7466101694915257,0.6101694915254238,2.546026089099844,mixed
2.7466101694915257,0.6355932203389831,2.6081260644237556,mixed
2.7466101694915257,0.6610169491525424,2.6701712565849394,mixed
2.7466101694915257,0.6864406779661018,2.7321668895358324,mixed
2.7466101694915257,0.7118644067796611,2.794117643982395,mixed
2.7466101694915257,0.7372881355932204,2.856027721110375,mixed
2.7466101694915257,0.7627118644067797,2.917900897900473,mixed
2.7466101694915257,0.788135593220339,2.979740575268619,mixed
2.7466101694915257,0.8135593220338984,3.0415498200678734,mixed
2.7466101694915257,0.8389830508474577,3.1033314018236626,mixed
2.7466101694915257,0.864406779661017,3.16508782493769,mixed
2.7466101694915257,0.8898305084745763,3.226821356982793,mixed
2.7466101694915257,0.9152542372881356,3.2885340536168246,mixed
2.7466101694915257,0.940677966101695,3.3502277805649685,mixed
2.7466101694915257,0.9661016949152543,3.4119042330540714,mixed
2.7466101694915257,0.9915254237288136,3.473564953027232,mixed
2.7466101694915257,1.0169491525423728,3.5352113444202984,mixed
2.7466101694915257,1.0423728813559323,3.5968446867424957,mixed
2.7466101694915257,1.0677966101694916,3.6584661471700963,mixed
2.7466101694915257,1.0932203389830508,3.7200767913337014,mixed
2.7466101694915257,1.1186440677966103,3.781677592955454,mixed
2.7466101694915257,1.1440677966101696,3.8432694424720997,mixed
2.7466101694915257,1.1694915254237288,3.9048531547619163,mixed
2.7466101694915257,1.1949152542372883,3.9664294760786127,mixed
2.7466101694915257,1.2203389830508475,4.027999090282129,mixed
2.7466101694915257,1.2457627118644068,4.08956262444509,mixed
2.7466101694915257,1.2711864406779663,4.151120653904051,mixed
2.7466101694915257,1.2966101694915255,4.212673706816089,mixed
2.7466101694915257,1.3220338983050848,4.274222268274271,mixed
2.7466101694915257,1.3474576271186443,4.335766784028929,mixed
2.7466101694915257,1.3728813559322035,4.397307663856426,mixed
2.7466101694915257,1.3983050847457628,4.458845284612087,mixed
2.7466101694915257,1.4237288135593222,4.520379992999839,mixed
2.7466101694915257,1.4491525423728815,4.581912108087532,mixed
2.7466101694915257,1.4745762711864407,4.643441923593469,mixed
2.7466101694915257,1.5,4.704969709967087,mixed
2.7972881355932206,0.0,1.0,mixed
2.7972881355932206,0.025423728813559324,1.0704951134336154,mixed
2.7972881355932206,0.05084745762711865,1.1399918162538614,mixed
2.7972881355932206,0.07627118644067797,1.208580151038851,mixed
2.7972881355932206,0.1016949152542373,1.2763660143112716,mixed
2.7972881355932206,0.1271186440677966,1.343451636471209,mixed
2.7972881355932206,0.15254237288135594,1.4099289666119648,mixed
2.7972881355932206,0.17796610169491528,1.4758782340158532,mixed
2.7972881355932206,0.2033898305084746,1.54136850808577,mixed
2.7972881355932206,0.2288135593220339,1.6064589342385882,mixed
2.7972881355932206,0.2542372881355932,1.6712001004183907,mixed
2.7972881355932206,0.2796610169491526,1.7356353205697945,mixed
2.7972881355932206,0.3050847457627119,1.7998017636891135,mixed
2.7972881355932206,0.3305084745762712,1.8637314169752048,mixed
2.7972881355932206,0.35593220338983056,1.9274518952368438,mixed
2.7972881355932206,0.38135593220338987,1.990987116424457,mixed
2.7972881355932206,0.4067796610169492,2.0543578640668305,mixed
2.7972881355932206,0.4322033898305085,2.1175822556237063,mixed
2.7972881355932206,0.4576271186440678,2.18067613315117,mixed
2.7972881355932206,0.48305084745762716,2.2436533900094138,mixed
2.7972881355932206,0.5084745762711864,2.3065262449320114,mixed
2.7972881355932206,0.5338983050847458,2.369305472715573,mixed
2.7972881355932206,0.5593220338983051,2.432000599077151,mixed
2.7972881355932206,0.5847457627118644,2.4946200658272515,mixed
2.7972881355932206,0.6101694915254238,2.557171371371051,mixed
2.7972881355932206,0.6355932203389831,2.6196611906328426,mixed
2.7972881355932206,0.6610169491525424,2.6820954777583856,mixed
2.7972881355932206,0.6864406779661018,2.744479554351699,mixed
2.7972881355932206,0.7118644067796611,2.8068181855189254,mixed
2.7972881355932206,0.7372881355932204,2.869115645599576,mixed
2.7972881355932206,0.7627118644067797,2.931375775146234,mixed
2.7972881355932206,0.788135593220339,2.9936020304533786,mixed
2.7972881355932206,0.8135593220338984,3.0557975267227797,mixed
2.7972881355932206,0.8389830508474577,3.117965075777799,mixed
2.7972881355932206,0.864406779661017,3.180107219094409,mixed
2.7972881355932206,0.8898305084745763,3.242226256797453,mixed
2.7972881355932206,0.9152542372881356,3.304324273171389,mixed
2.7972881355932206,0.940677966101695,3.3664031591522097,mixed
2.7972881355932206,0.9661016949152543,3.4284646321982817,mixed
2.7972881355932206,0.9915254237288136,3.4905102538799193,mixed
2.7972881355932206,1.0169491525423728,3.552541445478917,mixed
2.7972881355932206,1.0423728813559323,3.61455950184825,mixed
2.7972881355932206,1.0677966101694916,3.6765656037474193,mixed
2.7972881355932206,1.0932203389830508,3.738560828839519,mixed
2.7972881355932206,1.1186440677966103,3.800546161511048,mixed
2.7972881355932206,1.1440677966101696,3.862522501654119,mixed
2.7972881355932206,1.1694915254237288,3.924490672532554,mixed
2.7972881355932206,1.1949152542372883,3.9864514278375727,mixed
2.7972881355932206,1.2203389830508475,4.0484054580254485,mixed
2.7972881355932206,1.2457627118644068,4.110353396017918,mixed
2.7972881355932206,1.2711864406779663,4.172295822336068,mixed
2.7972881355932206,1.2966101694915255,4.234233269729885,mixed
2.7972881355932206,1.3220338983050848,4.296166227358089,mixed
2.7972881355932206,1.3474576271186443,4.3580951445664144,mixed
2.7972881355932206,1.3728813559322035,4.420020434306801,mixed
2.7972881355932206,1.3983050847457628,4.481942476235107,mixed
2.7972881355932206,1.4237288135593222,4.543861619520527,mixed
2.7972881355932206,1.4491525423728815,4.605778185396245,mixed
2.7972881355932206,1.4745762711864407,4.667692469477473,mixed
2.7972881355932206,1.5,4.7296047438701665,mixed
2.847966101694915,0.0,1.0,mixed
2.847966101694915,0.025423728813559324,1.0712380765906087,mixed
2.847966101694915,0.05084745762711865,1.1413863121682466,mixed
2.847966101694915,0.07627118644067797,1.2105615939904584,mixed
2.847966101694915,0.1016949152542373,1.2788876874742983,mixed
2.847966101694915,0.1271186440677966,1.346478969634349,mixed
2.847966101694915,0.15254237288135594,1.4134358455338323,mixed
2.847966101694915,0.17796610169491528,1.4798445699789278,mixed
2.847966101694915,0.2033898305084746,1.5457785997251374,mixed
2.847966101694915,0.2288135593220339,1.6113003377715907,mixed
2.847966101694915,0.2542372881355932,1.6764628335049665,mixed
2.847966101694915,0.2796610169491526,1.7413112900267191,mixed
2.847966101694915,0.3050847457627119,1.8058843466038186,mixed
2.847966101694915,0.3305084745762712,1.8702151490258456,mixed
2.847966101694915,0.35593220338983056,1.934332235306698,mixed
2.847966101694915,0.38135593220338987,1.998260266423827,mixed
2.847966101694915,0.4067796610169492,2.062020629318296,mixed
2.847966101694915,0.4322033898305085,2.125631935470855,mixed
2.847966101694915,0.4576271186440678,2.1891104343772567,mixed
2.847966101694915,0.48305084745762716,2.2524703576746665,mixed
2.847966101694915,0.5084745762711864,2.3157242066572774,mixed
2.847966101694915,0.5338983050847458,2.3788829934497033,mixed
2.847966101694915,0.5593220338983051,2.4419564441137354,mixed
2.847966101694915,0.5847457627118644,2.5049531703678207,mixed
2.847966101694915,0.6101694915254238,2.567880815324317,mixed
2.847966101694915,0.6355932203389831,2.630746177632506,mixed
2.847966101694915,0.6610169491525424,2.693555317602811,mixed
2.847966101694915,0.6864406779661018,2.756313648236709,mixed
2.847966101694915,0.7118644067796611,2.819026013563948,mixed
2.847966101694915,0.7372881355932204,2.881696756267117,mixed
2.847966101694915,0.7627118644067797,2.9443297762324536,mixed
2.847966101694915,0.788135593220339,3.006928581388638,mixed
2.847966101694915,0.8135593220338984,3.069496331969406,mixed
2.847966101694915,0.8389830508474577,3.132035879150663,mixed
2.847966101694915,0.864406779661017,3.194549798860826,mixed
2.847966101694915,0.8898305084745763,3.257040421437637,mixed
2.847966101694915,0.9152542372881356,3.3195098577007576,mixed
2.847966101694915,0.940677966101695,3.3819600219232506,mixed
2.847966101694915,0.9661016949152543,3.4443926521129464,mixed
2.847966101694915,0.9915254237288136,3.506809327954568,mixed
2.847966101694915,1.0169491525423728,3.569211486712844,mixed
2.847966101694915,1.0423728813559323,3.631600437354333,mixed
2.847966101694915,1.0677966101694916,3.6939773731096754,mixed
2.847966101694915,1.0932203389830508,3.756343382667546,mixed
2.847966101694915,1.1186440677966103,3.818699460165701,mixed
2.847966101694915,1.1440677966101696,3.8810465141224606,mixed
2.847966101694915,1.1694915254237288,3.9433853754331465,mixed
2.847966101694915,1.1949152542372883,4.005716804539859,mixed
2.847966101694915,1.2203389830508475,4.068041497869202,mixed
2.847966101694915,1.2457627118644068,4.130360093620506,mixed
2.847966101694915,1.2711864406779663,4.192673176977081,mixed
2.847966101694915,1.2966101694915255,4.254981284803875,mixed
2.847966101694915,1.3220338983050848,4.3172849098874595,mixed
2.847966101694915,1.3474576271186443,4.379584504767493,mixed
2.847966101694915,1.3728813559322035,4.441880485202974,mixed
2.847966101694915,1.3983050847457628,4.5041732333116835,mixed
2.847966101694915,1.4237288135593222,4.566463100416637,mixed
2.847966101694915,1.4491525423728815,4.6287504096296574,mixed
2.847966101694915,1.4745762711864407,4.691035458198693,mixed
2.847966101694915,1.5,4.753318519642624,mixed
2.89864406779661,0.0,1.0,mixed
2.89864406779661,0.025423728813559324,1.0719519589491004,mixed
2.89864406779661,0.05084745762711865,1.1427251514767032,mixed
2.89864406779661,0.07627118644067797,1.2124630788814046,mixed
2.89864406779661,0.1016949152542373,1.2813070035315957,mixed
2.89864406779661,0.1271186440677966,1.3493830943640062,mixed
2.89864406779661,0.15254237288135594,1.4167999146747028,mixed
2.89864406779661,0.17796610169491528,1.4836495057658918,mixed
2.89864406779661,0.2033898305084746,1.5500095227525554,mixed
2.89864406779661,0.2288135593220339,1.6159454771815516,mixed
2.89864406779661,0.2542372881355932,1.6815127619828134,mixed
2.89864406779661,0.2796610169491526,1.7467583755892389,mixed
2.89864406779661,0.3050847457627119,1.8117223523330528,mixed
2.89864406779661,0.3305084745762712,1.8764389358529097,mixed
2.89864406779661,0.35593220338983056,1.9409375379324643,mixed
2.89864406779661,0.38135593220338987,2.0052435220430613,mixed
2.89864406779661,0.4067796610169492,2.069378845067565,mixed
2.89864406779661,0.4322033898305085,2.1333625846831423,mixed
2.89864406779661,0.4576271186440678,2.1972113745475643,mixed
2.89864406779661,0.48305084745762716,2.260939764985473,mixed
2.89864406779661,0.5084745762711864,2.3245605232742053,mixed
2.89864406779661,0.5338983050847458,2.3880848847647558,mixed
2.89864406779661,0.5593220338983051,2.4515227638096313,mixed
2.89864406779661,0.5847457627118644,2.5148829316844523,mixed
2.89864406779661,0.6101694915254238,2.5781731672825625,mixed
2.89864406779661,0.6355932203389831,2.6414003852496646,mixed
2.89864406779661,0.6610169491525424,2.7045707453439882,mixed
2.89864406779661,0.6864406779661018,2.767689746106207,mixed
2.89864406779661,0.7118644067796611,2.8307623053632045,mixed
2.89864406779661,0.7372881355932204,2.8937928296404296,mixed
2.89864406779661,0.7627118644067797,2.9567852741955774,mixed
2.89864406779661,0.788135593220339,3.019743195093236,mixed
2.89864406779661,0.8135593220338984,3.0826697945021646,mixed
2.89864406779661,0.8389830508474577,3.145567960202291,mixed
2.89864406779661,0.864406779661017,3.208440300129326,mixed
2.89864406779661,0.8898305084745763,3.271289172653696,mixed
2.89864406779661,0.9152542372881356,3.3341167131820986,mixed
2.89864406779661,0.940677966101695,3.396924857580236,mixed
2.89864406779661,0.9661016949152543,3.459715362840365,mixed
2.89864406779661,0.9915254237288136,3.5224898253548687,mixed
2.89864406779661,1.0169491525423728,3.58524969710469,mixed
2.89864406779661,1.0423728813559323,3.6479963000273936,mixed
2.89864406779661,1.0677966101694916,3.7107308387924633,mixed
2.89864406779661,1.0932203389830508,3.773454412180037,mixed
2.89864406779661,1.1186440677966103,3.8361680232325908,mixed
2.89864406779661,1.1440677966101696,3.8988725883263506,mixed
2.89864406779661,1.1694915254237288,3.961568945289912,mixed
2.89864406779661,1.1949152542372883,4.024257860680873,mixed
2.89864406779661,1.2203389830508475,4.08694003631717,mixed
2.89864406779661,1.2457627118644068,4.149616115147575,mixed
2.89864406779661,1.2711864406779663,4.212286686535169,mixed
2.89864406779661,1.2966101694915255,4.274952291018723,mixed
2.89864406779661,1.3220338983050848,4.337613424608853,mixed
2.89864406779661,1.3474576271186443,4.4002705426690865,mixed
2.89864406779661,1.3728813559322035,4.462924063426039,mixed
2.89864406779661,1.3983050847457628,4.525574371147742,mixed
2.89864406779661,1.4237288135593222,4.5882218190245805,mixed
2.89864406779661,1.4491525423728815,4.650866731783525,mixed
2.89864406779661,1.4745762711864407,4.713509408062656,mixed
2.89864406779661,1.5,4.77615012257024,mixed
2.949322033898305,0.0,0.9999999999999998,mixed
2.949322033898305,0.025423728813559324,1.0726376742796866,mixed
2.949322033898305,0.05084745762711865,1.1440102534317453,mixed
2.949322033898305,0.07627118644067797,1.2142875357693677,mixed
2.949322033898305,0.1016949152542373,1.2836278730588935,mixed
2.949322033898305,0.1271186440677966,1.352168859414261,mixed
2.949322033898305,0.15254237288135594,1.4200269169954087,mixed
2.949322033898305,0.17796610169491528,1.4872996372516336,mixed
2.949322033898305,0.2033898305084746,1.554068688861794,mixed
2.949322033898305,0.2288135593220339,1.6204025473569859,mixed
2.949322033898305,0.2542372881355932,1.6863588355304369,mixed
2.949322033898305,0.2796610169491526,1.7519862570970495,mixed
2.949322033898305,0.3050847457627119,1.8173261695407978,mixed
2.949322033898305,0.3305084745762712,1.8824138564401167,mixed
2.949322033898305,0.35593220338983056,1.9472795563348695,mixed
2.949322033898305,0.38135593220338987,2.01194929672324,mixed
2.949322033898305,0.4067796610169492,2.076445572722136,mixed
2.949322033898305,0.4322033898305085,2.1407879018867138,mixed
2.949322033898305,0.4576271186440678,2.204993280049054,mixed
2.949322033898305,0.48305084745762716,2.2690765577396994,mixed
2.949322033898305,0.5084745762711864,2.333050752596237,mixed
2.949322033898305,0.5338983050847458,2.39692730991956,mixed
2.949322033898305,0.5593220338983051,2.460716321014512,mixed
2.949322033898305,0.5847457627118644,2.5244267069858424,mixed
2.949322033898305,0.6101694915254238,2.58806637412532,mixed
2.949322033898305,0.6355932203389831,2.651642345822588,mixed
2.949322033898305,0.6610169491525424,2.71516087498506,mixed
2.949322033898305,0.6864406779661018,2.778627540202836,mixed
2.949322033898305,0.7118644067796611,2.8420473282990546,mixed
2.949322033898305,0.7372881355932204,2.9054247054303217,mixed
2.949322033898305,0.7627118644067797,2.9687636785198777,mixed
2.949322033898305,0.788135593220339,3.0320678484981967,mixed
2.949322033898305,0.8135593220338984,3.0953404565759213,mixed
2.949322033898305,0.8389830508474577,3.158584424570871,mixed
2.949322033898305,0.864406779661017,3.2218023901444828,mixed
2.949322033898305,0.8898305084745763,3.284996737666706,mixed
2.949322033898305,0.9152542372881356,3.348169625315544,mixed
2.949322033898305,0.940677966101695,3.411323008924459,mixed
2.949322033898305,0.9661016949152543,3.4744586630131704,mixed
2.949322033898305,0.9915254237288136,3.5375781993729025,mixed
2.949322033898305,1.0169491525423728,3.600683083522972,mixed
2.949322033898305,1.0423728813559323,3.6637746493101524,mixed
2.949322033898305,1.0677966101694916,3.72685411188403,mixed
2.949322033898305,1.0932203389830508,3.789922579249184,mixed
2.949322033898305,1.1186440677966103,3.8529810625675447,mixed
2.949322033898305,1.1440677966101696,3.9160304853610244,mixed
2.949322033898305,1.1694915254237288,3.9790716917446036,mixed
2.949322033898305,1.1949152542372883,4.042105453803084,mixed
2.949322033898305,1.2203389830508475,4.105132478210056,mixed
2.949322033898305,1.2457627118644068,4.168153412175316,mixed
2.949322033898305,1.2711864406779663,4.231168848795957,mixed
2.949322033898305,1.2966101694915255,4.29417933187723,mixed
2.949322033898305,1.3220338983050848,4.3571853602811546,mixed
2.949322033898305,1.3474576271186443,4.420187391853906,mixed
2.949322033898305,1.3728813559322035,4.483185846976946,mixed
2.949322033898305,1.3983050847457628,4.546181111781571,mixed
2.949322033898305,1.4237288135593222,4.6091735410620105,mixed
2.949322033898305,1.4491525423728815,4.672163460918117,mixed
2.949322033898305,1.4745762711864407,4.735151171155253,mixed
2.949322033898305,1.5,4.798136947465875,mixed
3.0,0.0,1.0,mixed
3.0,0.025423728813559324,1.0732961325353803,mixed
3.0,0.05084745762711865,1.145243509307814,mixed
3.0,0.07627118644067797,1.2160378317043243,mixed
3.0,0.1016949152542373,1.2858541035346598,mixed
3.0,0.1271186440677966,1.3548409685395517,mixed
3.0,0.15254237288135594,1.4231224084655558,mixed
3.0,0.17796610169491528,1.4908013321058773,mixed
3.0,0.2033898305084746,1.5579632415018092,mixed
3.0,0.2288135593220339,1.6246794362191348,mixed
3.0,0.2542372881355932,1.6910096594630728,mixed
3.0,0.2796610169491526,1.7570042338988836,mixed
3.0,0.3050847457627119,1.8227057714515547,mixed
3.0,0.3305084745762712,1.8881505404621035,mixed
3.0,0.35593220338983056,1.9533695615340279,mixed
3.0,0.38135593220338987,2.0183894896953394,mixed
3.0,0.4067796610169492,2.083233328263207,mixed
3.0,0.4322033898305085,2.1479210097778902,mixed
3.0,0.4576271186440678,2.2124698714755873,mixed
3.0,0.48305084745762716,2.2768950466544053,mixed
3.0,0.5084745762711864,2.3412097885863172,mixed
3.0,0.5338983050847458,2.4054257400196666,mixed
3.0,0.5593220338983051,2.4695531585435173,mixed
3.0,0.5847457627118644,2.5336011059461296,mixed
3.0,0.6101694915254238,2.5975776080429736,mixed
3.0,0.6355932203389831,2.6614897901593926,mixed
3.0,0.6610169491525424,2.72534399244321,mixed
3.0,0.6864406779661018,2.7891458683873473,mixed
3.0,0.7118644067796611,2.852900469313295,mixed
3.0,0.7372881355932204,2.9166123170653044,mixed
3.0,0.7627118644067797,2.980285466764371,mixed
3.0,0.788135593220339,3.0439235611487274,mixed
3.0,0.8135593220338984,3.1075298777668574,mixed
3.0,0.8389830508474577,3.1711073700774155,mixed
3.0,0.864406779661017,3.2346587033375926,mixed
3.0,0.8898305084745763,3.2981862860198548,mixed
3.0,0.9152542372881356,3.3616922973803707,mixed
3.0,0.940677966101695,3.42517871170604,mixed
3.0,0.9661016949152543,3.4886473196870296,mixed
3.0,0.9915254237288136,3.552099747295068,mixed
3.0,1.0169491525423728,3.6155374724920617,mixed
3.0,1.0423728813559323,3.678961840046776,mixed
3.0,1.0677966101694916,3.7423740746980547,mixed
3.0,1.0932203389830508,3.80577529286976,mixed
3.0,1.1186440677966103,3.8691665131145045,mixed
3.0,1.1440677966101696,3.932548665439298,mixed
3.0,1.1694915254237288,3.99592259964594,mixed
3.0,1.1949152542372883,4.059289092801486,mixed
3.0,1.2203389830508475,4.122648855939321,mixed
3.0,1.2457627118644068,4.186002540078483,mixed
3.0,1.2711864406779663,4.249350741637979,mixed
3.0,1.2966101694915255,4.312694007313244,mixed
3.0,1.3220338983050848,4.376032838473734,mixed
3.0,1.3474576271186443,4.439367695133521,mixed
3.0,1.3728813559322035,4.50269899954061,mixed
3.0,1.3983050847457628,4.566027139425253,mixed
3.0,1.4237288135593222,4.629352470942958,mixed
3.0,1.4491525423728815,4.692675321343707,mixed
3.0,1.4745762711864407,4.7559959913953795,mixed
3.0,1.5,4.819314757586228,mixed
