zams_mass,M_star,nz,R_star,M_He,xi25,M4,mu4,M_O,M_Ne,M_Mg,M_Si,MgNe,SiNe,SiO,m_O_inner,m_O_outer
12.0,10.91,3461,47355396437964.02,3.133039545535944,0.02496227669035654,1.596523439943278,0.042332455897096215,0.33167678803264267,0.10039563970613562,0.02463243110083469,0.002718339486395458,0.2453535947670175,0.027076270387361538,0.008195748344403066,1.5933792078084772,2.1148603615150714
12.01,10.89,3461,47700450077643.47,3.151231723183179,0.02606731791180745,1.6057774034772385,0.041824955399496044,0.32683207140281534,0.09534563442789508,0.024521706040919144,0.0034886446977960344,0.25718750720006617,0.036589453924440705,0.010674119840266028,1.6062036185450703,2.0986899794376073
12.02,11.02,3477,47196922457502.625,3.112129674335468,0.02548987554392247,1.5821888012956067,0.04859926493335089,0.35145311911687194,0.09014248979537628,0.02841661777057983,0.007264286034771395,0.31524110145044404,0.08058670279977118,0.020669288845764192,1.561069321327,2.085269887536519
12.03,11.0,3474,47384668644254.305,3.1390306928333414,0.016511091478323997,1.616978813147867,0.047937453268470924,0.3227796036631537,0.05820654509605054,0.029198978548496575,0.020758934167524206,0.5016442480877945,0.35664261009253323,0.06431302948493552,1.5653732731805778,2.027448257756521
12.04,10.97,3470,47762309312087.76,3.1601605347414634,0.019802612793685496,1.6148167653427128,0.0419081117543845,0.3342862946900822,0.07772283973486034,0.033373164510563026,0.024234070777085902,0.4293868394980228,0.3118011495688623,0.07249495765165419,1.5505459145601221,2.0427672320109456
12.05,11.01,3480,47679198560293.484,3.1507700927044104,0.01771060707908566,1.6305095395772664,0.035484896719531644,0.2758610751347956,0.07928168592596525,0.02426858264146497,0.005073683855274707,0.3061057841798096,0.06399566048598676,0.018392170235672155,1.6316076799362813,2.0362696735024772
12.06,10.93,3473,47837762861292.1,3.1614836646222764,0.01920839711910245,1.5445681271855076,0.056766061110715436,0.3244172619810597,0.07601993873599935,0.03125194906789601,0.021090770013702246,0.4111020028104364,0.277437345575164,0.06501124473127937,1.5674110576189038,2.043024646187046
12.07,11.02,3483,47840490425472.83,3.1639422558630805,0.026807554070798177,1.609074027832844,0.04418341317468179,0.3497928178916535,0.09911528161149107,0.028230749490256866,0.004841040519326172,0.2848274154223247,0.04884252398436327,0.013839736757618789,1.593626510007673,2.14433585053066
12.08,11.0,3484,48049712528725.84,3.1723921079841735,0.028407866061939856,1.527966333995309,0.056595795394898694,0.38600023409043765,0.06626557452573847,0.04221999251170678,0.02770198742172455,0.6371331240070656,0.41804492936169607,0.07176676326894178,1.550912715370631,2.1196568204682578
12.09,10.95,3480,47861013314471.875,3.1695648205212232,0.027253815262668225,1.6121763828727202,0.04241842889600824,0.3367050469487939,0.09613647695754639,0.024503364045990184,0.0033321059676795603,0.2548810276957705,0.034660163063298124,0.009896216281505003,1.6126593483305194,2.1180725217132954
12.1,10.92,3483,48909469745993.75,3.2232035382811,0.031083342979150778,1.6173459594452784,0.04409877326605893,0.3637253394131655,0.1042073659486992,0.028403925665164233,0.004317886752097141,0.27257118924920676,0.0414355234180165,0.011871283862333099,1.6178007340133147,2.164167381325483
12.11,11.0,3489,48154854324477.84,3.1925727497133045,0.02871197370528289,1.5467727832168796,0.05858853455011923,0.37137458913614924,0.08524242002681796,0.03565024306612016,0.02229307321789624,0.41822185544361956,0.26152557858965825,0.06002853687365077,1.5711590714598607,2.154060429002577
12.12,11.04,3497,48003106520340.05,3.1842317719858806,0.027185366018539433,1.4423556607049528,0.04758259870933185,0.33144675402139534,0.08129767852039929,0.014818036023224268,0.06311348118862196,0.18226887031597233,0.7763257492375439,0.19041816045224538,1.5529818880180744,2.1287416699144144
12.13,10.95,3493,48512676976446.555,3.2060934731405846,0.028609396040180524,1.458669502457885,0.054601182066265116,0.35610674658006997,0.07548785952852162,0.03764972770370924,0.0063111794339587865,0.49875208992359915,0.08360522438146799,0.017722717961873066,1.627589332671986,2.1482798995015084
12.14,10.98,3494,48145531172173.85,3.1869138217888833,0.02771384811949629,1.474152053652734,0.06476444013103526,0.33631681894395815,0.08620129798055919,0.03061325558527271,0.004439847455379859,0.35513682859133816,0.05150557543090789,0.013201383948983203,1.6368619238249786,2.160233601294071
12.15,10.94,3500,49519879360943.68,3.2608757776359036,0.03209861448383272,1.4634649878674935,0.050567505515860395,0.3733254487605879,0.12037192457461324,0.027297987606806868,0.002676811786413686,0.22678035350249842,0.02223784155544052,0.007170183000651303,1.6308730222071042,2.2013130031061507
12.16,11.06,3507,48411529670437.586,3.2070368194263295,0.030080918945918435,1.6133601243106075,0.04424870398382026,0.4103187837530013,0.07057216985226249,0.04889798294528628,0.0186049564862155,0.6928791200221067,0.26363021748039733,0.04534268774157579,1.5627559718039306,2.172579220552989
12.17,10.95,3497,49049902325409.11,3.2435459428491127,0.03237447353395164,1.5564319204923358,0.0591654094653099,0.4185878010132851,0.08624946191083577,0.0418357106991272,0.02372613605480256,0.48505474436903423,0.2750873516095731,0.05668138440099821,1.5670435023584404,2.209013684090117
12.18,11.08,3513,48365586620803.53,3.207166532964788,0.030779660985508245,1.5908798971025468,0.04800006442648248,0.4051772270904182,0.09723245799103351,0.03649134494915889,0.015855996030019418,0.37530003563752357,0.1630730761890398,0.03913348275736395,1.5489251102603623,2.1496443734502417
12.19,11.07,3513,48464684376670.61,3.215146447566709,0.030531642732381497,1.6126344174843326,0.04303077073512581,0.41218948687263046,0.07545639002564918,0.049862311639737186,0.01253110901191,0.6608096626778456,0.16607087892291716,0.030401330967915256,1.567378168359845,2.1719243086383364
12.2,10.96,3506,49279176212226.39,3.264176546288697,0.03464681809706678,1.6022037799428877,0.049509501558691,0.39584397329838367,0.11577652129942036,0.0283629030911846,0.004010956615649773,0.244979748681796,0.03464395518739648,0.010132670663717164,1.6024950982735602,2.1959260159322596
12.21,10.93,3506,50607150826239.984,3.334416613911909,0.04165313908895914,1.6051712071703412,0.052231481482924946,0.4823735496502112,0.0894291826409818,0.053158941807436355,0.024464752986856166,0.5944249990615004,0.273565655688381,0.05071744295390276,1.558562069455092,2.264586297564073
12.22,11.11,3523,48579326761755.88,3.2245060257152978,0.030231510765657204,1.4614517594620529,0.05547851556478158,0.3634337026740894,0.08113741419374615,0.03690750865187524,0.005526082065114543,0.4548765698121049,0.06810769261045145,0.015205199805231268,1.6345872434183522,2.166324927591175
12.23,11.01,3516,49066536893086.695,3.249606039649897,0.03144810382313056,1.4542964665673073,0.04771824772663427,0.35103057307109575,0.09509995024674565,0.017273361039232164,0.05168120336073361,0.1816337547434549,0.5434409085035473,0.1472270717293516,1.5889564083407197,2.183374812780711
12.24,11.1,3523,48854551550167.84,3.238267730242192,0.03201324886505383,1.622878313072574,0.04381093583727518,0.3673600374318693,0.10681663572885508,0.028611103385599038,0.0038597655244748982,0.2678525043442286,0.03613449813447209,0.010506764838814924,1.6233975642901994,2.1783975416889265
12.25,11.06,3525,49225349095385.71,3.261655810805971,0.03291092950240987,1.457815574871395,0.0519722194571353,0.3464210077165174,0.10828972478921621,0.020018271376158768,0.022680701425749784,0.18485845647058327,0.2094446307800423,0.06547149543629817,1.6382256398544905,2.195730864308969
12.26,11.07,3530,49159956850276.97,3.264308392284068,0.03318512452744,1.459505445997459,0.05684894673714192,0.39416297439886383,0.09216282500789762,0.035114185503271125,0.00890492202617671,0.38100161860557247,0.09662162618619415,0.02259197997923972,1.6231629319548906,2.201011852776881
12.27,11.08,3529,49352703297901.12,3.270131004905988,0.0343346969505463,1.6111661896835363,0.04304809624085541,0.4511609778296808,0.056703679973205925,0.06058707402081954,0.018997947352205447,1.0684857499451292,0.3350390549816609,0.042109021581599244,1.5695574526637792,2.201630012867884
12.28,11.13,3535,49126184149272.12,3.255754602298428,0.03166436545920211,1.43903136744602,0.045359293111628826,0.3464059812454855,0.09653130816563882,0.016526118891836857,0.048216621834383515,0.17119957458236826,0.4994920585935523,0.1391910776512087,1.6047159346699131,2.1916696847018593
12.29,11.02,3529,49743621668844.79,3.293821627269549,0.03574052462264395,1.6169283290236758,0.042603336488658584,0.46682270350744276,0.05161892443525808,0.06450201394766907,0.02146857523137907,1.2495807429805965,0.41590512522796874,0.045988712781268544,1.5702152658717006,2.2207943528291927
12.3,11.13,3541,49076732785539.04,3.268105348837968,0.03292346294423949,1.4625986750545683,0.05430770681353468,0.40174993825519967,0.07406657050751503,0.04437739557277519,0.010010626478617078,0.5991555335787083,0.13515714863024972,0.024917555736519183,1.6277727079274686,2.203878529897266
12.31,11.0,3533,50301819755686.266,3.3367211568902135,0.04200447952175873,1.5600966607747615,0.06268875546779554,0.4758591495722775,0.09361335910781952,0.047311231993593925,0.026366844650537312,0.5053897482634188,0.28165685861319434,0.05540892651583343,1.5602557799739571,2.2606094480247325
12.32,11.06,3541,50026042960771.414,3.3193101796399755,0.03709672838760423,1.462938730457019,0.05238827105652177,0.408802170499779,0.10282954130900893,0.018897791677420072,0.07211415605117827,0.1837778466854294,0.7012980426944716,0.1764035547145346,1.5434083413820268,2.2457314389541563
12.33,11.03,3538,50301708423502.31,3.3337142498513868,0.03930703834018794,1.621556699896325,0.04332483484918274,0.501244301589578,0.05824832283351142,0.06971043692756515,0.025476670914917465,1.196780156689067,0.43738033432715817,0.05082685395948486,1.5568219956983005,2.261279545964057
12.34,11.03,3542,50279443051667.98,3.3374199406854856,0.040203821046702115,1.6174087448748102,0.04444329729582643,0.4833796456503834,0.061350842859197716,0.06364332812478936,0.019770549852047164,1.037366809627261,0.3222539239994021,0.040900666856681665,1.5859671588147397,2.265019963689024
12.35,11.02,3548,50466538895986.92,3.351940883669427,0.04145465414612982,1.6248490241136484,0.046182966088121245,0.5049752733240046,0.06801127225628086,0.0684011231090257,0.01971533251226771,1.0057321505658032,0.2898833069608839,0.03904217405040715,1.5636550031294,2.275496582476614
12.36,11.03,3546,50436830805511.74,3.348716970955757,0.04096230752954365,1.6144003450006028,0.0452233122184976,0.48543707000396147,0.06997596404927854,0.06260302796722901,0.01803541238321449,0.894636162827891,0.25773724775715234,0.03715293597801937,1.5831533592563454,2.2704924036328324
12.37,11.16,3554,49686639754416.05,3.302247371002948,0.038430175354286715,1.6027935110546885,0.05172518706752242,0.4678499549363435,0.08017938465384448,0.05124934099213188,0.025286421511694693,0.6391835159796846,0.3153731052048208,0.05404814352314132,1.554538329183937,2.233538074773515
12.38,11.16,3558,49682768528190.16,3.307938689718947,0.03730573016294947,1.6127874197506207,0.043663340368838476,0.46855016590619886,0.06130535492532451,0.06269912009204143,0.01928912272668917,1.0227348029942025,0.31464009547265603,0.0411676787892777,1.5756148130680603,2.2353427372097
12.39,11.2,3565,49735018902738.32,3.3061458055793387,0.037756139359212404,1.560628450500949,0.06036968345564535,0.44616596097082417,0.09554911604898439,0.04604707275307626,0.024422819277095397,0.48192044737985523,0.2556048688569212,0.05473931544206812,1.572753427469171,2.238972294373298
12.4,11.18,3564,49738862869333.9,3.3141107889494568,0.03805527432749981,1.6276297410126275,0.047082369879804194,0.46281296387441223,0.08675691423558665,0.05287315230469759,0.027074116376020106,0.6094402131583613,0.31206868771866286,0.058499044947597605,1.5598749467595188,2.2427241511430305
12.41,11.08,3559,50473157387670.89,3.3519766439966645,0.04112597597846787,1.62484146330523,0.043974490522896,0.5100722794287912,0.05547915105195335,0.06903553372236697,0.028032704167752862,1.244350939287423,0.5052835819621985,0.05495829767331314,1.562488116606273,2.2740417890014406
12.42,11.04,3563,51066594204859.4,3.39037227866672,0.04575118851896425,1.6389138636733624,0.05148956327562822,0.4982256757586192,0.11676148554098949,0.048017382839301286,0.01603731514978479,0.4112433360780138,0.1373510715068355,0.03218885723897249,1.5744272642065398,2.3085199590628096
12.43,11.25,3576,49430201544574.51,3.3026240946207883,0.036459948067499366,1.6170815594406673,0.04163068663019362,0.47255643019523014,0.05559882756273149,0.06620144356045976,0.02108797663674758,1.190698553593877,0.3792881533869445,0.044625308829329385,1.570316243238564,2.2334365289419535
12.44,11.19,3578,50110455716939.55,3.34070822450725,0.042218313433343736,1.6045331542002337,0.0535209007340082,0.4909780900204988,0.0778697370138669,0.05489637652317795,0.024048334133017223,0.7049770376571595,0.30882773019683807,0.04898046292048018,1.5632814031147202,2.266124739428931
12.45,11.03,3579,51874115545103.75,3.445587057002382,0.05112613888664504,1.635461360521791,0.0483517844820163,0.5452646988854462,0.08819733173415044,0.07185947489549004,0.017098609510296302,0.814757923880204,0.19386765080190785,0.03135836511192984,1.579715076711694,2.359246321392666
12.46,11.23,3581,49957680547056.6,3.3347302313542384,0.04016246704420878,1.5733110893816522,0.06413862818497751,0.4453395623657849,0.10170640081544977,0.0388627626631964,0.02836477969773728,0.3821073438014428,0.2788888356122864,0.06369247669588253,1.5916467142543944,2.2840422065789916
12.47,11.08,3574,51078622998436.45,3.4052187371713036,0.04596365473786542,1.626113838302115,0.04503784580834166,0.5411000480865719,0.06094045697813844,0.07249586540738097,0.02764897972774082,1.1896180140786912,0.45370483089189034,0.051097721808587224,1.5647430910385516,2.321938413356373
12.48,11.18,3579,50614018089093.54,3.366308589946415,0.043889348977982266,1.57642747631982,0.06405138461069679,0.47754393596540584,0.09087696046635048,0.05022594198310022,0.028136283619193698,0.5526806984449889,0.3096085462674764,0.05891873291682201,1.5886765960539388,2.2997385309719105
12.49,11.3,3595,49848299299689.43,3.3295079831262293,0.03878065218948757,1.6249124711102914,0.043163084919336896,0.4961612346939224,0.0527092605685587,0.06961453181425549,0.025834883881430373,1.320726776724712,0.49013937214746267,0.052069533197948624,1.5625144926400842,2.2556537524814435
12.5,11.22,3590,50314890074962.55,3.358113420793342,0.04150980183299571,1.6222602074492316,0.04424975225059133,0.5171080504900768,0.05712684879484298,0.06979424325990173,0.026701986339633006,1.221741523159287,0.4674157056260292,0.051637150716038624,1.5611166022156595,2.2848164325385434
12.51,11.11,3583,51340016686109.24,3.4202754563976985,0.047797304357537526,1.630524013156581,0.045698547011985675,0.5464397798880184,0.06055125117147198,0.0742214887778355,0.02925148639909137,1.2257630906362527,0.48308640751708976,0.053531033932203584,1.5680639163908578,2.3334480153060344
12.52,11.28,3599,50367736959526.9,3.3578623893437145,0.044322721687779905,1.6147215352674449,0.054798934332228516,0.4785911599506076,0.10233209225236277,0.04781723879700319,0.013352125581830774,0.4672751015300298,0.13047837963581246,0.027898813641289915,1.5849211192613188,2.28049004808119
12.53,11.04,3604,52549763633473.49,3.495042071858686,0.056530572172952875,1.6342514511664472,0.0475367199089806,0.578642263661212,0.0800171007062918,0.07777812384779677,0.020739161005443513,0.9720187705036534,0.25918410967635547,0.03584107540680098,1.5868680176503043,2.4048584063347915
12.54,11.05,3608,52870869983674.06,3.507446069011839,0.05754027200726503,1.639608293510243,0.047580588325542086,0.585445791376129,0.08049086628135692,0.08003820716330516,0.02025134881510936,0.9943762672839241,0.2515980974079779,0.03459133042447402,1.5883195539799153,2.4154863281820886
12.55,11.28,3600,50488166402205.7,3.375624854918381,0.043454527100737765,1.6273693769648567,0.0451563143761742,0.5226868191216498,0.05712968617005604,0.06981490132540433,0.02816393210759862,1.222042444230984,0.49298244040347045,0.05388299661913564,1.5662698998176876,2.294817461572088
12.56,11.22,3604,51032745364972.83,3.402207292115854,0.04755061438898606,1.6473421364100485,0.05351136809734322,0.5003382469553543,0.11599675608984646,0.04850771839901757,0.014783478203534938,0.41818168054152677,0.1274473416487979,0.02954696806309529,1.585325542156148,2.322785372994257
12.57,11.29,3611,50582969807941.5,3.3814682245608467,0.04385390167652333,1.6269790273593476,0.046346892632852466,0.5181809463750753,0.07544192227278546,0.06989824810285711,0.018125104139447873,0.9265173261375373,0.2402524166061213,0.03497832999503684,1.5658506617685692,2.3006330683484975
12.58,11.35,3614,50313676150856.695,3.3705334541523877,0.04423233775652843,1.5514953617104257,0.06117252193331811,0.4975229474999834,0.07763746191349659,0.05634246439838023,0.0319942561963605,0.7257123431102993,0.41209817281260946,0.0643070965010344,1.5666634881207526,2.2890664464871704
12.59,11.23,3608,51183623441384.9,3.417177554671592,0.04911868168800177,1.6424966133755632,0.05303246685256372,0.511832490394752,0.11121783134085093,0.05411587155940311,0.01594484894761373,0.48657549699520214,0.14336594011393117,0.031152475168812026,1.5831795604638688,2.3337642549156183
12.6,11.17,3613,51882349451013.12,3.4530003859150584,0.0533856805466094,1.6511227662742611,0.05455360453909967,0.5244625244427087,0.12638670116504833,0.04889825330367508,0.015553800382905726,0.3868939758133166,0.12306516618860101,0.02965664782137316,1.5891171247485139,2.3632315450039583
12.61,11.32,3619,50831136252705.49,3.3991679938897854,0.04722692258715332,1.5898982245426407,0.06720776737085822,0.4771036588373817,0.10426606796893192,0.03931489344403901,0.03660287252643464,0.37706316359559694,0.35105258344777296,0.07671890971372856,1.6025306313152825,2.344841003983238
12.62,11.22,3615,51546473977391.76,3.446429280711202,0.0517613670123606,1.623853874803916,0.049298899102761376,0.5420914553330758,0.07248621565989907,0.06918642331835338,0.021213276430669354,0.9544769676343966,0.2926525579732395,0.03913228334808439,1.5937864139950386,2.3570839719481333
12.63,11.31,3623,51106642417068.984,3.420378627832804,0.049708062251380254,1.6172698963946854,0.05380789804927317,0.5133441487867337,0.10256800078145749,0.05594468212811798,0.014096362811603685,0.5454399198763734,0.1374343138620682,0.027459868481835854,1.587939949428093,2.333218061437249
12.64,11.28,3622,51297986465668.81,3.4318336658712245,0.05101672839190019,1.6581228075415246,0.056062004313663275,0.5101915239289405,0.11409841575671686,0.04734733807189905,0.02266202718063734,0.414969285575832,0.19861824575161333,0.04441866655509884,1.5913238533678564,2.3489306471712266
12.65,11.33,3629,51117454934420.15,3.420204656286118,0.050169582902070166,1.6173087247953646,0.054940921040139444,0.5119951604115337,0.10718131468073479,0.05296510812386971,0.01463902022638306,0.49416363553329207,0.13658183117074918,0.028592106641430838,1.5879555170094457,2.332246878532132
12.66,11.36,3633,51090023061091.484,3.419963260516221,0.0500725433530943,1.611087991518972,0.05537321484955309,0.5247067029262248,0.09965470706772077,0.053922768807357926,0.025010851952207928,0.5410960545066325,0.2509751188693144,0.04766634733790417,1.56703534670907,2.3323965653388936
12.67,11.29,3629,51608832683380.29,3.4490040316862007,0.052847754452005555,1.6273958994604452,0.05167810914717554,0.5578756758654025,0.08199918881879184,0.06761334695120877,0.024636208552459012,0.8245611685333374,0.30044453984663205,0.04416075053683276,1.5691467157627046,2.3602166408442136
12.68,11.39,3643,51027978359348.625,3.417537686684971,0.04747848102980955,1.6290756478580157,0.04642999091199028,0.5397975501263428,0.06818024008298654,0.07393885224314163,0.021363439850847675,1.0844615999173062,0.31333770348776807,0.039576763262166414,1.5739000336850197,2.3311959734600802
12.69,11.4,3640,50980927511988.836,3.423144254343193,0.049920010198686075,1.589955044580908,0.06727841530345373,0.49599714354177854,0.10650201906665555,0.044458844658505234,0.03137846776533517,0.4174460263582434,0.29462791447828407,0.06326340418267372,1.5977288405172638,2.3450827561676264
12.7,11.32,3642,51601383702411.555,3.452561308714415,0.05132030668621658,1.6315690244734273,0.047044265852570155,0.5568880182673793,0.07584704135050471,0.07596425316890253,0.020616865689080825,1.0015453710034141,0.27182162048755554,0.03702156450272562,1.5767613407618624,2.362883362885934
12.71,11.15,3648,53302047765612.56,3.5545049042462047,0.06519931137819619,1.6516924119792835,0.050759462987872275,0.5982377878339439,0.08995462763687753,0.0797457163541737,0.01822956872745517,0.8865104380853596,0.20265292855241424,0.030472111755861286,1.6038950481581509,2.454790635141665
12.72,11.2,3647,52884782052746.305,3.5317500042505516,0.060033228984983325,1.6407363826581929,0.04773464090991423,0.5862697345168635,0.08361639650396399,0.07829399402471202,0.01870255854449352,0.9363473827887374,0.22367094644657273,0.03190094498039547,1.603845731562211,2.4323846939097
12.73,11.4,3650,51245247824793.91,3.4380105833782575,0.0529612588711901,1.6172227558749372,0.05786459056474921,0.5154496750215436,0.12056500026319916,0.04851935223089484,0.013000496791232387,0.40243314498382426,0.10782977450214971,0.025221660661031597,1.5909749689242034,2.3497802240559778
12.74,11.39,3652,51434984548158.02,3.45859084556942,0.05150874222592561,1.6341948094465306,0.046939352069744776,0.5568461398331003,0.07508781467826356,0.0754738519528713,0.019773194788805844,1.0051411440892486,0.2633342689959759,0.03550926077126498,1.5836182187305239,2.367103328755067
12.75,11.33,3652,51958371141073.16,3.4855622117702496,0.05543721407296286,1.641879376906146,0.04913057530260049,0.5676412208395356,0.07608631443640733,0.07726072310297982,0.020206895332138687,1.0154352155873454,0.26557857982498995,0.035598005554023884,1.5905538037123172,2.3900131863343184
12.76,11.38,3655,51810719688513.414,3.4758733870707412,0.05822285629049401,1.626085726733541,0.05983156832340155,0.5384315896683821,0.1277713479954186,0.047433328493534314,0.01702064676363045,0.37123603403820316,0.13321176484919567,0.031611530768678335,1.5881940537620185,2.3817028415648536
12.77,11.44,3664,51501731277407.664,3.4590258020724054,0.051561945641773875,1.6330070500831373,0.046200461058487484,0.5633670418385348,0.06679546175333195,0.07587419251110487,0.027542137528883553,1.1359183770792638,0.412335461211325,0.04888844302819073,1.573618920413259,2.364694676680068
12.78,11.14,3663,54353737226065.69,3.628389041957266,0.0756143920888114,1.654709253563989,0.05084596888385319,0.6234448686638747,0.09909887995615024,0.0816508139941994,0.01698063255891781,0.8239327632192075,0.17135039837414393,0.02723678293368516,1.6318523102130509,2.524636185360476
12.79,11.46,3669,51542097330002.54,3.467252401914041,0.052777193476440845,1.6391528032795497,0.04848579945283848,0.5597415675722242,0.08088629700219592,0.0747407523298278,0.018327059968124122,0.9240224253039884,0.22657805644912357,0.032742002791778295,1.5828776146118515,2.3754050853963156
12.8,11.43,3670,51770935286160.445,3.4761693393855415,0.053668464337749903,1.6359636200555996,0.04744432072555936,0.5633154994984111,0.08298307369180771,0.07518793202383668,0.0180137886832703,0.906063473896839,0.21707786759227582,0.03197815202903202,1.5856597005243611,2.3828360749699153
12.81,11.42,3668,51932704913902.37,3.4848476597630014,0.054624543794424406,1.6327411327312986,0.04634251157437259,0.5589749323848389,0.08386308245193456,0.07004392425529712,0.0206670526374045,0.8352176214777488,0.24643802771320325,0.03697312963432822,1.6005022373363618,2.3916070963909193
12.82,11.37,3674,52386804833330.89,3.5157002308607708,0.05847111570217321,1.6399939775752213,0.04827652692046955,0.5824232716261277,0.08726912810626164,0.07720800891263266,0.018477567013188995,0.8847115880271171,0.21173085390162405,0.03172532402697366,1.590660495580026,2.4160607620288688
12.83,11.4,3677,52169437492834.016,3.512507229473574,0.061660205199717266,1.673642665076512,0.06079901714274276,0.5471193743109255,0.12100886316811463,0.047453148326782706,0.020972262959895138,0.39214605512703,0.17331179230036142,0.03833215189337582,1.6131326099446002,2.4213952662222993
12.84,11.44,3680,52119390574388.86,3.5061479213076026,0.061614737405843806,1.6311290460734758,0.05760307848828991,0.5700551884432942,0.09289644730883029,0.06433423056030675,0.01988442165544992,0.6925370390799805,0.21404932299881185,0.034881572974978556,1.5981512395841933,2.4094600320620105
12.85,11.36,3681,52622356733586.2,3.5393348796474657,0.06594956156385237,1.6610267000326868,0.05797503616309616,0.5699106995793429,0.12319061354297552,0.05787401321089348,0.018227831699853664,0.4697923936445361,0.1479644526122505,0.031983662902464925,1.6027806224105603,2.4377213173680303
12.86,11.47,3683,52066816850285.8,3.5056306590692303,0.05848986724314279,1.631777482442613,0.049888541935807745,0.576721175455921,0.08246397553827833,0.0730759637857993,0.020766332956388436,0.8861562071049887,0.2518230878494218,0.036007578428123126,1.5954322263726746,2.410224482251027
12.87,11.25,3687,53765942769660.4,3.6124897374092098,0.07935912539585412,1.672936916670027,0.06111071242340253,0.6060782444600674,0.13491452316272468,0.05844757847763802,0.017717472650970054,0.4332193236686798,0.1313236872919934,0.029232979096212062,1.6179491791658656,2.507657435771144
12.88,11.4,3691,52706801258102.484,3.542443882117226,0.06175323360041503,1.644399833122602,0.04815529637361481,0.5914052562482875,0.07774033384844904,0.08045054100370472,0.02010520860433174,1.0348623040459164,0.25862004456432947,0.033995654235259354,1.6093781218574763,2.4400712923559134
12.89,11.5,3695,52171251513040.125,3.5119938449313195,0.058219897312248095,1.6427313110743509,0.048635727087361885,0.5809496524994309,0.08205823315501129,0.07891503831047376,0.019314293888509745,0.96169555785341,0.23537301676998418,0.03324607185048392,1.591322600084019,2.412930476809191
12.9,11.51,3695,52141351168976.06,3.514711373974562,0.057252232568664296,1.6374077874183735,0.04667388484123074,0.5764624157100714,0.07922237459572279,0.07852144372609235,0.019312074894867012,0.9911523622813967,0.2437704624914092,0.033501013021081175,1.601675575660089,2.4148199756702073
12.91,11.34,3701,53455131233700.625,3.5883019881503113,0.07422437853279869,1.6721335972377354,0.060113253198971275,0.5907212441030498,0.12915911062589192,0.05794077706948209,0.018492715781360983,0.448600000330654,0.14317778816954657,0.03130531695950819,1.6139959594360636,2.480843905674017
12.92,11.47,3702,52480984959341.555,3.53939558008428,0.06578214289924557,1.6744668641692007,0.06113338147319145,0.5639056299614807,0.12299304603447897,0.050735156984198865,0.018858274197414055,0.4125042725584351,0.1533279710149423,0.03344225202841516,1.6142830811614959,2.439434164447419
12.93,11.49,3703,52538289606648.63,3.542128427768133,0.06603209743116703,1.669418735629837,0.059122249977045786,0.5656135222801943,0.12521007849837243,0.054124604195540695,0.01851137047760839,0.4322703479196704,0.14784249558512189,0.032727948941146785,1.6097577445626339,2.439606432361271
12.94,11.39,3708,53264396269789.51,3.5880972292810953,0.06977687696392774,1.6535324247086043,0.05149978373949841,0.613763499467033,0.08853051633098385,0.08072233449055609,0.01872470883620616,0.9118023686743701,0.21150570009330102,0.030508019542488152,1.6114059463105355,2.4800125721641977
12.95,11.48,3713,52623921824114.73,3.5598982446835024,0.0689189819482866,1.621864807168747,0.07842021326703416,0.5670521799388061,0.1220993153028631,0.04562141333559922,0.028588908615301285,0.3736418441203941,0.23414470871017987,0.05041671582743317,1.6219419653717273,2.4767116835205885
12.96,11.55,3710,52339454987202.95,3.538243833639289,0.06560417144933114,1.6739983819325914,0.060268851739974524,0.5574102327504055,0.12719897263033458,0.05137224956462261,0.017826849505573953,0.4038731485192144,0.1401493198957063,0.03198156125984931,1.6144314603689305,2.435337404563078
12.97,11.54,3717,52465624980703.234,3.547958576524155,0.06384514425724387,1.651723903285982,0.05094406020144139,0.5964166618934067,0.0869486307092821,0.07839641068364149,0.018482959896639745,0.901640543894987,0.21257332916993962,0.030990012649819418,1.6031170259116976,2.44772598298183
12.98,11.52,3717,52767272007166.21,3.559822291462544,0.06515183800673778,1.649813202279652,0.050302972492434414,0.5970681719573961,0.08969350734925025,0.07923599258958593,0.018129797610504126,0.8834083417103464,0.202130545970401,0.030364702829608844,1.6063569618837032,2.4548433811144172
12.99,11.47,3723,53056406210719.664,3.5843491308663498,0.06886454040652987,1.6534031616818512,0.05056969560768586,0.6009516342164893,0.08813347489354081,0.07954161638702266,0.01763576872818219,0.9025131084766993,0.20010295463199412,0.029346402811892526,1.6252072648724933,2.4760759552548417
13.0,11.34,3721,54003187089677.1,3.6506340903307497,0.0845569677799182,1.6837330953138903,0.061766638553886574,0.6240552656395223,0.12901230199499117,0.0596404690199283,0.018168358380494673,0.46228513170971713,0.1408265576192885,0.029113380466193193,1.6330709434135375,2.5406858321494954
13.01,11.36,3728,54189056635064.67,3.6479004894502682,0.07963085813687444,1.6657543579347553,0.053594040896715434,0.6468637250568738,0.09359843962666228,0.08412471702809753,0.01876423845586792,0.8987833276243412,0.20047597514139298,0.029008023991789183,1.6229066989157028,2.53567064772759
13.02,11.5,3730,53178664377846.01,3.5905156211082168,0.07423797397618088,1.630554115402292,0.07613736171903575,0.5812830411748309,0.12261904149057208,0.04859030635609952,0.02618500323079376,0.3962704794086612,0.2135476098368219,0.045046907231064685,1.630641111646163,2.4940821056531024
13.03,11.57,3732,52769112513366.0,3.5744686915255155,0.06689978137303816,1.6483007462321186,0.04978855158269567,0.6104259852740108,0.08631319369021491,0.08135713876159542,0.019566864804388504,0.9425805636805982,0.2266961048228105,0.03205444276033767,1.6041446909967838,2.4648646817746025
13.04,11.5,3737,53272017557852.61,3.599177875115717,0.07193740600994564,1.6552379567301316,0.051644295137023004,0.626682390439505,0.0869276087613542,0.08168749433141433,0.019486566220743618,0.9397186405492209,0.2241700479101048,0.031094804191126698,1.612697022078338,2.4930089459404186
13.05,11.46,3737,53758303985922.55,3.627045658751415,0.08139136543976926,1.6424055489053162,0.07640791621711346,0.5943504620842118,0.12696864488148052,0.05016306842732195,0.024431644559069977,0.39508233291886274,0.19242266137341082,0.041106461789220124,1.6424670337259462,2.522751009118556
13.06,11.6,3742,52915819669960.03,3.583980288608921,0.07323409597485063,1.6709277668178313,0.060164640185135204,0.5911325207042302,0.12613858185862326,0.05822473961640548,0.018956165230167417,0.46159342176261386,0.15028046891643018,0.032067539115568346,1.6132370941828673,2.4761452623422864
13.07,11.59,3746,53097553466598.32,3.595926486823934,0.07575889240265773,1.681383799721318,0.06294657751722342,0.5864253680655748,0.13107461431752848,0.05301147980401482,0.018341550798731652,0.4044374273388623,0.13993213631969356,0.031276871359154225,1.6254014837789765,2.4867406703644064
13.08,11.5,3746,53700807147224.59,3.6330085143195614,0.08090478929367599,1.678385442635616,0.060786992178879104,0.6104984501949524,0.13231156424512477,0.059303438387004824,0.017597407652867256,0.4482105455055865,0.1329997703017532,0.028824655733766105,1.6253488758072232,2.5182036368966796
13.09,11.53,3746,53641887083718.016,3.6264065470423863,0.07897617535388524,1.6751476893855388,0.05884201137082339,0.6117191147912632,0.12681323789226964,0.061997061539846514,0.01756928251709782,0.48888477709649086,0.13854454636686492,0.02872115991191968,1.6237983711283186,2.5134289508860332
13.1,11.34,3742,55099653504305.555,3.7202869085095,0.09176852844540256,1.673635759533368,0.05544827290224136,0.6709057057791877,0.10508099387711688,0.08252926960120392,0.016351508452795736,0.7853872194786695,0.15560862006993775,0.024372290043062232,1.6522501326464494,2.6026901767672483
13.11,11.37,3742,54918058813626.67,3.713802058428037,0.0856571399470456,1.5720888462102307,0.06340072069421479,0.677034496995011,0.175335921017071,0.055104058657508156,0.027186215465184255,0.3142770650638276,0.15505217246691488,0.040154845263940205,1.582603898618421,2.5976636537501854
13.12,11.64,3757,53304111178765.1,3.6075065942575395,0.0763841261283224,1.673250357389076,0.05907622446386641,0.6022412608991349,0.1261979628052838,0.06267469421220072,0.01607899559912727,0.4966379236161218,0.12741089667141645,0.026698595136310708,1.6202032259507548,2.4967605984805457
13.13,11.41,3762,54897579308617.586,3.7061970403101405,0.08600106002474606,1.66567507851136,0.05273470083242846,0.6607815118623942,0.10036421541177062,0.08429877731748661,0.017604160127119933,0.8399286236795523,0.17540275739609212,0.026641423543317822,1.648141699699646,2.5876912569825343
13.14,11.7,3763,53008106331138.016,3.5980791084006642,0.07566921377749079,1.6773730293961788,0.06078216310444147,0.5943277676751877,0.12838744472900562,0.05768859682303378,0.0172623099305664,0.4493320740575548,0.13445481345160268,0.029045100817164927,1.6227636934697718,2.4921648728078383
13.15,11.65,3768,53391998933303.61,3.619083682214307,0.07164840281649967,1.652822094601764,0.04861314519866328,0.618978349311277,0.08773591727013703,0.0832944949732192,0.01835893722262607,0.9493773766193976,0.20925224006149373,0.02966006362428288,1.6305964338293333,2.5045266534709745
13.16,11.64,3771,53577020721253.57,3.629014833036517,0.07461278174587893,1.6583335995762285,0.050412302091510965,0.6312579267254191,0.0849800276718697,0.08513801285629545,0.019444651497947316,1.0018590860553231,0.22881437004266747,0.03080302151422367,1.6265968282542789,2.513448148168485
13.17,11.62,3773,53681483130249.06,3.641096686746267,0.07837941597472606,1.6651247169781822,0.05392852599153529,0.6394811490439581,0.09511410301482073,0.08223703726897011,0.01813512042844776,0.8646145488661748,0.19066699736023307,0.02835911653621106,1.6206051683139624,2.5275338297470467
13.18,11.65,3773,53590307437351.73,3.637717146594977,0.08089256620581219,1.6775630657950873,0.05993721597002147,0.6132725107923954,0.13043208958272384,0.06228487801534062,0.015614841025347477,0.4775272573996273,0.11971625291983141,0.025461504878429814,1.6279722162943937,2.524515743967897
13.19,11.65,3780,53631617217196.516,3.6468576027770534,0.08456083813831117,1.6935783608785198,0.06534813872287734,0.6127305981646392,0.13002762964047965,0.05423117605301345,0.020693495258560946,0.4170742495495775,0.15914690835922718,0.033772583449473266,1.6399680085206791,2.5333700946744733
13.2,11.51,3777,54649078918652.15,3.7038149943221232,0.09408371232915834,1.6897104071577842,0.06296873484028988,0.6469851539142433,0.1295904688730927,0.06392231488817889,0.01889876108040288,0.4932640142754456,0.1458344988234462,0.029210501919659005,1.644384940581577,2.5823814141319033
13.21,11.44,3773,55114757436324.02,3.7400438309725095,0.11113451559085485,1.6640220325800126,0.08607871844025389,0.6486381509600961,0.13213974355188007,0.04886363074292754,0.031954966392718935,0.36978754029247024,0.24182706530055378,0.04926470381894756,1.6646130258542726,2.6194322853831102
13.22,11.5,3786,54975958563301.97,3.723162162685408,0.08284989814699101,1.564042826935713,0.057352338587705824,0.7097979440410013,0.14332391940603634,0.0712699043734035,0.03286391153619359,0.4972645505981177,0.2292981637146707,0.04630037577890648,1.567099627387353,2.6021188757594893
13.23,11.56,3785,54606001379724.0,3.7033455203720953,0.0941584928580785,1.6884466702422571,0.06366377400476037,0.6500600441941211,0.13433160046276282,0.06232516544256651,0.018121881124743944,0.4639650330068334,0.134904081112079,0.027877241935719374,1.640315000639647,2.584953778597775
13.24,11.76,3790,53517577618667.73,3.6398292968648103,0.0846694379646893,1.691349582260414,0.06486646619946321,0.6078858200298947,0.1331926480771929,0.0553219631087305,0.01931465800372477,0.4153529786168693,0.14501294390160935,0.031773496547056995,1.6362562119200372,2.5277627919084735
13.25,11.35,3759,56567231246744.516,3.8239333637509145,0.12003187152835784,1.7052365597528818,0.06712798112755756,0.7122163386257703,0.1426584028548361,0.06780526537675871,0.017032423127202885,0.47529808283185976,0.11939305912834623,0.023914676206484034,1.6725084132132142,2.6996584690317458
13.26,11.5,3794,55344291534320.195,3.7451325369347925,0.095615387001118,1.679261767319806,0.05600556613988214,0.6876942675979356,0.10209090390255376,0.08815766523521015,0.01852229119177227,0.8635212527783773,0.18142939756368387,0.026933903719263564,1.6470724285356697,2.620649048445482
13.27,11.72,3803,53813449596485.52,3.6706663891591336,0.08366611229865137,1.668583072475105,0.05483566288326818,0.6557744968878025,0.09898953184878571,0.08441946603518212,0.01884658240701555,0.8528120545527934,0.19038965085525594,0.02873942566607625,1.6222454729861584,2.5544969643354336
13.28,11.7,3803,54186373492427.23,3.686347187327105,0.0921350354165071,1.6918621121528639,0.0644269630283369,0.6309005806103816,0.13338499945057225,0.06007552681350674,0.019842344724531943,0.4503919260858759,0.14875994156962763,0.03145082653963472,1.6426501582029747,2.5653111885782365
13.29,11.62,3804,54651109606349.55,3.717832636078958,0.10028267070499793,1.6542670009328364,0.07621080724416907,0.6493878256553984,0.13056770710015478,0.05592226985568068,0.025272531539674736,0.4283009259922463,0.19355882170994163,0.03891747048717504,1.6545007861126713,2.598652844953358
13.3,11.63,3807,54604965727916.82,3.717973249475732,0.0885573171281615,1.5737765938474275,0.0643570731580712,0.6696663249820932,0.17011348312897537,0.05315873250223274,0.03222619913850897,0.3124898245833298,0.18943941741570217,0.048122770902913024,1.591751987053507,2.595448637729122
13.31,11.71,3813,54229360901494.266,3.6954247991571547,0.08630863022090321,1.6678708025067785,0.05389631887112942,0.6631166400285528,0.10127788726844425,0.08499948075521456,0.018069803346748393,0.8392698845495995,0.17841805189767726,0.02724981135441019,1.6346158736067191,2.576452712200284
13.32,11.36,3765,57168762734518.125,3.865871400090473,0.1296531623997932,1.7105475648342203,0.07034755492778928,0.7202669119437262,0.15797749656032412,0.06338085405164563,0.015873451118542648,0.4012017877966783,0.10047919143016253,0.022038290049595986,1.68374990620654,2.731489360795428
13.33,11.55,3808,55498565255138.6,3.7690353405907664,0.1066525468411479,1.694695163571655,0.06420975269633171,0.678843811370959,0.14605678298014382,0.06310791316653898,0.01738887601620218,0.43207793488864116,0.11905558688476775,0.025615429830735992,1.6552960198154412,2.6434482223602545
13.34,11.56,3812,55555919366848.984,3.7718613520439144,0.10858135028639858,1.6970810386169242,0.06522136820073103,0.6814830517755882,0.1356336255455933,0.06697548686742244,0.019204938876696817,0.49379706984908844,0.1415942307775373,0.028181095372304267,1.6570504749506392,2.643681988400776
13.35,11.53,3809,55835469681148.95,3.788755835652308,0.12000456558804433,1.668897782764182,0.07965252593890217,0.6780030654178135,0.14029704267431667,0.05944970365056473,0.02477616632651345,0.42374167350462494,0.17659792290867063,0.03654285296076848,1.6691137692258267,2.6597207127651994
13.36,11.76,3827,54552093013902.81,3.71333710604601,0.0882945240069625,1.672982518484832,0.05336721613533895,0.6631198241513023,0.09668243569443016,0.08659829821977488,0.018112058030269503,0.8956983509752824,0.18733555790333623,0.02731340154616901,1.6531274331737222,2.59168845737881
13.37,11.82,3828,54097785429842.87,3.6944715522070632,0.09167463419007654,1.6852176440729578,0.06183250999139358,0.6424094447611306,0.1377383583667557,0.06355631859162765,0.015858293706119575,0.46142787924331397,0.11513345951092087,0.024685648437214713,1.6394238116173663,2.576381096449472
13.38,11.75,3832,54718266823561.86,3.7255732155110075,0.09160495374363198,1.6778204649559445,0.05557109166929692,0.6768952035315166,0.10052912643451685,0.08731368586149207,0.018370008356125907,0.8685411776493143,0.18273319392755144,0.027138629820813304,1.6438136429497063,2.602705801733369
13.39,11.52,3808,56236193700031.15,3.820297040483826,0.10501284634046665,1.5893311761742182,0.0682316205568914,0.7251428791831639,0.18669193341002482,0.053935021278090835,0.03480815309071453,0.28889850939427186,0.1864470116888587,0.04800178570314877,1.603159895549774,2.692345253623776
13.4,11.78,3839,54702026306863.94,3.725527836716549,0.10565983567978697,1.6604837463836903,0.08092979146477056,0.6372180547290598,0.1337558466754118,0.05088329306507334,0.03271705072971479,0.38041920656039,0.24460277096604208,0.051343571461775095,1.6610650604458703,2.6031956356529165
13.41,11.59,3827,56016712140564.92,3.806502431665987,0.12276401712385425,1.675652028853782,0.07881468875429153,0.6845000267771032,0.13678005464899148,0.06183930752544981,0.025374661512703147,0.4521076386768776,0.18551433962956265,0.037070358685268555,1.675910524432642,2.673472948290698
13.42,11.73,3842,55174360883230.98,3.753516137664535,0.10482359192379542,1.6932117195879026,0.06413387024691848,0.6744301134192101,0.13868403110772792,0.06487926412000947,0.018361772558216114,0.4678207260186439,0.1324000493175233,0.027225611954255758,1.6520452875672724,2.6282147727608285
13.43,11.67,3840,55636672073563.21,3.7856255942098525,0.09012654128160773,1.5713962515924425,0.058286024232192715,0.7356355144926426,0.15305675840687522,0.0750273797108833,0.03245000584486854,0.49019318383469124,0.21201289105186555,0.044111526979837085,1.5759378732942304,2.64942629570997
13.44,11.72,3842,55272074887627.875,3.7688128571233763,0.10811546985705742,1.6965484518982497,0.06509501415466774,0.6824229549346569,0.1380079069338047,0.06654607833836133,0.01782423106941381,0.48219033109660925,0.12915369463550502,0.02611903796688743,1.6567130975573379,2.6426455705845764
13.45,11.73,3843,55182841995712.11,3.772340571994179,0.09601346167550567,1.5790097977665094,0.06577001008300144,0.7001757782568075,0.18120391277089815,0.053937879051133245,0.03189417989724709,0.29766398653504034,0.17601264459212818,0.045551675575885284,1.5954534191483551,2.6464016636796748
13.46,11.7,3853,55567756553138.1,3.791594001107957,0.12486489999871049,1.679028215474096,0.08394414000644061,0.6687843225587627,0.13327543015840876,0.054091782035949,0.032499557135789496,0.40586462164598897,0.24385257730671822,0.04859497455240351,1.6797188706647666,2.662391308294507
13.47,11.57,3825,56525272364700.91,3.851505902004997,0.10947242313797016,1.5914525403264046,0.06922261999462016,0.7335095370196112,0.19237449507749538,0.050822850807705815,0.038964817944581266,0.2641870523804756,0.20254669377499773,0.05312107883818762,1.6082504200417795,2.717153251794091
13.48,11.88,3862,54739453728616.97,3.7423040502980673,0.10996005898959038,1.670465025108059,0.08164160203067483,0.6458489383594471,0.1319615850150994,0.05386315408225948,0.027696749476503985,0.408172985161525,0.20988494093440035,0.04288425331604302,1.6708924439868467,2.61925540597633
13.49,11.75,3854,55266546137959.195,3.791022623651291,0.08802736035511223,1.6335493899731335,0.04724497492830165,0.7493710440835339,0.15531767820045816,0.07916041309995608,0.02101063757373482,0.509667759762601,0.1352752488780948,0.02803769606474509,1.5785685645630365,2.663168032805443
13.5,11.87,3867,54995498736044.02,3.761604868951937,0.08612082318672787,1.6317260909330902,0.048215324811224244,0.7318258460426411,0.1536254133184214,0.07768629103983314,0.025661125203387532,0.5056864574796083,0.1670369807253139,0.03506452435664911,1.5683444254530128,2.6336450243226666
13.51,11.86,3868,54938795156457.93,3.7674677345743675,0.09254932081121515,1.6673468378907743,0.051647538521463615,0.6894154391210929,0.10147229506412424,0.08855254772561615,0.019152460121371045,0.8726770954540487,0.18874570747875438,0.027780724124466548,1.6611397537732318,2.6391233978492843
13.52,11.86,3867,55146594640958.93,3.7768406238225953,0.09610284938955158,1.5784322909690636,0.06558523711494062,0.6998832056723058,0.18499665276591928,0.05455323654389308,0.03029586621461197,0.29488769514614194,0.1637644020129708,0.04328703127761131,1.5962729118330847,2.6499505418304343
13.53,11.87,3871,55140906485868.31,3.7700232466918795,0.08653297401003296,1.6313602777700082,0.04749126574142182,0.7416343388877367,0.15269884623543012,0.07924199404092158,0.025454905367718817,0.5189429782511046,0.1667000504278376,0.034322716779666265,1.5685933356540875,2.643177734630794
13.54,11.61,3842,56788811432662.54,3.8760148394763405,0.10821297567788257,1.5920688595687964,0.06746657634540568,0.7590155073951357,0.19892598963198538,0.05500711509812249,0.032165026889111464,0.27652050493696717,0.16169343658220334,0.04237729871883458,1.6041280418986417,2.7417464338036517
13.55,11.36,3809,59306311486182.3,4.026918914890993,0.13606533093727166,1.622251043408439,0.07697002541871453,0.8150100578580682,0.21167867990283448,0.04802337572590892,0.049403653209089494,0.22686921398013626,0.2333898398826322,0.060617231324638456,1.6365075764330148,2.8782206270107182
13.56,11.86,3878,55555994918624.32,3.7953363170214276,0.1138723826568681,1.6994113495327035,0.06593693959038191,0.692974151416093,0.14047078889862077,0.06822979492611708,0.01882995178260648,0.4857223018471067,0.13404887898932677,0.027172661121814524,1.6600694730907641,2.6648458319649375
13.57,11.59,3843,57172967358245.33,3.898392933354292,0.10248449161267015,1.6447898009174025,0.0524116072394305,0.7990781764415662,0.19042489293568224,0.07471079209318397,0.014000764899727796,0.3923373196718468,0.07352381657610638,0.017521145380387727,1.5971160362430026,2.7636214728903887
13.58,11.79,3883,56065770158412.82,3.830324609540842,0.12340025126960102,1.7064124806338579,0.06925438619528007,0.7020253536759945,0.14869061986242763,0.0653363362774621,0.017296201333037296,0.43941128457136674,0.11632341938610644,0.024637573618202978,1.675170790517827,2.695193830867533
13.59,11.74,3873,56358240025696.18,3.857152426480505,0.11164981417185445,1.5935532766537193,0.07023265598166059,0.7279398258854092,0.19052912648792333,0.048715266342652094,0.04258768229490084,0.25568409009495935,0.2235232118045755,0.05850439937545732,1.611966690587645,2.7129977106954346
13.6,11.96,3894,55202642766759.89,3.7880416912060495,0.11479467499993685,1.7004661490813044,0.06775157923997426,0.683068867016375,0.1389142874940214,0.06779381244624362,0.02025078323586283,0.48802620428198457,0.14577898070228654,0.029646766546860295,1.660899679910608,2.6571437767223247
13.61,11.87,3894,55677984280208.35,3.819960565579013,0.09392288533848508,1.6348422169271972,0.05033142018241457,0.7574548249813845,0.1831634929083402,0.073371582014889,0.01653125956065309,0.4005797271599644,0.0902541183189041,0.02182474652671117,1.5744546377149158,2.687202156983325
13.62,11.63,3855,57393370672603.67,3.92039385466233,0.11722581452760976,1.6042307878049733,0.07076050921328397,0.7764582203175304,0.20062511121668813,0.054461207373964725,0.03763878044612566,0.27145758097620737,0.1876075243914673,0.048474959065709144,1.6121868928935206,2.7771893533134038
13.63,11.62,3852,57664497732109.234,3.933704502958223,0.13939961726127365,1.6217757595213314,0.0802633169317814,0.7490649545341895,0.18222681875895425,0.03717383534097598,0.05749567614616776,0.20399760910137346,0.31551709313557086,0.07675659607106007,1.6478038341561263,2.788068951896504
13.64,11.75,3883,56721941245870.4,3.8821860748679873,0.11216057357494333,1.5947722333422791,0.06959625162909186,0.7494028192499661,0.19749767883137717,0.053645566574995356,0.03742255752767829,0.2716263142555602,0.1894835308906569,0.04993650486280845,1.6085538230621585,2.738835962398252
13.65,11.8,3890,56543668159716.62,3.8715908908894145,0.11018592305052638,1.5932713090812893,0.06872035700936142,0.7533268653825818,0.19265599110159604,0.055434384885436325,0.03651557749214886,0.28773766426087066,0.18953772100911503,0.04847242169387413,1.6070345629658316,2.7355572458236828
13.66,11.93,3908,55898868460336.11,3.8314573749155825,0.12149714476371688,1.7060976485858712,0.06811048517308241,0.7068973212722902,0.14630862120567617,0.06729405290339621,0.018366379857006534,0.4599459167125654,0.12553176774995126,0.02598167980598695,1.6703733607723237,2.6954594910283047
13.67,11.84,3897,56480363303558.05,3.870579243562116,0.10711452113725743,1.5940017695841584,0.06681569163887689,0.7527367930979615,0.20148459215140901,0.05497149712230651,0.03308036838987455,0.2728322624342275,0.1641831171140657,0.043946793478407076,1.5957507454045385,2.729002401150653
13.68,11.91,3905,56214653421362.62,3.85353952377629,0.10494342780545929,1.5910830943030547,0.06622308698689376,0.7497807302320357,0.1997683105253043,0.05602968992599049,0.0320188188154158,0.2804733632609528,0.16027976975537386,0.04270424341994878,1.5913342257024823,2.715188649852333
13.69,11.87,3913,56437532490862.77,3.873550261650403,0.0985616390611119,1.6402874617386174,0.051074687467847206,0.7875933262771828,0.19121583344600862,0.07411899624800108,0.014251295088450383,0.38761955488863425,0.07452989029004418,0.018094738252562127,1.584716155461167,2.734758106579211
13.7,11.68,3873,57713682643032.086,3.9479401436514814,0.1289384285141469,1.6101907023705628,0.07550326822633012,0.770799458578701,0.1992204229866587,0.04393943917805568,0.05053664498117946,0.2205569013423799,0.25367200924256533,0.06556393419679539,1.6315911224453985,2.8038983231928123
13.71,11.88,3910,56443709437878.06,3.879341101896606,0.09500337833182104,1.641300647960034,0.04783946673190338,0.7975285850751326,0.17352712197795794,0.08098348046471615,0.018885591878285014,0.46669062185565996,0.10883366048498132,0.02368014417502774,1.5874264018130777,2.7405185047095824
13.72,11.55,3855,59036427358551.54,4.0217637525184164,0.1412970912995283,1.6631106740826491,0.07782155555210371,0.8556107354714866,0.10656095726528961,0.09470528187522688,0.0463488546311607,0.8887427844651644,0.4349515603146523,0.054170492152158474,1.6638265921269197,2.8721368961912224
13.73,12.0,3926,55995822257058.64,3.852947222388478,0.09649573888665965,1.6444189383952081,0.05111939753661019,0.7509928224480259,0.2200400758769594,0.05915609520894594,0.011866304775342689,0.2688423687057101,0.053927925302016406,0.015800823151227817,1.5910889108103694,2.7164245164079617
13.74,11.9,3923,56606777802105.7,3.885270255710391,0.10457271362090963,1.6573398133842054,0.0549970641530917,0.7727407410160215,0.21766595738050892,0.0556310049651422,0.014301208418385461,0.25557972240873583,0.06570254986352805,0.018507123617659688,1.5997219438643524,2.7447572691780455
13.75,11.63,3866,58399238380957.234,4.001789512274613,0.14099342765399597,1.6284590667561232,0.07982387072301818,0.8000363248608147,0.19729225130718758,0.04427579046887142,0.05116480236860568,0.2244172803316701,0.2593350830030378,0.0639530991014777,1.6441317595350644,2.853112588196206
13.76,11.83,3917,57116477976205.27,3.927900150824664,0.10344342776806548,1.6454204282141787,0.05251967660982543,0.8120308032678408,0.20063567687271522,0.07432055498583394,0.014004491583171118,0.37042542056457617,0.06980060476510204,0.017246256578953775,1.59139847878311,2.7822046214593636
13.77,11.96,3937,56521958659334.164,3.8838196610205107,0.09851957256653762,1.643885994638907,0.050862251144123856,0.7758005607795646,0.21444622419075565,0.06522407976978183,0.011174272780850284,0.3041512156062177,0.052107575328118015,0.01440353790105771,1.5942291623381908,2.745488045742294
13.78,11.83,3914,57296358600595.62,3.9375720203598417,0.13741738892924332,1.6243383712858797,0.07963432270653065,0.7589232385330871,0.18463657402980146,0.040733218005241344,0.05376293086796764,0.2206129431250536,0.2911824547789214,0.0708410655231553,1.6429010179699963,2.791517483774809
13.79,11.88,3927,57124337729646.66,3.923466685943322,0.1336003424789846,1.6144753331797497,0.07804486424778424,0.7429020634551593,0.18797035075713214,0.039249705830590134,0.05516943744428886,0.20880796185406322,0.2935007421227338,0.07426205977636084,1.6417260075288407,2.7776505613173548
13.8,12.06,3943,56273451266301.05,3.8732991799836824,0.11910326562170491,1.6962145680359715,0.06174409530652676,0.7419101376373894,0.1229838469216816,0.08914108878956793,0.016886688629996493,0.724819486630099,0.13730818357593133,0.022761097029583798,1.678416876492302,2.7374188903658014
13.81,12.01,3942,56565329026375.04,3.892519615827404,0.11383893400676454,1.5958624258826464,0.06975612098608405,0.758123486140734,0.198301814936714,0.05436083824806192,0.03884661289631563,0.2741318240854761,0.1958964062366909,0.051240482067197626,1.611049889659591,2.7552510680205087
13.82,11.87,3926,57378837258696.875,3.942309619227073,0.1406204253476869,1.636628936985413,0.08335569328547289,0.8073039734108208,0.13756386209575194,0.07179457557136804,0.04540894791849789,0.5218999705125689,0.33009358145884843,0.05624764576179062,1.6373913978936867,2.7995275572004346
13.83,11.65,3882,59144101344285.03,4.040475651325023,0.13815042992376736,1.6248594312292526,0.07782511534356998,0.8222338155923912,0.2103267953182748,0.04749408829939128,0.050360515494854985,0.22581092545779224,0.23943937061679404,0.061248411996497575,1.638983284849825,2.8798459232433347
13.84,12.0,3951,56932433392906.84,3.9148300339923043,0.10398337647366222,1.64628416561469,0.052915575381226015,0.8033544765366812,0.19620829563829334,0.07543129353749552,0.013956547120170092,0.38444497615203704,0.0711312795148007,0.017372837928703363,1.5989325884250412,2.771796893788651
13.85,12.12,3960,56337693260651.9,3.8883421753495857,0.14170927485052387,1.6964470701724523,0.08232446896737776,0.7278121641682699,0.14619203020767793,0.06403327709826288,0.02144256144336797,0.4380079885839077,0.1466739425733881,0.02946166950626901,1.6966471626738895,2.752725388752658
13.86,11.84,3926,57997986171887.805,3.9818271446275664,0.121234181367533,1.6703660682373316,0.062063346020607764,0.8230557320805086,0.22159696356575959,0.058803730892241814,0.020939204426282932,0.26536343253995726,0.0944922894670854,0.025440809911320472,1.6116143459841183,2.8305079307085634
13.87,11.9,3934,57706824947219.28,3.9673762571294917,0.12284980699471973,1.609913776881929,0.07221656634072526,0.7983619218422755,0.20851480565908878,0.054087717503767445,0.04118759981529159,0.2593950934697565,0.19752841859407932,0.051590135611989545,1.614949824401995,2.8183584851087464
13.88,11.62,3891,59795475370705.016,4.084675927940965,0.14676848440405643,1.6347492890689839,0.08064325717943095,0.8455800189166274,0.21126755044094453,0.04691225050987709,0.052892604015866235,0.22205137709016243,0.25035839108027746,0.06255186124624043,1.6489356022012107,2.924051343552094
13.89,11.87,3934,58048966074947.12,3.9874791298885572,0.13091216845211306,1.6194197485632296,0.07813965495415279,0.8177192295828333,0.2112504815492813,0.056251258571888695,0.030482762484505484,0.26627754010002663,0.144296771590527,0.037277786044063725,1.61973332429603,2.8347974627621206
13.9,12.14,3974,56613940050433.84,3.9129351816573696,0.1009529291296176,1.648620407407529,0.051862457428591933,0.7857249805258542,0.23208957058944804,0.05936282866350019,0.011333654078742568,0.25577551163860496,0.048833103745067004,0.014424454306082274,1.5965869127505383,2.7732550303838157
13.91,11.96,3953,57621750785713.11,3.969320825838021,0.11929807176142182,1.66760583012136,0.061305509444008185,0.8174753794947738,0.2208302537478441,0.058937015040237295,0.01848379077876572,0.2668883182443596,0.08370135189842016,0.022610822591610402,1.6111799622247092,2.8210504406069106
13.92,11.96,3947,57637332644517.71,3.9789975498915813,0.12286347820786099,1.6104491220368358,0.07202529448785118,0.807900429175483,0.20749254639795267,0.05624357399786089,0.04052644023676388,0.27106310551508006,0.19531516163013246,0.050162667048121085,1.6140123955509091,2.830151976749836
13.93,12.04,3969,57411911047897.516,3.955178744137341,0.11710756826167486,1.6648739492165368,0.06036990695760392,0.8091384282859708,0.2210277934624885,0.05919238933156434,0.019091554406214083,0.2678051859645883,0.08637626113502413,0.023594917431688987,1.6076282593949274,2.8074056211954503
13.94,11.94,3954,57983280041771.0,3.9955175789502175,0.13120376637028075,1.6189306479314545,0.07833745172341756,0.8255633480267145,0.2105961076473443,0.05537034657482751,0.032931822391634995,0.26292198461496946,0.15637431650342412,0.039890121660984094,1.6193456682895537,2.84302630778458
13.95,11.57,3913,60830320060814.15,4.1583342585799326,0.16193841700822892,1.709337300687637,0.08214782642753335,0.9259562864774704,0.1044005989775908,0.10662878601688215,0.03600190959508862,1.0213426652826927,0.3448438988632268,0.03888078748517097,1.7096770482826502,2.9944877461914534
13.96,11.9,3945,58306758565525.92,4.018604534039768,0.14403921026690172,1.6298636794232022,0.08056838334709467,0.7992720058385226,0.19909292535155348,0.04300548675758781,0.05461385802250023,0.21600710663952402,0.27431340378400887,0.06832950187615341,1.6498235984012448,2.8647017405577664
13.97,12.02,3974,57722201113141.64,3.984243254985398,0.10969539177753111,1.6532270141602912,0.05454075787350513,0.8401988816832886,0.20880345545301193,0.07591089133791315,0.01373757434419143,0.363551892248238,0.06579189177873956,0.016350383990834425,1.6053327652988174,2.8348165765397386
13.98,12.16,3989,57182016448937.71,3.950229637296262,0.10488476455915108,1.6468071050184705,0.05266873825509396,0.8176271406915626,0.21834499584946535,0.07308369129022098,0.013058344545272178,0.334716584668638,0.059806017053283214,0.01597102627271792,1.595180118426887,2.803320982852494
13.99,12.06,3976,57696564215386.54,3.979700109030866,0.12779853315994313,1.611947633952751,0.0741552243273347,0.7924868098154185,0.20856438632928487,0.049419848514715724,0.04784473674346657,0.23695247968505445,0.22940031894001556,0.06037291239536251,1.6274047773643798,2.8317822177824437
14.0,12.05,3982,57786849550986.05,3.9895394479157247,0.12016805624187371,1.66910302716612,0.06128280227630968,0.8272971819655217,0.22594686410381545,0.05945857160449072,0.018352684304001006,0.26315289588250884,0.0812256650553403,0.022183907674383774,1.6126463229319075,2.840805815782618
14.01,12.07,3983,57911101521190.69,3.988993056958071,0.12688635748366056,1.6135005905149302,0.07358736226336048,0.8038629079307952,0.21262664787416893,0.05302237865113047,0.04425186379323933,0.24936845490085877,0.20812002745501257,0.05504901813064995,1.6216389362403814,2.8375258990959957
14.02,11.82,3938,59273091369057.4,4.082878512710246,0.1226297946490097,1.705113656824806,0.055865083684507114,0.8477709909014087,0.17708122639227758,0.08442368283223897,0.012649817371479065,0.476751175447702,0.07143511274005225,0.014921267072407025,1.7054181354693487,2.924914244761054
14.03,11.82,3938,59552140201008.44,4.089459638377804,0.15217098797231465,1.6698855039482394,0.08286496248443981,0.8933662329197903,0.13047653055782546,0.09481104713111012,0.03531801483355697,0.7266521168655011,0.27068480961719393,0.03953363529101278,1.670260488119654,2.9288225226045443
14.04,12.03,3981,58371577356086.336,4.021956428847875,0.14262768669738118,1.6316711135118032,0.0831168802898053,0.8340953474469882,0.2085200945593916,0.05238592535770548,0.037341755538775154,0.25122722809232517,0.17907988972323868,0.04476916896020505,1.632322109048812,2.8683677360089304
14.05,12.05,3987,58314547393407.57,4.024843977820354,0.14672213409452073,1.682885416469354,0.07922485657602105,0.8497290100154856,0.0942111801451606,0.10050384471386227,0.04000874259084385,1.0667931827093762,0.4246708567836469,0.047084119900901965,1.6833703535088653,2.8702591220428606
14.06,12.24,4010,57425694844889.24,3.9769661850179516,0.12205006563930466,1.605944557318478,0.07180322185904428,0.8022446585700468,0.21334120935665232,0.05559098036155838,0.04058950852882779,0.26057310038317244,0.19025629718341214,0.05059492524534369,1.61817080128737,2.8298825651876816
14.07,12.18,4013,57652174092973.3,3.993862728019295,0.12483475747759813,1.6739438840804501,0.06379842509621869,0.829980092127256,0.22037176886509136,0.058591138780086933,0.02319739396583647,0.26587406854258017,0.10526481720096191,0.027949337804453928,1.614355487419347,2.8442286841460356
14.08,12.11,4003,58185780206642.04,4.016867180500618,0.15107935106353762,1.6336702185695564,0.08653149303866954,0.8140285129293198,0.19769292770922187,0.0456863197178153,0.05344724112564978,0.23109739051977302,0.27035484650347763,0.06565770151381722,1.6346461374306767,2.8621492145167027
14.09,12.12,4006,58184805230362.555,4.0233429138528365,0.12486133312717913,1.67470340646595,0.06302350020138599,0.8487237217994396,0.22791627612501542,0.05973003819140569,0.02188322242596606,0.26207008646737845,0.09601430313806457,0.025783681855350855,1.6155738584589279,2.872939064764404
14.1,12.2,4021,57873620636870.56,4.0025305829241695,0.12832200680612824,1.6152097033899029,0.0762171364199069,0.8241650194925636,0.22161014309712365,0.05786824416827756,0.031028148462912825,0.2611263336575529,0.14001231184311955,0.03764798035473136,1.6155091335563858,2.8484605214955847
14.11,11.89,3960,59794501155833.34,4.113109020444045,0.15621615691367385,1.6797411033500131,0.08384731013966389,0.9069521344952385,0.122637229214559,0.09921059178895592,0.03594008662664469,0.8089761357489805,0.2930601649827394,0.03962732459596342,1.6791059155003014,2.9501077671257443
14.12,12.12,4004,58502284750997.76,4.039252789065299,0.1446554907750512,1.6299352891424057,0.08046312918169117,0.8134636879227228,0.20686607080184313,0.0447957708991013,0.05359410063848497,0.2165447950234968,0.2590763213645737,0.06588382669587126,1.649781704715644,2.886083303990707
14.13,11.88,3962,59886300217995.6,4.1266315459346234,0.1321284017657364,1.747475582813259,0.05984587942870855,0.8126893366049031,0.25445319462390154,0.04291729958643178,0.0026162656939663705,0.1686648094549033,0.010281913331186046,0.003219269130435624,1.7481784096243997,2.9596591440620053
14.14,12.11,4007,58630915753758.03,4.0587586209739985,0.15986026581928386,1.653090121440753,0.08761234458649939,0.839438766397476,0.18933067676529983,0.043166759252655944,0.054597446667533536,0.22799664581649806,0.28837084195929974,0.06504041611259294,1.654080221749485,2.902429336534439
14.15,12.09,4001,58708231711297.43,4.068563766646231,0.1418294794778767,1.627232493581251,0.0786406595753274,0.8291197989803933,0.2147398393351915,0.04644316908874728,0.0531442103977304,0.21627644517444783,0.24748183924444775,0.06409714309450128,1.645672707237008,2.9080252640162425
14.16,12.04,3996,59123269702461.81,4.089359750106329,0.15801379919065786,1.6452460200473955,0.08824436018785457,0.8589565008109686,0.20531867526930359,0.04793063905138867,0.049380427143368134,0.2334451018083039,0.2405062621731751,0.05748885664960504,1.6462286411836866,2.9262751777233826
14.17,12.14,4016,58668143324311.055,4.057541209609249,0.15223064641332518,1.6453690701655797,0.08544946885188334,0.8442677691916507,0.20124319864112275,0.04846969059176139,0.046182167831009084,0.24085132277288762,0.22948436589584228,0.05470085382416823,1.6462359247157414,2.89785216003028
14.18,12.37,4047,57618730551573.695,4.006574420216953,0.12165875396695974,1.670899281089587,0.06145545258399871,0.8390369292681953,0.23118577293958809,0.06067684517655351,0.01838063053643586,0.26245925259600283,0.07950588958274246,0.021906819467967128,1.6146215332835128,2.862726692549749
14.19,12.06,4000,59256791219186.82,4.098203772005512,0.1559626012202144,1.6463925164879825,0.08594061209901047,0.8609426568520304,0.20362765846369696,0.04634592362556299,0.05420176248185552,0.22760131887400556,0.2661807481890712,0.06295629801877867,1.647331533022803,2.937405967664738
14.2,12.0,3989,59715661088129.836,4.125754944716657,0.1613043127295307,1.6557986809659881,0.08830630907290417,0.8880689679502305,0.20626274329918898,0.048983538342687614,0.0469961171339406,0.2374812705348141,0.22784588424566632,0.052919445257065184,1.656692109794078,2.96446231388625
14.21,12.11,4015,58984390009285.44,4.093898359527019,0.15269920371875376,1.6726583050280395,0.08302744151357495,0.8964091830740402,0.12312366018303028,0.09724076078895522,0.03650550064125498,0.7897812706704895,0.29649460215028933,0.04072414844755083,1.6720411049477144,2.9360804515406365
14.22,12.09,4016,59362458527621.05,4.100269488642612,0.15683180471039315,1.6429575136307804,0.08787887477947787,0.8643587152409279,0.21171771893914515,0.049834204126531605,0.04768393906782482,0.23538041301519805,0.225224130066935,0.05516684014059323,1.6439129399816714,2.934570628622865
14.23,12.18,4029,58841682842779.94,4.08568054028959,0.1409275849138323,1.6295186569800442,0.08152966737413052,0.8695631746432739,0.2254551217397234,0.05751009018519913,0.03238707386641962,0.25508442541212983,0.1436519765730089,0.03724522244137807,1.6299127693482045,2.9258990056377523
14.24,12.23,4041,58696251599677.586,4.071446446139045,0.12981581942661582,1.6802784178253045,0.06448338219027545,0.8725200360853074,0.23673416398112654,0.06105656560644559,0.02017751854369467,0.257911932015496,0.08523281221591367,0.023125564696742266,1.6240449631288212,2.9153452991003546
14.25,12.01,3997,60023940845674.01,4.151575773468042,0.13180824720969017,1.7602050135360086,0.05904327472552627,0.813816133815668,0.2627247629202917,0.040444418687235195,0.0021610203693384427,0.1539421645591347,0.00822541562248579,0.0026554159834682274,1.7609324683955496,2.985320934505461
14.26,12.06,4010,59757170137177.02,4.136958001301109,0.16240771113585012,1.6554659931996443,0.08847518731242138,0.8872076709133531,0.2072119265208872,0.04829139437604406,0.049596039716608475,0.23305316053405944,0.23934934899420054,0.05590127468752708,1.6563763777105616,2.9711196563001705
14.27,12.2,4042,59027869571492.305,4.097858837841892,0.15358332560756627,1.690875805924407,0.08042510463812015,0.8921108408659025,0.10399880454744599,0.10199455380496367,0.039833950277191756,0.9807281367203797,0.3830231554153956,0.044651346505920765,1.6904543546569566,2.9374508699518693
14.28,12.0,4000,60382833336680.086,4.171574624894353,0.11962519782530287,1.4147823292057233,0.0897550881006553,0.8239697867821286,0.2645918777251361,0.03901190674209335,0.0020265690545790255,0.14744181521180247,0.007659226246862613,0.0024595186463006614,1.772474933349029,3.005976588849885
14.29,12.18,4035,59317588387967.73,4.113917569681837,0.15356627964367608,1.670793618513277,0.08325420836173873,0.90580428072109,0.13054161556597646,0.09833722516349896,0.03733080857694821,0.7533017324563352,0.2859686423758178,0.04121288601907468,1.6711887394359894,2.952002066977208
14.3,12.2,4039,59324027864708.734,4.120381497038901,0.1504780586269731,1.6388194259376039,0.08509315797763693,0.8833022708424341,0.22494721393523345,0.05528002143824222,0.03822798120566526,0.2457466374940673,0.1699420078911127,0.04327848174691772,1.6394870961212624,2.957655412711414
14.31,12.09,4019,59920723230435.67,4.1591049535766995,0.16563610236922338,1.7373080004968264,0.0810970840467733,0.8705541603891368,0.19521672967625311,0.06436985592169964,0.013626741761336339,0.32973534608663113,0.06980314537557765,0.01565295116761627,1.7373301050706271,2.9919485214496166
14.32,12.01,4012,60675924305678.99,4.190834447086424,0.16202569255557486,1.6944523394140414,0.0830595338781543,0.9462612299556729,0.11519942754316614,0.10558207337662412,0.04402565110858735,0.9165156080056186,0.3821690094084069,0.04652589550842077,1.69518331004127,3.019275934199995
14.33,12.07,4022,60267555941144.375,4.175694313953065,0.1539929484823053,1.6535315267710962,0.08353349566931621,0.9155201230729638,0.22205359549402728,0.05304227948124024,0.043492807780799086,0.23887151821717273,0.19586626230498907,0.047506118854946086,1.6543738182675072,3.006583858364469
14.34,12.41,4079,58624681921206.88,4.08429282232388,0.15572733107279196,1.6475709396756313,0.08579695067222112,0.8556933837172461,0.2045023136181838,0.047526373147698586,0.05163185703476628,0.23240017341042282,0.25247566211483347,0.06033920329086876,1.6485320542241568,2.9265019041294202
14.35,12.21,4045,59646171096052.54,4.142283963474277,0.13267553653802133,1.7603591861904033,0.05949727456503991,0.8150809476743868,0.26010202383667286,0.04068419665245813,0.0022279987075584855,0.15641630177397295,0.008565864558430055,0.0027334692510179236,1.7610741688037717,2.9801613596975516
14.36,12.2,4050,59736395676478.02,4.149285611060834,0.15270626350672753,1.6429107173389204,0.0856800802449932,0.9050385726030012,0.2276883756304279,0.05604600559011339,0.03689165645006351,0.24615224837426217,0.16202696491604893,0.04076252390432223,1.643541825913087,2.985797963985015
14.37,12.26,4058,59579312618899.43,4.141656141339657,0.15067334290556383,1.641438969035758,0.08445108995208352,0.8970075612604613,0.2304324842744607,0.05639159463755818,0.03568506956471727,0.24472068170038028,0.15486128041831956,0.039782350903010404,1.6420361306049691,2.9771192533923325
14.38,12.02,4026,60913132303010.21,4.2233903810129485,0.1435405299046082,1.4250018670197209,0.11558564250650334,0.8229064171533987,0.2528681632756204,0.03629145980848783,0.0019122524081235353,0.14351929218124224,0.007562250555200279,0.00232377870467751,1.8215799031342492,3.050949395787933
14.39,11.78,4019,62571842846480.46,4.317434087481146,0.12977748271458914,1.433466627227293,0.08557797884307818,0.8817126066624055,0.2712080134871746,0.0388979760112699,0.002049104204691066,0.1434248771307393,0.007555470719112686,0.0023240046577621834,1.8201698200037157,3.1362040039303376
14.4,12.29,4066,59554058449807.9,4.146789114448274,0.15576809350891152,1.6693174392270462,0.0839387380643811,0.9244136102869142,0.14714430906201548,0.09325151298147534,0.03706265938952483,0.6337418930838401,0.2518796657905702,0.040093156328606556,1.6697946688579892,2.986621847051988
14.41,12.48,4100,58803385432308.47,4.098735299590678,0.12755704127974068,1.6790820796464194,0.0626992571109763,0.8864644528413111,0.2450167755786544,0.06396483440491249,0.017520084682735478,0.2610630813088091,0.07150565360824138,0.019764001395182626,1.6257731005010818,2.9440806926922836
14.42,12.03,4032,61206024464243.64,4.2465353161726185,0.1280302166597782,1.4210633374815427,0.09556628358447265,0.855716693594413,0.2686882618076425,0.03923567776111521,0.002057222620962178,0.14602676535681544,0.0076565407328250575,0.002404093126103307,1.7955649739239012,3.07391074646001
14.43,11.98,4033,61701269170026.07,4.264424774699515,0.13044305940410614,1.4246288058470533,0.09468607255392522,0.8617086324891071,0.2699651841845634,0.03899369523245054,0.0020371089401356,0.14443971858901722,0.007545820940906654,0.002364034504622827,1.8039950509239007,3.0884492422392786
14.44,12.37,4084,59584449993505.37,4.148354599746113,0.16379114094273647,1.6553234370369894,0.08889015416515816,0.8961286505318893,0.21219934901281354,0.049197782492470116,0.05016494977509974,0.23184700010318757,0.23640482408864769,0.05597962942633826,1.6562306368213406,2.985610718064389
14.45,12.29,4074,59820672824279.984,4.176310003888502,0.16552366052679418,1.7372509748318534,0.08090509784835012,0.884766247381031,0.20149011069022166,0.06506890009488381,0.014337641635846944,0.3229384304370309,0.07115804138839431,0.016205005195764812,1.7321937874219993,3.0145208096500946
14.46,12.32,4084,59922355941964.625,4.168679020870714,0.16130914193489387,1.7010501927673278,0.08248410395827006,0.9333110801573726,0.11006397678419291,0.1071900795299054,0.03849035975577662,0.9738888477569507,0.3497089681871689,0.041240654454982435,1.7014286648069283,3.004034281767685
14.47,12.46,4105,59417398145973.75,4.140194092111595,0.1598060293736772,1.6505637128676671,0.08764856121764569,0.889156302906515,0.21686764308613513,0.051666415913979004,0.046776236968316294,0.23823939421639873,0.21569025375416556,0.0526074401265694,1.6514058409538919,2.9774322546753824
14.48,12.36,4089,59897673012948.164,4.170935523271373,0.16956860350148859,1.6673656539789676,0.08826035119557532,0.8974287395518731,0.204532696320892,0.04430837018045786,0.05995277106857647,0.21663221077837996,0.2931207193128495,0.06680504916581301,1.668428469044625,3.006092849290879
14.49,11.89,4045,62688057157528.26,4.331881869141054,0.09022261367753139,1.486084773605555,0.043473799839274345,0.9600854416451193,0.015869625629075488,0.01722232008569735,0.27505921462999294,1.0852379563474723,17.33243247566244,0.2864945167366305,1.4867053270683204,3.148734650674593
14.5,12.28,4077,60456223816252.36,4.208873837905758,0.11799112447222698,1.417569832030891,0.08426486717561299,0.8353710313240529,0.27321560212016166,0.0405504166100496,0.0020994820274526245,0.1484191103852675,0.007684341637741688,0.0025132329811879774,1.7801639437971246,3.038885610912655
14.51,12.13,4057,61302404146472.88,4.258801203164071,0.12646718817475605,1.4216705198030433,0.09257688422689889,0.8634329681853585,0.27345174615974144,0.03977463877884115,0.0020730433528808323,0.14545395791916474,0.0075810207175266275,0.002400931432161621,1.7937840448077906,3.0808582322974902
14.52,11.85,4051,63085847368857.97,4.364266386917435,0.1387978950375563,1.4607461332213387,0.07623271625807958,0.8746694892460471,0.24820391870370367,0.034227735993480356,0.001852662962876084,0.13790167444672827,0.007464277649410209,0.0021181291741101584,1.8943359123726868,3.1794189695976227
14.53,12.15,4066,61405639062128.27,4.264672470755781,0.11821697529028385,1.4255913046984308,0.07755373811710883,0.8671216327788067,0.27701250515376913,0.04044777021829293,0.0021022375983424566,0.1460142393060575,0.007588962805760369,0.0024243860594338495,1.792191209881965,3.0864662071937707
14.54,12.26,4080,60834842553244.54,4.231309113587514,0.1355430512685524,1.530304332897889,0.09288519806587546,0.8472757592349242,0.2719323950232556,0.03991226002193069,0.0020762226111823456,0.14677273010638325,0.007635069043556901,0.0024504685618022873,1.7883397795751852,3.0595638289709393
14.55,12.29,4085,60705934376950.914,4.231055152000746,0.13267132570384832,1.4180938726758974,0.10627134811153917,0.8401858031974577,0.26855765477244264,0.038963315910993696,0.002022685661638491,0.14508361693882285,0.0075316626642140455,0.0024074266119956398,1.7973806564431203,3.059785723112558
14.56,12.32,4088,60510081797632.46,4.226660116939048,0.17563824877772918,1.7367216632324856,0.08504310150862567,0.9645037789487109,0.10620505954921705,0.10526751542534463,0.031501343341152926,0.9911723214708246,0.2966086877109157,0.03266067383944181,1.7370477594535771,3.0599539772130537
14.57,12.18,4076,61502504193544.5,4.2730883283231025,0.17801757672873791,1.7274814369916396,0.08668846055510424,0.9869334677191755,0.11677094104564907,0.10861372580254364,0.03723291621541669,0.9301434486177811,0.3188542961288741,0.0377258624144774,1.7279565644406967,3.096234982114333
14.58,11.98,4070,62663734623531.07,4.35502830704477,0.13110052827395866,1.4465866579949251,0.07484603312270932,0.8876467538949858,0.26245044771055875,0.036994669155124796,0.001971748653650118,0.1409586818305757,0.007512841646300578,0.002221321313910182,1.8553393575509662,3.168460140986582
14.59,12.17,4079,61641950296679.12,4.2899669269417595,0.12134584260240644,1.4243108570348306,0.08386616101061774,0.8756824557353974,0.2798136138942005,0.04060041888311516,0.0021122237806193026,0.14509808267751567,0.007548681249719141,0.002412088727808825,1.7960231563269613,3.111369682813311
14.6,11.95,4077,63194602093027.38,4.372659525037303,0.1220342943921065,1.4435735150619866,0.06940500235015977,0.914873602146364,0.2849259674605744,0.040859428327714935,0.0021368223639107197,0.14340366619398673,0.00749957044264979,0.002335647633615802,1.8262320186918442,3.1875469924194157
14.61,12.42,4109,60659326737408.36,4.227509720602683,0.12255708511990449,1.4199448475406808,0.08855331475934017,0.8485151754708825,0.27540405203565926,0.04052906561143532,0.0020982320035454697,0.1471621979119887,0.007618740494325737,0.002472827904793875,1.7875448577825819,3.060993515805694
14.62,12.6,4147,59694649323991.38,4.185142184770103,0.15988455492739806,1.6498736722728016,0.08797571307883767,0.9224485033730602,0.22715031215783077,0.05487270926987072,0.04267021525782516,0.24157003681220363,0.18785012819254518,0.0462575581203673,1.650644432080818,3.025110841459337
14.63,12.4,4111,60801230379083.016,4.244034146348573,0.1756100370393758,1.729929098529501,0.08542738916650154,0.970851568820799,0.1108489242977093,0.10822619628053053,0.034577189721804985,0.9763396168813072,0.31193076469502123,0.035615320438532744,1.7303218502424447,3.0702762874609184
14.64,12.07,4093,62624896418370.25,4.353828586403093,0.19659185765708037,1.8249357701171574,0.08885592287088295,0.923500460607162,0.23313426338935514,0.04554049090493362,0.006605720208607203,0.1953401882797335,0.02833440315709861,0.007152914904085945,1.8261564374142263,3.169447068680407
14.65,12.22,4094,61741352518329.875,4.304435413759266,0.13427322675612577,1.4352911578919392,0.08872791014591873,0.8661726393064121,0.26323182844587656,0.03716264203222151,0.001961367677046,0.14117837592676438,0.007451103799361707,0.0022644073341043947,1.8374140368985852,3.128831952970291
14.66,12.61,4153,60035344565534.04,4.207520206162033,0.16914584698498492,1.7207192610311501,0.08378932942192155,0.9558278310801707,0.10875696035903468,0.11042315145381616,0.03487602462650692,1.0153203168724187,0.3206785525392784,0.03648776850020563,1.7210305847223824,3.045822798027219
14.67,12.2,4096,62025309940992.14,4.321499940268367,0.13788808610185,1.4312156900724224,0.09770409662119034,0.8743594848564848,0.2695583540018766,0.038039839964099015,0.0021969871042927394,0.14111912837928292,0.008150320966411023,0.002512681731420055,1.8345024420547877,3.140049835995469
14.68,12.22,4098,61995409158226.63,4.324410647902001,0.12852108581424937,1.4317004835053406,0.08590251960105026,0.8911898785503584,0.27800023671374785,0.04023950629964707,0.002109644572202358,0.14474630228851573,0.007588643078655445,0.0023672223203813555,1.8135642281544198,3.1421111302771596
14.69,12.05,4097,63045107097779.29,4.384223615565641,0.13902355555558787,1.4581774424125633,0.07758814615291461,0.8838732792474151,0.2555029118221221,0.03551687722048985,0.001910696117794965,0.13900771997939598,0.007478177466428123,0.002161730830263192,1.891861727760666,3.19789231416606
14.7,12.54,4145,60687005041027.06,4.247485517034125,0.16518564546275127,1.6975404892890318,0.0836566307857076,0.982004066876924,0.13495356170173006,0.10573070466844668,0.03964259891495817,0.7834599052830427,0.2937499271236349,0.04036907814550491,1.6981925684569106,3.0789381056140077
14.71,12.43,4122,61088974854536.945,4.278734504110239,0.1392984299362841,1.4341051891640868,0.0973811921556024,0.8474883301248252,0.2581540939197936,0.036637600032075765,0.0021308991609002128,0.14192143721516487,0.008254369041934566,0.002514369915378488,1.8386795815920791,3.1063066488633058
14.72,12.35,4119,61569470666792.22,4.307078240721341,0.1681307514650386,1.7004743430686182,0.08409960769203867,1.0094222119814118,0.1466705608787699,0.10434999844838334,0.04066132245810761,0.7114583718994129,0.2772289286581245,0.04028177899740567,1.7012383588320452,3.129935278208073
14.73,12.48,4136,61052140266374.96,4.277528930969978,0.13631372424555668,1.4311639544373889,0.0956308485430265,0.8482698231194015,0.2614264970340131,0.03699387034171758,0.00213847865472185,0.1415077307060595,0.008180037903516802,0.0025209887189642966,1.8337883902715035,3.1047726587405946
14.74,12.41,4128,61390129513283.14,4.302264654418848,0.17527821019471182,1.7335815389180287,0.08463939314019464,1.0011713444614996,0.11704653384334353,0.11317100825113366,0.03408670951087657,0.9668890187094569,0.29122357058858855,0.03404682894635863,1.7339509424106383,3.124829921529702
14.75,12.26,4121,62372400056566.93,4.349261473308765,0.1241661975447089,1.44616424828928,0.07051186691574286,0.8836151170202519,0.2747170598186792,0.0391531103901478,0.002046353651548158,0.14252158353758562,0.0074489500320759384,0.0023158880061365647,1.8461277159512084,3.1654608310991694
14.76,12.23,4117,62588856110226.86,4.363414442072963,0.15759693615086437,1.4579132885023174,0.09569160050979515,0.838566893632866,0.22407316830192012,0.028040315326821056,0.0015731326692670076,0.12513910317472302,0.007020620457097036,0.001875977553146455,1.9456183454903455,3.1768329653911835
14.77,12.25,4125,62608586266940.81,4.370125817796066,0.1281881444248878,1.4405457508958537,0.07722160989944477,0.9091925407246025,0.28109563400908943,0.04021955470510841,0.002108779419324905,0.1430813923769726,0.007501999903907138,0.0023193980646214534,1.831113580053994,3.1858184145628625
14.78,12.28,4129,62472033693333.99,4.361838711233254,0.12786103123818907,1.4493106338080832,0.07156025673942297,0.8873126227619944,0.26778025165393027,0.03815405881947897,0.0020190698010164694,0.14248272075264135,0.00754002503375732,0.0022754886487826383,1.8597096153782322,3.180548670846183
14.79,12.2,4127,63036184357491.836,4.391325754014947,0.13374559717846543,1.4611499661087626,0.07195616439773196,0.8930302957538321,0.2621496535653096,0.037007590508804894,0.0019780742603821015,0.1411697097649803,0.007545591739221208,0.002215013611282194,1.8838421427139234,3.204842581119771
14.8,12.38,4137,62104396332485.516,4.345717181570639,0.19505230240744678,1.772569034562287,0.08997372530550654,1.0062451076395962,0.1265052771926212,0.10637590670603536,0.026506035890152588,0.8408811795579391,0.20952513980735843,0.026341530198670218,1.7728543740355698,3.1643859329796045
14.81,12.12,4126,63540799107214.56,4.431782560888866,0.09854829667363378,1.5050041091230817,0.04636460201119233,1.0485618286443112,0.017227737283822653,0.022402523292329102,0.2730975698159076,1.3003752566720252,15.852201906535583,0.26044965814652654,1.5055452367489677,3.242305081735362
14.82,12.25,4137,63047670738661.33,4.3926882776784195,0.13795455214807592,1.454538600693455,0.07816190289288402,0.8915289597762994,0.2647742669341255,0.03709243139622808,0.0019712957919293555,0.1400907717571228,0.00744519403171383,0.002211140502293934,1.8837880646242566,3.20518692918353
14.83,12.7,4184,60914543198596.945,4.275436093718868,0.14817918555334467,1.658676892260449,0.07823311468031427,0.9785470873276234,0.259002876134462,0.06602670492139295,0.02380052864371529,0.25492653173131186,0.0918929125380028,0.024322313102697665,1.6588261512202733,3.1048221671558833
14.84,12.5,4155,61745507433800.84,4.3286657809415905,0.1444236127950234,1.4422989196941562,0.09443795956439241,0.8589018325999387,0.2588834383902845,0.0367207199084967,0.002138186304481729,0.141842676908276,0.00825926261554927,0.0024894420099318363,1.8642063836865725,3.150373098880124
14.85,12.4,4147,62320274513013.74,4.3644196150602035,0.1269800497670014,1.450254132089811,0.0700031760659551,0.8790396517658724,0.26813702376090487,0.03860231154716585,0.002040609209664049,0.1439648691766906,0.007610322442765829,0.0023214074650270205,1.863657970734108,3.179963991148576
14.86,12.12,4139,63997532881705.33,4.462358049454186,0.09837875921422712,1.5307198312667782,0.044875978111166136,1.1065511628147813,0.018960504137706054,0.026551589307773158,0.25824841268137544,1.4003630449346014,13.620334712926033,0.23338135764500753,1.531398548060525,3.2654257465087384
14.87,12.41,4156,62346835194049.16,4.370300073825426,0.21614364722781812,1.8170944580126696,0.09977909153586456,0.9519240034288229,0.20856839552782463,0.054183194845714024,0.012907450921845308,0.2597862188496606,0.06188593861107473,0.013559329185263497,1.817783020347507,3.1837015112183495
14.88,11.72,4132,66753744856707.3,4.636752462029045,0.11043536013376909,1.5463705606944078,0.04907726791337961,1.221067116411239,0.0204459968884102,0.032269862157690204,0.27497121933910695,1.5782973231294168,13.448657986198471,0.22518927554716028,1.5469154636618714,3.4348366184046903
14.89,12.59,4175,61652968421546.92,4.329210925284203,0.1192780260315811,1.427324240292927,0.07810275332787187,0.8973300245975134,0.2914229480447299,0.04241272783098713,0.002193297792490096,0.1455366782731101,0.007526167061330569,0.0024442487517052306,1.7991510426368635,3.1512447333786806
14.9,12.4,4158,62519006043716.08,4.394236173306441,0.12936797461140376,1.4535216816233782,0.0711096178631596,0.9048560838172268,0.26845885924745894,0.038371566029869304,0.0020450274144254246,0.1429327612336284,0.007617656650102828,0.002260058202624079,1.8674601847951655,3.2102871647290123
14.91,12.48,4164,62379145434381.03,4.375038056782679,0.1608646500169404,1.4624911843462927,0.09493630315626929,0.8434603362075832,0.22370295985415178,0.027234774571689057,0.001535132390535633,0.12174525803970312,0.006862369597328964,0.0018200409961634794,1.9588789293267825,3.1971888694718866
14.92,12.61,4179,61899930124107.664,4.352323476831573,0.13014112687233126,1.433679820768681,0.08537206697349657,0.8984581751396964,0.28377423558495235,0.04100616966241505,0.0021421623628166556,0.14450279313725503,0.007548826123699891,0.002384264979817878,1.8244756473398525,3.1735048519115874
14.93,12.32,4166,63491350214308.63,4.433338814882163,0.1258062968391508,1.4552784534154968,0.06852289145391978,0.9269106558859384,0.2900745891501318,0.04165712546162342,0.0021736109320646723,0.1436083235821227,0.007493282808511339,0.002345005873286829,1.8559265260455484,3.2420161939429946
14.94,12.14,4158,64485199851709.625,4.494193879153112,0.08842739544515545,1.4931975628307517,0.040108495178904566,1.067785569880196,0.0175757726624309,0.02113056543534997,0.28815617999242216,1.2022552772611594,16.395078926366093,0.26986333971974624,1.4938293194626133,3.2988941276033543
14.95,12.68,4195,61742501975461.63,4.3470814887856735,0.12560319138936438,1.4425579536514357,0.07454458171982656,0.8853589415939129,0.2775813214325555,0.0396412664067213,0.002068442602653882,0.1428095601034633,0.007451663505235008,0.0023362757244311124,1.8414155631961178,3.1706340145274488
14.96,12.67,4193,61829628597164.27,4.353642059421484,0.13751600179694065,1.43803117568895,0.09052531580252213,0.8876315714240106,0.27547944278416814,0.038934677234383944,0.002234585752984024,0.14133423837686637,0.008111624339006562,0.0025174698883221563,1.8461753168354083,3.176001440560103
14.97,12.44,4174,62976870696181.06,4.4188425942767475,0.16347540506246078,1.4649850657231402,0.0958679640672352,0.8622433971892549,0.23055479874449042,0.028301520749786504,0.001587890630654569,0.12275398692157054,0.00688725907810893,0.0018415805047980445,1.9643130086062195,3.2314120421609402
14.98,12.72,4204,61687102502333.0,4.352664937432118,0.11333973966435731,1.4334999776434232,0.0657431385806155,0.9063249943580757,0.29428045559785043,0.0428958550126823,0.0022167559385886004,0.1457652188472269,0.007532800416817055,0.002445873116584042,1.8063385170826363,3.170987942844855
14.99,12.46,4187,63107109633222.76,4.428722110316624,0.12709271222340385,1.460337602955283,0.06764175731546697,0.9226811892443179,0.2828457558881435,0.040637760746104756,0.0021335838562781765,0.14367463502678718,0.007543276898671024,0.0023123738525823814,1.865645178780483,3.2392930991310793
15.0,12.81,4224,61544428551964.76,4.3443172273942725,0.17559261567621148,1.7168445350706467,0.08563177777781773,1.0381002763125362,0.13875229058182167,0.11112821533683431,0.04072936919363638,0.8009108525044669,0.29354015723162735,0.03923452302537888,1.716626685394748,3.17342712723805
15.01,12.57,4189,62625537289067.24,4.404888559536437,0.12665607250414834,1.4566615352141965,0.06782839591300277,0.905523207603398,0.277758001898858,0.0398824607945309,0.00209581786357527,0.14358708127895298,0.007545481495573384,0.0023144827719238296,1.8672425235895298,3.2188933248600224
15.02,12.51,4189,62962433128741.7,4.426372078471517,0.09326463266772511,1.5018831398555381,0.043551936581712296,1.0493713164298641,0.017514692029595103,0.024421569580656752,0.27435737116998227,1.3943476447882093,15.664413094240672,0.26144927622320735,1.5024777736172368,3.2414044510616673
15.03,12.27,4185,64378175068889.05,4.50555931790267,0.08596186893318972,1.491182120392658,0.03876272262569977,1.070648088164455,0.021699776308501374,0.02218349181800632,0.28664635060977794,1.0222912670908704,13.209645414523365,0.2677316232836239,1.491710574757291,3.3090633262778124
15.04,12.62,4209,62610150029621.69,4.410345001984183,0.19058926647698088,1.7572543281800956,0.08836434007339834,1.051141621837593,0.13693087510320237,0.11433289281125698,0.030982371846222122,0.8349679553649701,0.22626286308965204,0.02947497387845713,1.7575937351861177,3.2233406627176495
15.05,12.63,4204,62644727124491.23,4.409662887354062,0.12301629493034771,1.443244484391938,0.07107736587471852,0.9292943490408255,0.2929883234355718,0.042223613380362505,0.0022024483937952127,0.14411363867764337,0.007517188289176076,0.002370022368121013,1.833602666321717,3.2268504637532596
15.06,12.36,4190,64024270661367.836,4.491333499127555,0.09651388980135209,1.4997617005430883,0.0445936955262252,1.0807919965151351,0.015212981773524925,0.02406262502245803,0.28446472151871943,1.5817165484503566,18.698814325392274,0.26320024799955655,1.5003050315424298,3.292196434816479
15.07,12.51,4203,63390964585370.836,4.452534264482029,0.15820888577527767,1.474496248193958,0.08564195922869679,0.8811358100087681,0.23142617573315324,0.027805684496657747,0.0015761407320155495,0.1201492631875799,0.006810555145814292,0.0017887602729480096,1.9778040975978088,3.2662227391327416
15.08,12.35,4196,64157376948478.836,4.5050778627306824,0.09456457384674052,1.4978599870126716,0.04352821783874674,1.0889871588937958,0.01652160063395568,0.02289496430693331,0.2866342325783301,1.3857594560105093,17.349059508751893,0.2632117653889473,1.498488987421089,3.3153025299165586
15.09,12.64,4211,62853023366481.57,4.429051903732245,0.12606389788056283,1.4515516515272833,0.06977002887951536,0.9374868833728696,0.2904258851008892,0.04175263467724498,0.002188976107934475,0.14376347570651563,0.00753712468561148,0.0023349405167771794,1.8489847747808095,3.248194170069723
15.1,12.65,4216,62798642544979.695,4.435599363981679,0.14738090593033606,1.45860951467477,0.08618696284929588,0.9072656424502586,0.26280062905362267,0.03642963722808292,0.001958247693772693,0.1386208144146021,0.007451457406417113,0.0021584060964592905,1.904226337632017,3.2496832623280745
15.11,12.55,4216,63260840108453.37,4.464597897138053,0.13933852859396956,1.4709512627224333,0.07279856455032106,0.9179082211779407,0.2651869270442127,0.03694221873212792,0.001991855164696516,0.13930633438038523,0.007511136340308465,0.002169993817181844,1.9118047831878442,3.275999765376394
15.12,12.26,4203,65126948797268.71,4.55606280476103,0.10622784632915588,1.5193596550103814,0.048686238839584825,1.1520074160770948,0.015889221904628652,0.028769311894511415,0.27832994660523847,1.810618044558286,17.516902229438863,0.2416043010843014,1.5199340760000972,3.3562322099475344
15.13,12.3,4209,64568236113628.66,4.547277253548412,0.10737400798199588,1.5258863897387402,0.04913074779974436,1.153544663060702,0.01606176046874017,0.02785214375575104,0.2706289375271816,1.734065441329276,16.84926991993729,0.2346063799637557,1.5264248480612364,3.346131051976282
15.14,12.75,4227,62666681949171.61,4.42934420454558,0.09873956826465921,1.513978553922042,0.046010556100017155,1.0780765910690442,0.017920885192288585,0.025181027492376322,0.26715639013046383,1.405121857664252,14.90754431290158,0.24780835827772288,1.5145110749337058,3.252570474955504
15.15,12.38,4216,64374348860899.195,4.533784031137772,0.1036386749973315,1.5490452856025814,0.046017257419455164,1.166604726359447,0.021125244835486903,0.028082079397173054,0.2614868414029405,1.3293137956914858,12.377931874365121,0.22414347850188016,1.5469167206970384,3.3365007047894646
15.16,12.7,4231,63110386132509.69,4.453534459383891,0.1326918475117527,1.4639361358045018,0.06987356895525415,0.9216359994794677,0.28096147937079785,0.04024051526436986,0.0021253240552802696,0.14322431443088535,0.007564467769887348,0.002306034113772286,1.8870785273194997,3.2673894021456995
15.17,12.41,4218,64454247981694.3,4.535944242629946,0.09085377377241265,1.5008201046097407,0.04101083948572187,1.112933078199318,0.018465141545828522,0.024318670521611734,0.28541787357258824,1.3170042840589862,15.457118098131627,0.2564555579877122,1.5013509448522468,3.340707090243124
15.18,12.68,4235,63221052063388.13,4.470835585848428,0.13115209211441078,1.4656075494602843,0.06883235969076627,0.9354146461746219,0.28198742020120493,0.040443330454862064,0.0021438974121418225,0.14342246340636317,0.007602812248192133,0.0022919220058284216,1.8843392989980927,3.2809036910290086
15.19,12.74,4241,63022563050891.445,4.458904102899753,0.1282411705532113,1.4588810877744864,0.06844768331426412,0.9370510261346364,0.28657804553660865,0.04096385622213658,0.0021549202837084815,0.14294136225764612,0.007519488381161435,0.002299682966676417,1.873075911914229,3.271745487442094
15.2,12.55,4232,64052953791711.016,4.514248904267672,0.10348960413053324,1.5180754291943368,0.047635596957062716,1.1219542237968605,0.017041942365483866,0.02806246043743947,0.2759885190298204,1.646670305274366,16.194663325983168,0.24598910826845866,1.516800922383258,3.316288159894834
15.21,12.69,4242,63458725131057.98,4.479656224748452,0.13664309148443238,1.471514656227096,0.07079814451591668,0.9257321430482036,0.27798913062165864,0.03915702790702902,0.002073446203722447,0.14085812570967557,0.007458731206812519,0.00223979065574531,1.9054105432743602,3.2867242793017546
15.22,12.69,4242,63462289265947.32,4.4977206113415376,0.08448551534521513,1.4860445274516916,0.038035966116303,1.0562281567234568,0.03240505371183416,0.02579979090491331,0.2770192517334538,0.7961656578119283,8.54864349853825,0.2622721709983569,1.4866604582062695,3.3110368448365657
15.23,12.86,4259,62937691486734.266,4.460020213015366,0.12362681923484278,1.4513130618355894,0.06792018866629554,0.9561659865944195,0.30142396353046264,0.043699615990244,0.0022805422000487757,0.14497724559921266,0.007565895469416779,0.0023850902793262838,1.8425104190061967,3.2759986382786943
15.24,12.64,4243,63909489529355.586,4.5073797454584925,0.08518216332474053,1.4873008805875694,0.03834470090473641,1.0618522223179647,0.026902533264883503,0.022640238349925335,0.28763800873901063,0.8415652952459373,10.6918558898121,0.27088327612208857,1.4878876993294265,3.315347985118583
15.25,12.7,4248,63736650563201.85,4.506585709074941,0.10012449237928676,1.5068725966777952,0.04618350518275805,1.1117022312307916,0.014627952870748036,0.027864821534119164,0.28306485733393044,1.9049023318800336,19.350954971969035,0.25462291014792937,1.5056110063309907,3.3187396555928834
15.26,12.18,4241,66370890817325.54,4.658425718294798,0.1781295932060932,1.6055283578211672,0.08030419506638217,1.0004350815471668,0.22344057278808468,0.03778846832082514,0.08404232448336416,0.16912088905475753,0.3761283075615435,0.08400577512075368,1.886885893958157,3.447648147825381
15.27,12.68,4253,63862011180602.65,4.524005084251417,0.101332258565007,1.5289780257520424,0.04594144610827893,1.143044441308103,0.018964267510938014,0.02980102201311087,0.2698003241943469,1.5714301644354334,14.226772747153786,0.23603660054160863,1.5295488783431892,3.334262147744946
15.28,12.92,4272,62821600630583.125,4.4640138537348175,0.1293583239181365,1.4622685159806494,0.06823629634154274,0.9280690981042052,0.28701877406230564,0.04154088224787136,0.002185732326147405,0.14473228235186358,0.007615293923849489,0.0023551396448952635,1.8802314934485838,3.2767125796901904
15.29,12.76,4259,63681902164574.38,4.503739805891743,0.09159635904776717,1.4982179059060459,0.04168760880558625,1.0900506786281294,0.016633238022693137,0.023383287057691347,0.28876082935375874,1.405816896613212,17.360469979434864,0.2649058754930324,1.4988450515128076,3.3173170921865722
15.3,12.59,4254,64311390321630.63,4.555673538002132,0.10532609590123732,1.518149321947063,0.04819801767525461,1.1494854149674834,0.01667680212980017,0.02787019705307124,0.2784398354876523,1.6711955227476931,16.696236683776537,0.24222998557622305,1.5186696720963058,3.3607952353084345
15.31,12.64,4261,64356712544461.984,4.550995404264046,0.09757267368715947,1.5064158522958297,0.044364063648042094,1.128023997465548,0.01574533292932062,0.027757204305135518,0.2893144444019399,1.7628845594904283,18.37461587510701,0.2564789801032368,1.5069669368896068,3.3553238036192408
15.32,12.38,4258,65705786692024.125,4.6279535869841455,0.1098194445668013,1.5702601668432459,0.04780330016804618,1.2267880311771622,0.022924084029204327,0.03163146672001442,0.26901210044836826,1.379835577278344,11.73491163728322,0.21928164736840333,1.5708620531194495,3.420415173583328
15.33,12.91,4280,63273539831922.51,4.4936336141329445,0.12597445681878383,1.4559770305760362,0.0689561923116047,0.9732015684305502,0.3052277725359723,0.044094147121048005,0.0022999663268751217,0.1444630898253249,0.007535245917388011,0.0023632990343246166,1.8525829923245594,3.305275210367792
15.34,12.25,4257,66250218708174.37,4.674225639210815,0.11173381735903934,1.594656607954021,0.04734156760201783,1.2390863775002374,0.040585599037188176,0.06396676357057106,0.24822527236902583,1.5760950950103991,6.116092364229478,0.20032927233838327,1.5952975369008613,3.4669294949721943
15.35,12.33,4262,65901190283183.36,4.657003315855867,0.11195288096668744,1.5988962296973641,0.047414087083316625,1.2353737190188243,0.0394499702514681,0.0555696777040896,0.24940855249057609,1.4086113969128182,6.322148049814931,0.20188915196339519,1.5996647561743085,3.4535581148948586
15.36,12.91,4285,63355813777772.02,4.506155241306996,0.09545060829818332,1.4981177142113922,0.043924085203860166,1.0894499203597248,0.015799277290155348,0.025584993713482537,0.2918685632004601,1.6193774717419982,18.47353887397911,0.26790452479365756,1.4987360531399379,3.320479627549048
15.37,12.76,4277,64159018884697.87,4.550157203140844,0.08334145846278758,1.4909035947684184,0.036843218784443896,1.0969941887772792,0.03812612563425382,0.02979523218061187,0.2787087823296491,0.781491213307098,7.310178458816375,0.2540658694284431,1.4915489073003683,3.357826176345243
15.38,13.05,4309,63210582837817.51,4.494029170533125,0.20301010896605068,1.7716612253784223,0.09277878511613266,1.0912457215285014,0.16697949351595417,0.11144752940008099,0.026074308570238784,0.6674324316921746,0.1561527587682346,0.023894076334811793,1.7719477499409224,3.309714946260196
15.39,12.73,4285,64537166606186.766,4.57125788530556,0.10396763912606129,1.5459469290585586,0.046129983731240096,1.1853990789961015,0.01939472879304953,0.03138837680562459,0.2695596731292685,1.6183973047807307,13.898604925368709,0.22739993467647615,1.5465163552021892,3.3748386072899836
15.4,12.76,4286,64380836209892.93,4.566622558675194,0.10494634183150849,1.5360269403402,0.047103947014669835,1.1805449253732752,0.018144386717755055,0.03025914208259014,0.2716961008866039,1.6676861308836788,14.974113212696116,0.2301446518866672,1.5347462061433605,3.371268011933903
15.41,12.55,4284,65337191232143.305,4.631279835862777,0.10795028358919642,1.5402065273025367,0.047986501232640526,1.2163353544239826,0.017271448363190264,0.032712067060892934,0.2784094839074461,1.8939967496073145,16.119637337468795,0.2288920427206458,1.5407690384936992,3.4304465969397118
15.42,13.07,4312,63282497117220.48,4.5060859445949895,0.16444441807685856,1.4820577304943183,0.0852998467620158,0.9008853924867677,0.2342841946202667,0.027753587860641322,0.03226467136950653,0.11846120437456306,0.13771595400108771,0.035814401741429545,1.9353942339509818,3.323155703551248
15.43,12.43,4282,66153401599560.68,4.672968279764029,0.1124124883747548,1.5877124658228046,0.04804804681436306,1.2573607121501644,0.02824960881528421,0.03120076918373052,0.26702808220676566,1.1044673003347787,9.452452384483724,0.21237189903136958,1.5883116638208272,3.4638892774688257
15.44,12.33,4281,66486694625782.38,4.708258417445453,0.11585716817502689,1.611810276679063,0.04842216684333095,1.260717554280757,0.03942515299011567,0.04950205389496069,0.26061227458806036,1.2555957337025787,6.610304712156698,0.20671741557270568,1.6125728673330066,3.496845902869275
15.45,12.55,4290,65776663155065.234,4.651164914089161,0.10963680018369651,1.5732277690734693,0.04737445469543012,1.2421833151661255,0.023713386552773472,0.031223061951260348,0.27053043625583634,1.3166850665456116,11.40834252643664,0.21778624213742276,1.5738166563314413,3.4462713987830615
15.46,12.42,4291,66281700735281.64,4.685926878586894,0.11274334942589014,1.586989022315369,0.04817298549862815,1.266032790475613,0.029514813835831554,0.03219231508902555,0.26994656641530607,1.0907171994404876,9.14613820425273,0.21322241291546226,1.5875642532060277,3.4811218357651685
15.47,12.63,4301,65484007296018.08,4.637569675207817,0.10614292293066267,1.568856060324646,0.045874632290983326,1.2308706349677683,0.02595531090875846,0.033428492293725846,0.26969255808342224,1.2879249418833048,10.390650261577724,0.21910715100493436,1.5694435506363718,3.4368468063709923
15.48,12.37,4288,66540940509077.71,4.712126282792616,0.11489490629646949,1.6073169603006565,0.04791924579373093,1.2591283766231938,0.03738935736724703,0.06061304343232489,0.2580493733766384,1.6211309233525832,6.9016798240744555,0.2049428621954266,1.607975704479648,3.501463805869532
15.49,12.97,4316,64080700775084.87,4.5673703037907165,0.1029600510577489,1.5252864242401636,0.046574785273026366,1.1674096229497666,0.01974786213864233,0.030064642292408822,0.27812725998173504,1.5224251658906796,14.083917440232664,0.23824307639247788,1.5258292842648251,3.3834598977687937
15.5,12.91,4313,64423975018648.69,4.585291961940253,0.1044516416643981,1.517944489689561,0.047425538592841716,1.1726594984562195,0.01683990740169831,0.031299051596406835,0.2838103473614692,1.8586237352617696,16.853438715039896,0.242022810317146,1.5185542015940554,3.3988081684609637
15.51,12.58,4308,66035922133546.89,4.677024903065502,0.11142086334701938,1.5721196094271923,0.04817514938720292,1.2556582007952817,0.023890309637768573,0.03326697901993847,0.2757120575122429,1.3924883990346517,11.540748600276212,0.21957572318455643,1.5727034800303714,3.4717080030532337
15.52,12.66,4310,65438756292924.06,4.65256915823227,0.10800473506392033,1.5712520301288082,0.04671572459045064,1.2462707420349424,0.02733301761350318,0.032292873366103175,0.2680947778577081,1.1814602332875863,9.808458826194979,0.21511760552121775,1.5718387741617643,3.456390648315582
15.53,12.96,4326,64390144117150.93,4.5869128894257925,0.08415373831764518,1.500875731671502,0.036716702527355954,1.1513217615580982,0.03218260819078744,0.028470541351842377,0.2830201109873968,0.8846561218115417,8.7941943458894,0.24582190699182316,1.4996937433114792,3.3970306631652933
15.54,12.74,4319,65257568500069.2,4.6469211519301306,0.1081005262642698,1.59294181735883,0.04574761057585851,1.2303935174397858,0.04111480501806517,0.05344360780711203,0.2521212019283081,1.2998628543569593,6.132126902159214,0.20491102915831697,1.593578979899288,3.452467128527773
15.55,12.59,4317,66083211681141.75,4.685141972971773,0.1135867870064905,1.5648845595275451,0.04966064792484264,1.266518071319804,0.022797862095616135,0.03429156354946068,0.27732548881083363,1.5041569865472035,12.164539273362887,0.21896686284297567,1.56545821934135,3.4814951640325678
15.56,12.59,4317,65936683300937.08,4.6920287538551175,0.11247986689158453,1.5967464636806739,0.047432406253141476,1.267063804577392,0.03473851632474027,0.03448102457008354,0.2626788518710029,0.9925877158296093,7.561602499526637,0.20731304210731127,1.5974480124383017,3.4933519786385814
15.57,12.81,4323,65204997032744.24,4.640535247388241,0.09482499831065319,1.5181365603960444,0.04171973728244864,1.2051772662842333,0.02135197743631658,0.031247017612262167,0.2860135384326326,1.4634250015230708,13.395178000992336,0.23732072155199296,1.5168749149297207,3.4434092897453814
15.58,11.95,4301,69517447040247.2,4.906682162047934,0.19203815724815268,1.6676034659826022,0.08993757470508007,1.1489396644144798,0.2859813950294024,0.04755046393499576,0.0610999924044403,0.16627117973918196,0.21365023552723936,0.05317946128666204,1.9462615510692824,3.675813368403942
15.59,12.94,4339,64972804956353.79,4.627421328978818,0.10631867636846581,1.5403164958434956,0.047131874371210206,1.2208310272959069,0.02105723627924184,0.03424174737089208,0.27734683289992923,1.6261273282404816,13.17109373813395,0.22717872227923439,1.5390497719670724,3.433675463925009
15.6,12.95,4338,64871942070787.75,4.6228144746936985,0.10187461420278246,1.5222059530563443,0.0454931145800223,1.1898207750769976,0.01743419246122604,0.0330187838552757,0.28869212221821594,1.8939095647079767,16.558961526911695,0.24263496508500085,1.5227250006260546,3.430169018189958
15.61,12.64,4337,66235246271762.22,4.711001658679895,0.18394576014838324,1.6190925510589806,0.08243791692862748,1.0262175428490523,0.23401411711863582,0.03968473749203203,0.08133713512766357,0.16958266441640976,0.3475736255963946,0.07925915483947983,1.9040270915833852,3.5032443800567203
15.62,12.38,4335,67403147935024.42,4.795024515763697,0.1963550164681606,1.6594529469736912,0.08917612951167,1.0209677011466192,0.25583408611265973,0.046624605180450904,0.0028540019758425384,0.18224547748465064,0.011155675223768825,0.002795389092757089,2.0968511562987096,3.5770146406852055
15.63,13.08,4353,64637331449668.54,4.616891041294611,0.10136394119842387,1.5284612926430212,0.044989301366997234,1.2013188193235496,0.01807797174591866,0.035106872117130636,0.2820929117909015,1.9419696308053185,15.604234576513692,0.23481935623862546,1.5290511558603066,3.422691170578102
15.64,12.75,4342,65905976902475.78,4.696386520356721,0.11009486386939238,1.5914134069549433,0.046452503997130135,1.2649157775311555,0.034638337209727976,0.03372487060738091,0.2677809690436893,0.9736284511344696,7.730768582288776,0.21169865519927372,1.5920333711779344,3.4934178507201095
15.65,12.64,4345,66350549107333.43,4.7348951191943245,0.18886738674716885,1.6268188208865755,0.08478389437765689,1.0214155350572345,0.24210667188967572,0.04167692392350283,0.051137798906583355,0.17214281456272448,0.21122011428865564,0.050065616932013744,1.9774219430703426,3.5267296280882445
15.66,12.93,4353,65164597713981.39,4.656097545716615,0.10640074463579066,1.583518881627755,0.045124193904594205,1.24491570074702,0.03465775486885951,0.03305455234234033,0.26165729287041695,0.9537418816485519,7.5497473468923335,0.21018073168601517,1.5841283250432268,3.46311333299761
15.67,13.17,4368,64468768410999.41,4.621390447539669,0.09122647415408644,1.5080954908629722,0.040279100051335476,1.1737983431709873,0.021458611633438575,0.02921674505678359,0.29493922346889895,1.361539392942629,13.744562253473116,0.25126907461134074,1.5086500858483043,3.4329155926008776
15.68,13.11,4368,64734193644978.78,4.631840652446888,0.10510838471950618,1.5229143817578057,0.047081960857849915,1.205160088307106,0.01564806649391644,0.03349391963497492,0.2871102692962986,2.1404510038346576,18.347970939918973,0.23823413344164404,1.5234561140645717,3.4382395063944173
15.69,12.82,4355,66025132337624.234,4.703569497621829,0.1163034103416618,1.5720579911382098,0.050098719174221325,1.2833812437414802,0.022606707037229234,0.035124482230109,0.28086603525018305,1.5537195298839948,12.424013580909707,0.21884848062089937,1.5726859959759845,3.4977201474145807
15.7,13.16,4374,64737153320539.84,4.630482597334826,0.08451621012468813,1.5020520348283268,0.03659094873462922,1.1636981497267727,0.030457516553516906,0.028712749695136444,0.2948854195532675,0.9427147365966384,9.681860273641297,0.25340370234541004,1.502578718342901,3.4367008154372614
15.71,12.97,4367,65418558190156.836,4.6825525605473155,0.10695095781384753,1.5848372581805168,0.045216953552822146,1.2594108561152035,0.03415796050696065,0.03532265786658674,0.26883128350229213,1.0340973917160174,7.8702381381204,0.21345796901539574,1.5854575222557021,3.4846108334781034
15.72,12.81,4363,66113003811464.13,4.72429767450498,0.11214277924280894,1.5820505112999306,0.04761670966023434,1.2885804681051596,0.02563837690491803,0.03485750885945524,0.2792857787510462,1.359583291435612,10.893270653863926,0.21673910606586505,1.582645199991289,3.519683751477551
15.73,12.8,4366,66291065021875.12,4.735179655467623,0.11185106623640438,1.6028898858753926,0.04652048522853004,1.2789665133191308,0.03956926919698004,0.04055263635649464,0.26933556191473856,1.0248517897719893,6.806685273209303,0.2105884392670829,1.6035325550196668,3.5286433435706095
15.74,13.06,4384,65206228992990.64,4.672403235759931,0.15102546356456703,1.5001514240597111,0.07299567441019303,1.0123891951253308,0.2904148686782547,0.03956453170629743,0.002137685456700653,0.13623452506534797,0.007360798937154128,0.002111525357040198,1.9708949439775663,3.476973146365303
15.75,12.6,4370,67051041657326.68,4.797072493945823,0.1931721751348664,1.6473610061680937,0.0871691364422197,1.0227053147112342,0.2573347876272237,0.0455484913554059,0.0027548852165626176,0.17700090910906163,0.010705451998792158,0.00269372337948637,2.102556136254998,3.5882448221962067
15.76,13.15,4384,64998390695758.414,4.667139632270043,0.09118809858937776,1.5195368297016378,0.03946138172377024,1.2205084074339785,0.024511737677471983,0.03316370701659505,0.28987185162609885,1.352972500479835,11.825838520314761,0.2375009052461435,1.5200910465776332,3.473477577577113
15.77,13.2,4391,65011595604728.6,4.658866142022933,0.08924388653650615,1.5155147045917883,0.03852705499271345,1.210134444033185,0.02653208382613809,0.0316072312841071,0.28912795557944826,1.1912834095966947,10.897295420671549,0.23892217679205208,1.516064447694271,3.467407895181048
15.78,12.72,4377,66903944227613.69,4.777981816508837,0.18691699879083642,1.6246695908321305,0.08226683314107879,1.0738579562049237,0.24025249162730458,0.04017917421571739,0.10836450947701118,0.1672372841737099,0.45104426906470263,0.10091139973481934,1.8605743952556772,3.568161793192371
15.79,13.12,4390,65572623628870.59,4.69117996037835,0.08722690039526997,1.5119687608415684,0.03745094359950748,1.2128273424908294,0.02887843734349562,0.03186341334635678,0.29878047213014425,1.1033634876900107,10.34614403045044,0.24635037623453268,1.5124972521235107,3.4945349813102893
15.8,13.13,4397,65400458508656.484,4.6905278412102085,0.10791190251992211,1.5853971261123794,0.04559474220377864,1.2661621101798586,0.03459038208087506,0.03360145460739036,0.26900725870221875,0.9714103339138462,7.776938053857238,0.21245878117771683,1.5860042642914354,3.50047632658204
15.81,12.65,4383,67416863977967.17,4.815110479126212,0.19578103414697964,1.6388270964195242,0.08677525493677932,1.0642971481288963,0.2520185274684825,0.04336691626579573,0.05846893966754887,0.17207828607449985,0.23200254463379089,0.05493666855195569,1.9792692632881714,3.6024808225030727
15.82,12.9,4394,66537990353431.61,4.754308394043761,0.1139072110170114,1.5874821899592337,0.048110672288994794,1.3122057446423787,0.025777045161820174,0.03802947253978969,0.28489488597147483,1.47532319166346,11.05227089385127,0.21711144546857514,1.5880680849752427,3.550271232874969
15.83,13.06,4398,65808093861083.305,4.72234397799219,0.1105878386030036,1.5537243877537614,0.04794798591220152,1.2851704865004676,0.018807493355914102,0.037708678068894316,0.28580751887404027,2.00498159724388,15.196470548488419,0.22238879734337588,1.5543012432162302,3.52159112397375
15.84,13.22,4409,65341409670298.26,4.694814875362892,0.10874128295032846,1.5721264027129125,0.046528399230794645,1.2731218264125386,0.0242641421711501,0.038547846766338774,0.2808219684077797,1.5886754410865553,11.573537874406089,0.22057745188384115,1.5727743685720756,3.4988744291375276
15.85,12.52,4388,68124017506229.11,4.863968351669054,0.2006119696254859,1.6607548567670098,0.08881523029358493,1.0446977190695983,0.26129310540663714,0.046400485379833906,0.0028127209643856966,0.17758021325370676,0.010764619908391393,0.002692377817088267,2.1298345226815374,3.6483218688757955
15.86,13.4,4423,64865775017273.96,4.667253677704002,0.10438345751633517,1.5278235637713635,0.04612245803162224,1.2300564184887346,0.017190136740363893,0.0366299080083991,0.2913737313570435,2.130867750597293,16.950053147213968,0.23687834718591974,1.5265669727171534,3.4764003534475734
15.87,12.79,4401,67093636236492.34,4.804962049735426,0.16211997366030748,1.6260885398772724,0.0687925357905843,1.2305284959596754,0.12609855143833265,0.02730273968336868,0.23349203663959586,0.21651905887849027,1.8516631156844257,0.18974939418814354,1.6267749800555469,3.591771760632706
15.88,13.05,4411,66229728407221.46,4.7450443164377765,0.11037755022752642,1.6005458845465173,0.04574062005562318,1.2874107062092717,0.04082448831350659,0.04543752324231752,0.2686152546446447,1.1129967605077056,6.579758026159378,0.208647678125632,1.601183589545835,3.5430785426757487
15.89,12.99,4416,66413980525826.5,4.77138067306432,0.11541826223439922,1.6119044986840574,0.04771154835507365,1.30322279072047,0.04158686768447485,0.03780395814543475,0.27472512495466844,0.9090359589536403,6.606054753607434,0.21080442032692673,1.6125543294633295,3.5665615115185845
15.9,12.78,4404,67446644733830.59,4.829948330740931,0.11958660108863418,1.6274324689365278,0.048643173509445095,1.3326485347985386,0.04390497984430808,0.05776089370108246,0.27191306848908,1.3155886622863506,6.193217021242552,0.20403959587903353,1.628061370896251,3.6181281896763577
15.91,12.41,4397,68969942565952.14,4.928116966054196,0.19333532635306572,1.6718440096531653,0.09041305288864311,1.1651824768314474,0.2925414589332568,0.04946863714813169,0.06413071182001882,0.16909957764112313,0.21921922470021665,0.055039200378650927,1.9380470160052328,3.699371304323179
15.92,12.87,4415,67009350498912.45,4.815970115553535,0.1968407664148581,1.645938779320207,0.08753132797025823,1.0202258246401794,0.2588815641261966,0.04550526879982262,0.0027175546055334945,0.17577639780343815,0.010497289039125135,0.0026636794912459124,2.114898518574165,3.6036894920730482
15.93,13.36,4437,65487893162159.29,4.718062394755276,0.11061522708400698,1.5741749867947865,0.04722327993920433,1.2895001065745304,0.025097496422156158,0.039153845575780354,0.2859125993998406,1.560069774179356,11.392076507975352,0.22172359501337927,1.574731016042192,3.5223977771669914
15.94,12.73,4416,67914719051869.55,4.8581350113177635,0.19195999646327752,1.6450222258701748,0.08220258914866843,1.1651644054235668,0.234811302537432,0.04199565733875554,0.16510383232121376,0.1788485344825379,0.70313409336373,0.14170003095931713,1.743159273823309,3.641681941737647
15.95,13.06,4427,66637824786738.875,4.789387584841828,0.11816308838536997,1.624205122385451,0.048182875161314156,1.306497930479805,0.04306602307512889,0.05854320383843176,0.27312146659674114,1.3593826329471577,6.341924493939906,0.20904852600603707,1.6249932902927835,3.584489125085921
15.96,12.69,4417,68101286152372.625,4.880568951768839,0.2010344451178311,1.6772411384530257,0.09188885991997119,1.1371894793308306,0.2750745603382527,0.04856880911088759,0.06677491032453697,0.1765659792427321,0.24275203872879206,0.05871924735342267,1.9473354533686793,3.668425471246934
15.97,12.87,4427,67300968234815.02,4.843011876961579,0.19828711534275031,1.6656929420580864,0.09006783964607996,1.049016332899707,0.26801404932327455,0.04815253545680088,0.0029239277507249854,0.17966422125401346,0.010909606261715733,0.0027873043145502027,2.1108832417365666,3.6373933991026584
15.98,12.94,4432,67155121817361.93,4.830002604655603,0.19554235308714607,1.6410496276325737,0.08650793372510922,1.0347593483328712,0.25975857345028724,0.04463697651015842,0.019088090759452534,0.17184024348940719,0.07348396823216165,0.018446888921763185,2.0835901370548293,3.619879381330922
15.99,12.77,4429,67895001495977.555,4.877157771174152,0.2036786485077247,1.6762130155540615,0.09133605296467007,1.0541886646310954,0.26998760984942327,0.049204173133056694,0.0029843464254012205,0.18224604144056353,0.011053642154414574,0.0028309414865939275,2.1233099316274835,3.6638465191846548
16.0,13.09,4436,66773153400423.94,4.804391777254576,0.11570941644671925,1.6176878204468943,0.047279654066767623,1.3181895890431503,0.04585311628862386,0.054531863845447004,0.2744282775986465,1.1892727966883319,5.984942787121582,0.2081857419294663,1.6182922646650577,3.6002097262941826
16.01,12.28,4412,70332831817109.53,5.022197724323271,0.20446969273243343,1.727837812517506,0.09763917960021153,1.310687010962131,0.28626964769388535,0.038076106352282715,0.13045447527886816,0.13300783600012797,0.4557048794022554,0.09953137109606813,1.7811024446698869,3.787552953744847
16.02,12.93,4447,67487303982770.59,4.8499936823042304,0.20109175471183652,1.6564886716858114,0.0886419254634472,1.0338212982586228,0.2641131610729396,0.04621395595561915,0.002741708780107402,0.17497786088310963,0.010380810895486689,0.0026520142163114256,2.129914125442005,3.6373692218274125
16.03,13.37,4458,65753552798904.21,4.759381373054215,0.11790998375074419,1.5738860153572996,0.050473637936863644,1.3265692998477272,0.022626900226908334,0.038629283323960185,0.286859377146937,1.7072282520617437,12.677802715804546,0.21624153158064544,1.5745116817588491,3.5614506316166024
16.04,12.95,4448,67401496795800.64,4.859910097408034,0.19270228331113218,1.6444802792578412,0.08291842891465338,1.1575623871835834,0.24296944491851896,0.042705461530346996,0.1485745705686285,0.17576474089023206,0.6114948759028269,0.12835124241564125,1.7777441319523692,3.649568375991076
16.05,12.68,4441,68617363808146.664,4.924025229164096,0.1964292677991518,1.6712742870113124,0.09091352827454385,1.1481692579605405,0.2881192263625934,0.04943096841971596,0.057774983005734616,0.1715642827580964,0.20052456663556958,0.050319221321391785,1.9682754341555084,3.7021608159540853
16.06,12.5,4438,69557780393494.445,4.989995686480746,0.23283587444753756,1.7546353708496423,0.09996656718496029,1.2671027449239625,0.1978833961565501,0.022888621507205303,0.17189218921788638,0.11566721590475226,0.8686539272951356,0.1356576567342228,1.8033804436424294,3.761303626268472
16.07,13.13,4460,67021318928481.69,4.829313673983694,0.11803570000243181,1.6228296945036014,0.04805241533135782,1.340844709850646,0.04501463141100383,0.03918415767489875,0.2828034277433915,0.8704760307183185,6.28247791615284,0.21091437782895264,1.6234785382415018,3.623758279354578
16.08,13.31,4469,66307687421512.92,4.80123681748253,0.11953867622736901,1.5978668076356255,0.05018209004088931,1.3491711891812856,0.0302971260419917,0.039002991234382056,0.2897790224429638,1.2873495387095153,9.564571307566638,0.21478299030296497,1.5984441030313992,3.6020411238163095
16.09,12.77,4450,68601474750050.04,4.927733626518107,0.20630230753250797,1.6671654496704076,0.08956846766413133,1.0607811505825195,0.26974507120059027,0.047347591726643094,0.002823059843180395,0.17552718022207736,0.010465658670297208,0.002661302797122794,2.1507818268332204,3.7016308529228046
16.1,12.95,4458,67947687111340.24,4.890002417086244,0.1902323972037203,1.6480670354940679,0.08063498361264654,1.2067900611237383,0.2283761478747988,0.04227382869147487,0.1900954813950164,0.18510614652564497,0.83237887653325,0.15752158351221698,1.6944853308274903,3.6737571383366543
16.11,12.82,4460,68461305287573.32,4.9214932496206325,0.20814578339764545,1.6846306366127493,0.09179259435329151,1.0678539261902082,0.2735075137385156,0.04909461675498579,0.0029637488374026247,0.17950006595402807,0.010836078310580125,0.0027754253317927267,2.1460966721218084,3.70113093533535
16.12,13.27,4479,66892332132857.03,4.832582234034334,0.1903023625091577,1.636353703143425,0.08244024000412017,1.1256589201674798,0.24550756704912113,0.04239991300040743,0.13568861888679,0.17270308003143567,0.5526860964722992,0.12054150369687626,1.811612288162511,3.6296748321015184
16.13,12.86,4467,68316097884878.46,4.923240123770825,0.20658105496825377,1.676731871096842,0.09097119434226864,1.075203615526997,0.27062754071599665,0.04855901420292364,0.002945353572491793,0.17943116238078183,0.010883421416383933,0.0027393449296096036,2.143424920111718,3.707401608093967
16.14,13.48,4493,66265937142759.65,4.8000734745528195,0.11332689327422268,1.610018651446915,0.04629286736811032,1.3258562311354016,0.038646452764016306,0.039617782918991866,0.2858160703940899,1.025133746709089,7.395661178513468,0.21557093724206455,1.6106208533770277,3.602621966972254
16.15,13.11,4479,67589908241124.23,4.880983329727594,0.20148889686430063,1.653782887612572,0.08802159634529474,1.0810631395590282,0.26403857204262077,0.044522215543593084,0.05223967340336693,0.16862011939833688,0.1978486438524386,0.04832249985387143,2.0229393495157018,3.6696292498714596
16.16,13.35,4491,66817727260948.13,4.836814187894589,0.11815851743227966,1.6260904953315836,0.04772433374813446,1.3382325023378985,0.04537872040382685,0.058076355981992664,0.28065334494359717,1.2798147560171178,6.184690587263216,0.20971942054410908,1.626755565398098,3.6355823027764176
16.17,13.04,4483,68042680017596.51,4.907086107017836,0.20881168955037116,1.6737292451845895,0.09105221391098722,1.0528997498639419,0.2695842239470438,0.048134754343486394,0.0028781517202716295,0.17855182190832436,0.010676261682274864,0.0027335477291580237,2.153048338688528,3.6910244911269854
16.18,13.32,4494,67062603085523.75,4.846702552750474,0.11961918904124338,1.6150639339621087,0.04901808412040019,1.3648310054997146,0.034306623389928334,0.03951524244378235,0.29505207682873547,1.1518254651486088,8.600440605161866,0.21618213217592175,1.6162022730466863,3.641513516618516
16.19,13.32,4500,66888310212571.11,4.853591065002761,0.1994041601619357,1.649067230832533,0.08767711898342749,1.0633041862968498,0.2586789911167571,0.04454402985554192,0.034524931106014324,0.17219809642537448,0.13346631265633468,0.03246947726807479,2.0533382700445904,3.6497434046866473
16.2,13.42,4506,66821889880997.336,4.833369219099515,0.1199404448645592,1.6077966668382868,0.04965963942974911,1.3628675249785127,0.03315300432864237,0.04031869380111927,0.29748361075683655,1.2161399733624183,8.973051365357772,0.21827771614231306,1.6083790068645905,3.631493048925461
16.21,12.87,4486,68960598537892.94,4.96381739859944,0.2135394019596982,1.6891965438674557,0.092822928398626,1.0803718806614173,0.2765493537874577,0.04922042118226191,0.002941515761956711,0.17798060457624615,0.010636494794406266,0.002722688191547412,2.1668380014156043,3.74337853855688
16.22,13.15,4495,67832043245211.06,4.910009161275624,0.12197887813436467,1.6271167704898843,0.04926418844853142,1.3952457846576716,0.039375171701501614,0.03841932811140681,0.298239256071862,0.975724713092277,7.574297283902088,0.21375392017044229,1.6277754996519875,3.6991142951215257
16.23,13.27,4507,67373912924806.54,4.885162709452902,0.16798234675487142,1.638714047227363,0.07005390091520607,1.2787593633988044,0.12881860653103042,0.028165783559915746,0.24534441282123554,0.21864685792212046,1.9045727898177183,0.1918612835562248,1.6394071581380525,3.679081456092595
16.24,13.45,4516,66791654989104.79,4.853079099347747,0.19819841225950302,1.6578209738342737,0.08818829288872897,1.0485743265343541,0.2646299892775286,0.04706389798172213,0.0028477195098782493,0.17784793821067738,0.010761136776874241,0.002715801291159068,2.1248950635621973,3.6537411547864806
16.25,13.33,4512,67223413881782.28,4.883312150153843,0.16692222726515632,1.6472480833834988,0.06951210325572459,1.3034811877566082,0.10795913205764678,0.0260920832606241,0.2519001190475328,0.2416848187209559,2.3332914432196996,0.19325182550664377,1.6478341964714494,3.680830405771545
16.26,13.24,4510,67691511080576.69,4.910039615996507,0.20671594611345595,1.669911386527615,0.09032832696564408,1.0592455697484355,0.2694844812820905,0.04759901032177219,0.002845566338283715,0.17662987529121046,0.01055929575145011,0.002686408534103683,2.1493884215994963,3.6986763957913507
16.27,12.94,4499,68736150581055.23,4.977823744700237,0.21043011499318878,1.6836656150586997,0.09187188225626287,1.0954649469370508,0.27608679822057913,0.04919705268097732,0.0029747686820244847,0.17819415125264848,0.010774758884514998,0.002715530688902477,2.160029305112066,3.761569659378956
16.28,12.48,4481,70968802976513.5,5.115804233373216,0.1998746555807329,1.7294071499114276,0.09783404518321244,1.381966863567775,0.324006872620691,0.04494287105375061,0.11463324198046619,0.1387096227010111,0.3537987977022489,0.0829493419867692,1.7750718140652275,3.879622765094455
16.29,13.03,4514,68698136090643.016,4.971342977631369,0.2114044515274218,1.689964348981024,0.09294270974161141,1.1215400144674506,0.2811834288025943,0.0506639124402323,0.03694961061580751,0.18018100375253998,0.13140749713863153,0.03294542338139632,2.0683318817041543,3.74949116729361
16.3,12.99,4513,68797458522094.914,4.982548273421302,0.20697027354872005,1.6922388312722225,0.09383056481801598,1.2079929621127437,0.29312667927124453,0.05089129871500725,0.08831542162573285,0.17361537626506876,0.30128755883052954,0.07310921867563848,1.9170363401482777,3.765023232382067
16.31,13.1,4516,68537615051851.57,4.961147011638028,0.2151346626400123,1.7003219014608726,0.09423213620099344,1.144251302197531,0.27911868864010253,0.051612349557762914,0.057272860383053265,0.18491183735931138,0.2051917793899543,0.05005269408307504,2.0188068470537255,3.7449161069260755
16.32,12.99,4518,69072950007548.52,5.000720163889376,0.2160931853475349,1.701759433483354,0.09496686416435836,1.1871131240460213,0.2848202885421992,0.05199532351956557,0.07807312028528532,0.1825548446204242,0.27411361980176474,0.0657672118215573,1.9676833206373712,3.7834984857462928
16.33,13.3,4531,67816271357704.16,4.930980250878064,0.21034946103987048,1.6933688627302097,0.09434337007496632,1.1830240906402774,0.2805054160869294,0.05082809413354743,0.08783648095188933,0.1812018279097886,0.31313648833314706,0.07424741528665776,1.9178925750562767,3.7288979880444946
16.34,12.89,4518,69579778329487.93,5.031645176082905,0.2001400154846977,1.6889660266829905,0.09218801169694985,1.2395473713859604,0.3066678844926069,0.05153896502125034,0.08735087606669746,0.16806117506084284,0.28483868211770086,0.07046997806064391,1.907849783947424,3.8068735200952073
16.35,13.25,4533,68297448892655.31,4.95701118947214,0.2092721974083845,1.6835968357143654,0.09183049760386558,1.0902958484462313,0.2791645163714913,0.0498169725613013,0.002991077187860452,0.17845023145781388,0.010714388872689499,0.002743362906612002,2.1518549347495632,3.7443540861557527
16.36,13.37,4540,67806405904462.445,4.932107506136005,0.19967932443990385,1.6533159035989162,0.08539738712349135,1.1560901216702255,0.2610932640531786,0.04508684723354558,0.11842605181376045,0.17268483504178966,0.4535775836393842,0.10243669554296345,1.88196552678517,3.7245702446077504
16.37,13.02,4529,69075680769606.48,5.015681060617767,0.20983015511502703,1.696862664846609,0.09469463140447194,1.2204594727282783,0.29781496757601783,0.05242041697538977,0.09290399379555885,0.17601673079782118,0.31195206389969277,0.07612214569311052,1.9156011302592393,3.7955799736802014
16.38,13.12,4535,68889831025612.35,4.998299241198793,0.20143424043806285,1.6802729807920849,0.09187205870146103,1.1800287361745079,0.3022510122157617,0.052205933027369145,0.05932033027094208,0.17272376573581816,0.19626180847525596,0.050270242115671264,1.9862579137700305,3.779289840718435
16.39,12.73,4516,70318307825677.86,5.0888116586501715,0.18819863935989387,1.7013342520114716,0.09403600228899274,1.3690924862673617,0.3297706665320854,0.045202048480142115,0.11176321536225768,0.13707116207603665,0.33891193700633027,0.08163306459081109,1.7644815594701846,3.8564835708198633
16.4,13.2,4539,68515310988855.24,4.988113507829073,0.21072214243439796,1.684324763961962,0.09120397418589958,1.1005493652734655,0.27735126261593307,0.0498878268631509,0.003025672685117615,0.17987236255071218,0.010909172204878213,0.0027492384990525105,2.165833112769738,3.7767072537927504
16.41,13.55,4556,67489352823952.27,4.915692772612555,0.12185157020923788,1.626071237025189,0.04923973341218687,1.3993678652757218,0.04142393696734935,0.040524990488699765,0.3019122825657451,0.9782988642687889,7.288353176177209,0.21574904644981138,1.626722178561501,3.7067905971676662
16.42,12.76,4530,70318794757515.92,5.106094052000951,0.2386191008650059,1.7702198106998284,0.10227807462656924,1.3358428400383486,0.22326427219649342,0.02696773665488499,0.16779861729663142,0.12078841092474868,0.7515694994358657,0.12561254383173873,1.814448506919708,3.8765663603439355
16.43,13.31,4551,68426984585309.25,4.976908480814658,0.2116239148226621,1.6800875548397916,0.09118389959970423,1.0869319112149556,0.2764041343165349,0.04817347355017466,0.0028674399934549505,0.17428637118360518,0.010374085035107292,0.00263810452510293,2.17403962382873,3.7650074656405166
16.44,12.77,4527,70426598806157.61,5.125199010575751,0.16083154318785522,1.6212488525791822,0.08367430057834685,1.361846313778966,0.37733714964236653,0.05192583731736561,0.04208092954508228,0.1376112512817251,0.111520770178515,0.030899910745664515,1.876323937614287,3.9033501859985815
16.45,13.39,4560,68203084000957.984,4.975003518118403,0.21070362012057628,1.6873897296183775,0.09184949385228748,1.091648761061321,0.2816315060226325,0.05064209067750505,0.003044546775625426,0.17981685143364376,0.010810391275544149,0.002788943554211944,2.1603770179083157,3.760223781338582
16.46,13.52,4572,67824694836734.62,4.954198725863161,0.2084999651798116,1.6862194241444692,0.09191379738881227,1.089443901256486,0.28384601617359984,0.05119808194445284,0.0030700496343315314,0.18037273390210334,0.010815898266664039,0.0028179969898319292,2.149818203282013,3.750586824847283
16.47,13.32,4565,68601543150885.664,5.00095216103203,0.21245312041312817,1.6986629819925607,0.09428677975834912,1.1992896908172501,0.2920632478849379,0.05206226563872431,0.08876291978701639,0.17825681942438343,0.3039167729244238,0.0740129098637789,1.9392613201062023,3.7887146631556625
16.48,13.75,4587,67283517967309.23,4.917381434020252,0.2002872868903353,1.64968036806465,0.08621379235592835,1.131725821614141,0.26360465070406364,0.044317847214163625,0.10127401676613808,0.16812240260479,0.38418903648188507,0.08948635334810554,1.9232061269759968,3.7150802526610036
16.49,13.08,4557,69480101921036.76,5.0559493087643785,0.19969048982832377,1.6888998890372033,0.09230010311641447,1.26035569407696,0.31055700433679323,0.05213420558796682,0.08967939935318647,0.1678732241100196,0.2887695273358924,0.07115403990685701,1.8999199989861575,3.8352898566517664
16.5,13.54,4579,67983193333101.54,4.97014377248742,0.21052877816506727,1.6747770614853699,0.0910551432865713,1.0890261374329642,0.2759103229413019,0.04865130489760152,0.0029072825694763473,0.17633013646956502,0.010537056165509444,0.0026696168893883022,2.1641099040838485,3.76017899417864
16.51,13.3,4572,69013679128285.84,5.033387910204283,0.2187770658510876,1.7063544151798187,0.09542736663859502,1.199689541844897,0.29055973803774676,0.052760984258690316,0.08400404107051822,0.18158394764189975,0.2891110848248535,0.07002148317583547,1.968627266207318,3.810961829840465
16.52,13.35,4578,68688637215044.266,5.019949742517725,0.2106039868455539,1.6971563534154916,0.09431555795604395,1.219690246431136,0.2979097499398299,0.05256217270148546,0.09220903583172356,0.1764365641342778,0.3095200336690807,0.07560037157100419,1.9252274939094183,3.8069347910283873
16.53,12.86,4555,70616358774282.11,5.143570508046272,0.15301014889465805,1.6006658363564914,0.08051884052580487,1.353367412902733,0.4043574438682944,0.057062598893832674,0.0030248555574195787,0.14111919975539972,0.007480647638095224,0.002235058660775495,1.945258995544251,3.917673249676868
16.54,13.59,4592,68050827042300.99,4.9821378140263075,0.20988053242327293,1.6822242148138395,0.09125051507167597,1.0924362906129506,0.2818994417907221,0.04965463800023718,0.002960472716127532,0.1761430873534685,0.010501875056302318,0.002709972875824596,2.168939593228552,3.77184458731879
16.55,13.03,4568,70214047200995.81,5.107312759595406,0.2315992837785435,1.7634791443260451,0.10388764897817196,1.3472037517100592,0.25666489013518995,0.03238859233502499,0.16339595468909107,0.12619019421770286,0.6366120220144934,0.12128525806262497,1.8095508962444224,3.880871861338658
16.56,13.1,4573,69812997794619.305,5.089190117483127,0.20715174186868077,1.7023671162865428,0.09524582075191133,1.3002957953894003,0.3086294822994397,0.05218462616008344,0.11302450172766698,0.16908503287269447,0.36621420897828516,0.08692214658267004,1.8570975609488718,3.8638286734137206
16.57,13.31,4581,69153287350247.414,5.0471314682639505,0.20473429018607558,1.6880546835262717,0.09294373966313357,1.21162812887866,0.3070868846899622,0.053379479383693605,0.0716609514219232,0.17382533102182474,0.23335725162692236,0.05914434446833463,1.9683062449182611,3.8228298934366807
16.58,13.07,4577,70130688433579.23,5.116180393470992,0.23328194915185838,1.7609448609714031,0.10199091529958028,1.3395288449030973,0.24181616497469244,0.0295558800380413,0.17381798535920567,0.12222458346047504,0.7188021751043683,0.12976053932737808,1.8161323516959127,3.88941147667822
16.59,13.06,4583,70338487926386.94,5.123480334262332,0.2494579723540294,1.7786855550761629,0.10270009840062948,1.328383374645067,0.19033348183517665,0.021088750076181065,0.20088291576491907,0.1107989507302941,1.0554260544599186,0.15122359975228786,1.826101773789672,3.89462477406042
16.6,13.3,4594,69430600257308.945,5.072607465747745,0.23193008424089032,1.7536384461679466,0.10060494127650492,1.309001568010659,0.2259577990437473,0.026719031689990874,0.1805288330930735,0.11824788435303288,0.7989493341547446,0.13791338185135274,1.817535125613688,3.8531495062471373
16.61,13.49,4605,68811715243430.945,5.038877613585076,0.20936697380802735,1.69299181881934,0.09356520046088945,1.212745319953298,0.2981350103222937,0.05212981906519716,0.07760869573168154,0.17485306072857099,0.2603139284037255,0.06399422405907136,1.9688425939765093,3.8245074256963165
16.62,12.92,4576,70976708967663.97,5.16193408202239,0.1856967935104555,1.6979436113485913,0.09347666941698944,1.4107947124016573,0.3569108020043964,0.049336046735357235,0.11224007195076728,0.13823074689330786,0.3144765339699209,0.07955804693915823,1.763767835924154,3.926460335013816
16.63,13.59,4611,68561567072042.375,5.024998328825691,0.2148232114805371,1.6968311610856397,0.09342163269853711,1.1177980415522495,0.2917619781832674,0.05269282552833815,0.003151799995900139,0.18060209852032083,0.010802641302083466,0.0028196506692061635,2.1734505038560807,3.8165849764676434
16.64,12.6,4563,72244436753117.34,5.258920653034703,0.14308040517439166,1.5267702737238995,0.07394818172765111,1.5480915535133066,0.38662144805557974,0.11492336253643895,0.009223735484502732,0.2972503546153959,0.023857278303858483,0.005958133072666137,1.8083949373416108,4.023981472369299
16.65,13.14,4600,70224778112226.734,5.129000748697392,0.2468889560277281,1.7742949340726193,0.10071254266347497,1.3294483929246348,0.18113704307643902,0.019287757156698653,0.20543245214645808,0.10648157234497477,1.1341272257589328,0.15452457819331378,1.8258196123859467,3.904706716568499
16.66,13.8,4630,68100024141579.14,5.002406620832832,0.21443357696934162,1.6981852508624513,0.09375257996072006,1.1607093148809788,0.28996923793090656,0.05269091430006359,0.04971766516203247,0.18171208324042532,0.17145841233641176,0.042833864193750015,2.0461294428079846,3.7960034642580656
16.67,13.62,4622,68810675845834.945,5.04094093667601,0.21359056706301716,1.701853756327132,0.09503986195736652,1.2255446761831166,0.30291067522850157,0.053840015669831216,0.09562231462256376,0.17774221931669076,0.3156782591119669,0.07802434010025124,1.929299184265001,3.8304676421588795
16.68,13.35,4618,69712089579699.66,5.121208273791227,0.24478018360769702,1.7782338032161016,0.10299590269164972,1.3452591671794711,0.21308308339990806,0.02505557292846737,0.1817548773973531,0.1175859318754263,0.8529765690326571,0.1351077040258557,1.8206774459079098,3.9036640543937278
16.69,13.49,4619,69257994028361.3,5.075126234736542,0.22276387905746828,1.720597206786182,0.09720340409826753,1.2602479001925821,0.2935712823702957,0.05360312556394052,0.10715146496743877,0.18258981304693248,0.3649930064763059,0.085024117041627,1.9162523174192352,3.8624453581539977
16.7,13.12,4608,70469877693888.2,5.160686167343829,0.2164863552085615,1.7582060113013358,0.10273506466776795,1.3982288755152485,0.3118786800367228,0.04288937496117833,0.1350360971904539,0.13751941926946795,0.432976364958816,0.0965765330376924,1.7954340387294674,3.931654043093872
16.71,13.04,4606,70957538924107.8,5.184579106028563,0.2429888509721033,1.779965796565423,0.10537942594923679,1.3793370123537014,0.25370603757781346,0.031570045738395176,0.1765935182128428,0.12443553192427444,0.696055639427502,0.1280278254199121,1.8258990012821832,3.954512459994549
16.72,13.21,4611,70372977633261.94,5.145654454453251,0.22006160589488513,1.7625638811266895,0.10334804724508084,1.3916614625084434,0.3066191968076215,0.04182791322306901,0.13963498789020315,0.13641648552524455,0.4554019752971067,0.10033689345576455,1.800458575798469,3.9249817430139777
16.73,13.52,4631,69441873920239.94,5.091110140275154,0.2052068938012182,1.6967003635758302,0.09385382926657468,1.2895915256545503,0.31863479351401125,0.053678768844739815,0.1078744274418784,0.1684648693030424,0.33855193983118753,0.08365007469099583,1.876740886868181,3.8804482034617864
16.74,13.56,4635,69390115426111.836,5.0941832165433825,0.20652168701803175,1.7013194617372256,0.09416384120176739,1.2899578878586948,0.31875466395173024,0.053813795292297066,0.10888620144505044,0.16882512282375958,0.3415987709643029,0.08441066368902898,1.87719569736775,3.880560442120887
16.75,13.47,4636,69682385640624.055,5.109438510288195,0.24949447908120784,1.7792501572809785,0.10287248542137158,1.3287678319063765,0.18868339961391345,0.020927678775570727,0.20383139935835193,0.11091425540558009,1.0802826309862688,0.15339880637079847,1.824583068554759,3.891119819476055
16.76,13.33,4632,70106501142973.445,5.149198805243602,0.22185801644225492,1.7616288105924889,0.10351217815543937,1.389214269827331,0.29470490372617075,0.03940313307097763,0.14234866146041775,0.13370368993788312,0.48302101410800763,0.10246703086206466,1.7983687264900945,3.9263885934205445
16.77,13.66,4650,69244619513490.84,5.086978908797074,0.20853390663118437,1.7055869058071331,0.09540038392539638,1.2978049316958418,0.3183962513084857,0.05494960907701329,0.11485068679888392,0.17258246242281938,0.36071620292918627,0.08849610907920386,1.8553138059088599,3.8726065707602144
16.78,13.26,4633,70455245986392.56,5.172016788399791,0.23643643228938885,1.7732920727566355,0.10435600881577466,1.3791050257297433,0.26361614234860165,0.03344979742443833,0.16742061604383965,0.12688827446767226,0.6350924285298333,0.12139801749707226,1.8194606906304214,3.946576533380202
16.79,13.13,4627,71170435728631.08,5.208706183327388,0.1829414539543724,1.6910324010593174,0.09271247835428477,1.4420366422556288,0.3734032974819837,0.05133606145155984,0.1119958805594602,0.13748154287265432,0.29993275719495727,0.0776650726324656,1.7636364142503305,3.978906255869264
16.8,13.41,4644,70272500907035.305,5.148806627270576,0.24970748386090116,1.784552085085629,0.10425433057992375,1.3525437326281913,0.2155233025705634,0.025434293974207444,0.19197344722336035,0.11801180508488232,0.8907317442414715,0.14193511277474757,1.8275684430303922,3.9275014938137236
16.81,13.61,4654,69596999419540.09,5.11509617163465,0.22382070789320455,1.7227870569408157,0.09781693717404674,1.2796129924187487,0.30908773491560865,0.056096626142739976,0.11773512060710926,0.1814909483809063,0.3809116548712453,0.09200838167840428,1.8971576022095724,3.8966223817228665
16.82,13.59,4653,69710853922431.25,5.122153410645027,0.20726798619636294,1.7063242169528985,0.09547717215771052,1.3244808638583094,0.3233581525324609,0.054528625687484254,0.11974928882851217,0.1686322898013536,0.37033019854506655,0.09041224535300099,1.8375605883284565,3.9052492111297297
16.83,13.92,4675,68751785733301.29,5.0651976447027325,0.21776797531537767,1.7045947852707801,0.09409498076676862,1.1807283664202703,0.29715831118697134,0.05371750641174445,0.04527942416896936,0.1807706679889748,0.1523747526633359,0.03834872224358208,2.07809539959072,3.8593932697558584
16.84,13.29,4644,70659736159042.77,5.194288826428682,0.1607147221902026,1.629970782315279,0.08440533505693275,1.4270831187956596,0.4052170919211898,0.05719082212450335,0.06141159652462137,0.14113625329413873,0.15155233515314118,0.04303295001937076,1.8135922071062787,3.9693614783574116
16.85,13.55,4662,70059389315596.73,5.147342616862033,0.20618062417412114,1.7064321572834553,0.09485554898470243,1.3208142013327746,0.33148682299640064,0.056682880543110985,0.11389184208239621,0.17099587860156498,0.34357879161800914,0.08622851114674042,1.863575135327208,3.9229857392960072
16.86,13.11,4643,71567852489908.25,5.242284757330301,0.1467436695001365,1.554113953948647,0.07694727574269229,1.4833802934322018,0.431424173681137,0.08132052351294122,0.004668281756314889,0.18849320106259213,0.010820630926826988,0.003147056609140705,1.8555247128294268,4.009905194789151
16.87,13.35,4655,70983389992322.47,5.1989773426002985,0.17885457664355978,1.678906770683717,0.09257246855146886,1.4482271535440563,0.38435453747055903,0.05329221776415585,0.10989797840031837,0.13865380155226592,0.28592866139569484,0.07588448961986348,1.753143897116953,3.9758018644740445
16.88,13.23,4652,71347379332486.36,5.2271376316722,0.15432684668222635,1.6119240128068213,0.08164773874504054,1.4101948410803877,0.43116495606563693,0.0612179386661552,0.018613171546306956,0.1419826398341054,0.043169490665826385,0.01319900697696987,1.9050729387215732,3.9983967515842718
16.89,13.84,4685,69307684619665.34,5.111027340569129,0.21044565619845576,1.6996814735524945,0.09483217229152274,1.2757356659382952,0.31961876598216127,0.055479133910019476,0.1006833092684848,0.17357908800985705,0.31501063136607,0.07892176409008123,1.914343312618595,3.897848051913978
16.9,13.44,4664,70654951490163.64,5.191206254759116,0.22695988267870107,1.7741916727915028,0.10544554566204567,1.4053081590824905,0.30955272755372043,0.04227109438556847,0.1446409862627724,0.1365553930654113,0.4672579931884822,0.10292474666709885,1.8081054442942153,3.9640547100772485
16.91,12.79,4622,72814724514301.14,5.34820206392576,0.10206068295180581,1.5679323806597225,0.03944564397218288,1.7163431763592094,0.05623552864573098,0.05436321875399954,0.30457076560248814,0.9667059252963283,5.415984750871709,0.17745330292777373,1.568525830027818,4.10604072356275
16.92,13.42,4674,70804252594241.52,5.209766202942269,0.2591180881209181,1.7976832344442941,0.10408662925964453,1.3724207149072538,0.1911065060761072,0.021024516433245582,0.21153299989425278,0.1100146555181783,1.1068853920128225,0.15413130798491909,1.8421132072741555,3.9822988023205617
16.93,13.06,4653,72045407497970.17,5.293472096644193,0.14530509433941113,1.5429136064118718,0.0754623990090527,1.5317461088608844,0.43015500068563994,0.09256675898920057,0.005933637446473463,0.21519396227326196,0.013794184507946249,0.00387377347469558,1.8364016852816496,4.057979851071656
16.94,13.62,4683,70136542754132.99,5.17867572462406,0.21591486641663155,1.7197307209887749,0.09680665283585961,1.3416161540896092,0.32408225515561245,0.05547022703192371,0.12349832847618447,0.17116095111498447,0.38107093650309576,0.09205190925864162,1.8678517277704545,3.9616828766538337
16.95,13.89,4701,69356210447174.5,5.128920358696677,0.22160737373231645,1.7210684852054803,0.09709600519938917,1.2932365363650264,0.3116005829439144,0.055123639346343636,0.11553221425745389,0.1769048017354494,0.37077021219260287,0.08933571779698311,1.9055275727082057,3.922044244975256
16.96,13.85,4701,69709041572913.24,5.1439632167386415,0.25286310498400133,1.7851316644383128,0.10304072417249381,1.3506078713484964,0.1852921310545809,0.0202596329236492,0.21067890869294637,0.10933887374678304,1.1370094752209816,0.1559882132795486,1.8288886009815648,3.9305114381155692
16.97,13.42,4682,71020688428310.48,5.228859175927555,0.1452948602438072,1.5557593142830037,0.07641275272236864,1.4756467241215654,0.4342340934628695,0.07962899843098138,0.0044628228382182665,0.18337804338661468,0.010277458415641132,0.0030243165693163657,1.8554513384103712,4.005076253487689
16.98,13.17,4661,71878425467547.95,5.291380217625673,0.09487514539810242,1.4989508491855363,0.0379883731387036,1.6838495357797472,0.0804734315385478,0.09012824605771359,0.28218254541961085,1.1199751810576266,3.5065305408834444,0.1675818055138397,1.499596942161987,4.061016445502005
16.99,13.83,4702,69734253790798.914,5.165190255030616,0.22780382085792888,1.7641999229925411,0.10258442166695297,1.3868702616086495,0.28009143978462175,0.03633110781131868,0.15796214096213498,0.12971159646740985,0.5639663285804131,0.11389828258262065,1.8124542954950176,3.952665271495485
17.0,13.7,4704,70337420648677.57,5.200542581400321,0.24177478276492326,1.780305864125152,0.10495653265862318,1.3960002739320982,0.26075227870303397,0.03301785924124388,0.17547535997136876,0.12662539098593006,0.6729581073813528,0.12569865726251564,1.8282547179572315,3.9839648996038193
17.01,13.33,4677,71245791354314.5,5.2702401696145795,0.09574529570701132,1.5011418970353303,0.038485550524883394,1.658187259256802,0.07484245058780258,0.06403878344491835,0.29068843780354126,0.8556478701855208,3.884004806370091,0.1753049519472412,1.5017648067509803,4.043832686267092
17.02,13.13,4674,72180167522706.23,5.320327657450636,0.15581003351214467,1.5037369148256716,0.06702503395824468,1.4418339370093138,0.3737869129262274,0.04252908009429953,0.10260711542394045,0.11377894362688214,0.2745069767709913,0.07116430872529646,1.8142338191516238,4.084002557840559
17.03,13.49,4700,71191632211071.42,5.251202191458402,0.25842358001553223,1.7964135676522206,0.10684939362278052,1.4061129872479206,0.2250658269487556,0.026426692427810244,0.2044044061711376,0.11741761415351269,0.9081983210968659,0.14536840781991708,1.8468861015796008,4.025628813493475
17.04,13.59,4708,71003701080687.67,5.237263573165918,0.24981132827329802,1.785088020914345,0.10489541394933839,1.3992871416550632,0.2417018054756444,0.028886559270824643,0.19479865171166386,0.1195132126298306,0.8059462002293283,0.1392127790735345,1.8405064393264103,4.016741334044575
17.05,13.62,4708,70816293186421.31,5.232056721935023,0.24030619283037288,1.7858809262527133,0.10735087460265232,1.4205003414135815,0.28761598983711734,0.037847209246493256,0.1601431969045121,0.13158937814245614,0.556795180251294,0.1127371759341845,1.8235851131204563,4.008484835435802
17.06,12.84,4664,73320602232971.0,5.406341065022293,0.16168166220038102,1.5152611883157117,0.07167292970972955,1.4458997465163308,0.4132373473851216,0.044747070213936896,0.00250642927396397,0.1082841870346107,0.006065350312173195,0.0017334737626193096,2.0608034277148315,4.167129539229322
17.07,13.58,4713,71015689249806.2,5.246520937091945,0.23501354915967698,1.7888609044157098,0.10824233463328668,1.447508689873573,0.31329731053889315,0.04358479474062355,0.1474549966548719,0.13911640245380555,0.4706551626671773,0.10186812534282665,1.8170665841254874,4.024448700742538
17.08,13.96,4738,70122260778971.27,5.196209536741775,0.25882783574558493,1.7942970815582335,0.10485557939533913,1.3755081603327977,0.1896152579006403,0.021012495237005865,0.21569670061978544,0.11081647895664894,1.1375492827313085,0.1568123743937649,1.8380230987774606,3.982620147284092
17.09,13.53,4719,71165175595683.7,5.268854188099037,0.1515207645984638,1.5958896552144595,0.08014967208561646,1.4425686212857507,0.4458935160486813,0.06499733662668986,0.0033989085393845435,0.14576874138621393,0.0076226911068459245,0.002356150334363381,1.924880948460785,4.045917625986699
17.1,13.77,4728,70680478602585.14,5.234697156835918,0.1958846710586567,1.7258776363847594,0.09805162035147089,1.4645227826502714,0.3677556215090339,0.05148581272571896,0.11358004111806456,0.14000006992266797,0.30884651239865407,0.07755430128067016,1.7705827515240178,4.018335583197712
17.11,14.04,4750,69781399969661.164,5.192999117203287,0.25207611313350087,1.7807356128831862,0.10134053320651423,1.3700718741203566,0.17695980270513434,0.01836306001661288,0.2167975751229111,0.10376966822917967,1.2251232868074444,0.15823810357548154,1.833186737736136,3.985036859012521
17.12,13.77,4732,70736385908901.1,5.2490289241492505,0.1828318471095425,1.6930823627378666,0.09349437210842258,1.477432217069238,0.3858907170421615,0.0535045251492978,0.11495858934466002,0.13865201412308661,0.2979045213261762,0.07780972149957702,1.7594289188994516,4.03236554239258
17.13,13.09,4692,72741210536329.98,5.379530988569614,0.1603944055764416,1.6129797710399267,0.08297307467874701,1.5069858569760863,0.45474452402189747,0.06789414013784814,0.003578374150504803,0.14930172118923374,0.007868976890269254,0.002374524043434063,1.9461588519950819,4.145812453272782
17.14,13.37,4718,72136115046345.25,5.33030081932275,0.1457295354709519,1.5462159591942068,0.075790286509847,1.5528699773476407,0.4431666529676409,0.09536108377623156,0.0059438601938290505,0.2151810907649557,0.013412246056932128,0.0038276612211805288,1.8393349636555034,4.096731721655895
17.15,13.41,4723,72022443158252.16,5.329048424468285,0.14455256158362811,1.5554637892190855,0.07601492016779926,1.5248265039327442,0.4655725786119991,0.08336264589656837,0.004551563294422269,0.17905402879416896,0.009776270131698352,0.0029849712624243747,1.8535739378785054,4.097080122828572
17.16,13.53,4728,71599072580244.89,5.306908974412687,0.2033568522042895,1.7420123152684488,0.10038043391433131,1.4968622088300072,0.37552205563074986,0.052603248160079205,0.12472589830761138,0.14008031584649153,0.3321400073242412,0.08332490296825712,1.7812813990329075,4.076047617654174
17.17,13.93,4751,70456075135183.05,5.235369678811707,0.25682960307620584,1.793243608177869,0.1058262872136344,1.3893850602254083,0.21905953666692984,0.025481177535794472,0.20876572241132657,0.11632078622779822,0.9530090567512952,0.15025764159106278,1.8481634551033006,4.0167897406301805
17.18,13.77,4746,70902590488246.45,5.271235227160662,0.21826628902992715,1.7701347677490369,0.10613087595215685,1.4808948022708939,0.34958570314684817,0.049654610351107,0.12455730127076226,0.1420384469505863,0.356299757540257,0.08410948642655679,1.7952794754421366,4.048795975346205
17.19,14.03,4762,70250188197145.336,5.229035782856614,0.23571071303259045,1.7848922150100002,0.10677204319355588,1.4316635137599407,0.29756881408094793,0.040220474725359445,0.15611436694736414,0.13516360862472043,0.5246328229304842,0.10904403545031684,1.8196140058846704,4.014779829464948
17.2,13.52,4735,72034277346196.48,5.339905430669968,0.14605846494560726,1.5472538460691747,0.07589527925411459,1.5531166233323979,0.45354599430630743,0.09056136596898931,0.005442120504119732,0.19967405093611668,0.011999048767795608,0.0035039999072593855,1.846132881198447,4.108899901718647
17.21,13.55,4736,71905468902634.16,5.326028727172844,0.09668106478263253,1.503580194636896,0.03858351181922948,1.693655364320691,0.0769579396715302,0.06745819774336398,0.30506296127470534,0.8765593002006972,3.96402193947456,0.18012103743258484,1.5041968669940804,4.099034376170509
17.22,14.03,4767,70407729355503.8,5.246287506755759,0.26251727284926046,1.8031307900946096,0.10624629769817674,1.4050581194095224,0.20815684776790072,0.023823770764869648,0.20690703948934241,0.114451054675048,0.9939958339494462,0.14725870526714965,1.8423469637390923,4.03089780797896
17.23,13.29,4725,72758074892792.94,5.3878202850325225,0.16334850552845495,1.5166793346972882,0.07497528804962621,1.4758780403483018,0.4310079007530184,0.04684476382516829,0.0025942965427956416,0.10868655480172246,0.006019139181122014,0.0017577987285340984,1.9932233979218896,4.151952475427163
17.24,13.45,4738,72272510291729.8,5.360185256012792,0.09574801446010461,1.550900762352629,0.036957261216176006,1.7376725921213323,0.066100045237321,0.057888745071755475,0.30278392176842245,0.8757746664758813,4.5806915968261155,0.17424681907354425,1.5515040806579985,4.129653361323555
17.25,12.91,4705,73689471159360.06,5.48563302637751,0.19848401292465956,1.721090893236195,0.09767740011906707,1.6200849806577529,0.41668403878944227,0.05816395807241542,0.11639953007843128,0.13958767953146073,0.27934722533792566,0.07184779284304776,1.7821343578745137,4.242321198519127
17.26,13.61,4755,71975575071325.16,5.341123398457298,0.15942235437990182,1.504998391851862,0.07136896003264111,1.4118601706192169,0.41220460916004603,0.04586277116655688,0.0050391249514433216,0.11126215027049786,0.012224814665977664,0.003569138825719016,2.047494974560778,4.1173685986202475
17.27,13.72,4764,71531163537321.05,5.323124161218482,0.16432707992195433,1.6426302618933664,0.08576471416010852,1.5164580331920228,0.43507117779177434,0.06115059599000818,0.07406544811520714,0.14055308444098988,0.17023754248932335,0.04884107999962604,1.790164800123317,4.098244806932798
17.28,13.8,4773,71529766906308.12,5.321666716910239,0.2062004884956978,1.7474874415421808,0.10115889309812261,1.5107827689022029,0.37600619509561034,0.05252149207728146,0.12268603239446835,0.13968251790087227,0.3262872633342435,0.08120693121461604,1.7853133495365467,4.09783929377123
17.29,13.57,4758,72018454604546.86,5.37104029971282,0.16273519517543278,1.515042238341874,0.07564443866239999,1.480933575588015,0.4337039474860272,0.04765411939026787,0.0026309944022627624,0.10987707090630795,0.006066337227303023,0.0017765782649759342,1.9742486119481202,4.145867336791624
17.3,13.47,4754,72478768809020.16,5.382660330342887,0.1600003978722186,1.503317711851652,0.06927956968227744,1.397571099333418,0.3918729183509227,0.04450442986142191,0.046788901948634894,0.11356852636999053,0.1193981511800603,0.0334787274657806,2.02807201964935,4.150440998643393
17.31,14.19,4798,70606916971715.69,5.261087828815229,0.2273976508834448,1.7395369381653962,0.0996126229060987,1.3831236820298218,0.33378598065466875,0.05830170052927396,0.13742476509858,0.174667912699402,0.4117152099349497,0.0993582619429236,1.872149510166914,4.042085983083095
17.32,13.36,4752,72711570411608.77,5.423319052704942,0.2898421921118542,1.847160903769539,0.11330665674035431,1.5059921429277938,0.19769430273081093,0.02194078679445272,0.22015329372952563,0.11098340463725066,1.113604644587537,0.1461848886552133,1.8777130063223915,4.186952313798381
17.33,13.46,4760,72557876136618.77,5.40841309751026,0.16497516967292308,1.5182242074061985,0.07576822654678562,1.494666842283797,0.4307108572602973,0.0467026571718008,0.0026092623008127174,0.10843157627572028,0.006058036979633942,0.001745714982762218,1.990699543726687,4.175562188307264
17.34,13.2,4743,73454961440663.0,5.468202284508571,0.15716010329022267,1.5892622746058398,0.0800475280757605,1.5983115729484807,0.4709704058722809,0.07991791467275963,0.004258436552645963,0.16968776312971137,0.009041834687593467,0.0026643344293567394,1.9112799900807034,4.231637137958731
17.35,14.15,4799,70773796680621.31,5.281183850113777,0.2188291701852532,1.7749451448924844,0.10523065326668482,1.4797197937471362,0.35276820204835935,0.05003020982613698,0.12523571858354574,0.1418217671990702,0.35500852360377355,0.0846347525475805,1.8004907030322153,4.06124601359138
17.36,13.19,4742,73506541797266.95,5.478681521420517,0.10026658092997358,1.560166543439088,0.03807520193248978,1.7951860733277172,0.10777811387709144,0.11249834998384986,0.27389710847773385,1.043795868539148,2.5413054527014833,0.1525731023358563,1.5608113351120836,4.237381029603554
17.37,13.47,4771,72747871439639.69,5.4210525372504925,0.16798250196921446,1.7055952393323799,0.0644413979468639,1.7533616610497316,0.04119438579573523,0.053467513803792575,0.3370816035614282,1.297932054841511,8.18270735320262,0.1922487590835188,1.706344316053952,4.19000189589111
17.38,13.83,4786,71849290161789.7,5.3600148463756785,0.09572522202036883,1.502491250258329,0.03795548757642006,1.7385729227529088,0.0869759641541577,0.09685447501488598,0.28343500893316975,1.1135774803624992,3.2587739807150014,0.16302739173250796,1.5031377683566451,4.134773097921288
17.39,13.72,4789,72086739467532.78,5.379881777094546,0.14059588661387487,1.5199958854092719,0.07276161851530835,1.63468026316162,0.40754869242998426,0.12947583728465337,0.01089092131585551,0.3176941545626403,0.026722994130883,0.006662416841561101,1.7943589843156924,4.1523363590002935
17.4,13.56,4775,72758410913702.48,5.421223912030069,0.11517691570202176,1.5731429519114954,0.045105645365236084,1.773252377808546,0.033718304715634674,0.05438545612765937,0.3220314092986317,1.612935661692435,9.55064057978308,0.18160494993758902,1.5738267643761055,4.1883521859640656
17.41,13.09,4754,73968020003361.7,5.5202689663991755,0.24217694550760868,1.814428880686475,0.11188610095540857,1.6420938814028017,0.3861074257547841,0.05630471146325093,0.13392838396703613,0.14582654387748015,0.34686819012927694,0.08155951707987871,1.8318185539205722,4.281513807256423
17.42,13.34,4773,73388177583927.33,5.479247424584248,0.26611213158593044,1.8116155041416524,0.11018690936486887,1.5286630747072145,0.33742051715830346,0.05925894271810614,0.1664043535308859,0.17562341264003323,0.4931660793253304,0.10885613467359863,1.8809959628554211,4.240457081823499
17.43,14.05,4816,71383255678566.06,5.34601039212666,0.1632413270593856,1.6419961082625834,0.08606967159647513,1.540085570929729,0.4428515678331052,0.06242157342650552,0.08142517982162811,0.1409537144283747,0.18386562391558323,0.052870555609759284,1.7666007091752902,4.127198442669373
17.44,13.35,4778,73501885536938.53,5.480689365143465,0.2946300477547452,1.8585762858428725,0.11302096493739573,1.5260190848356896,0.1824048268447838,0.019701035206910918,0.2408438477561049,0.10800720325057728,1.3203808908031223,0.157824925093933,1.8916612842054397,4.2488118669171495
17.45,13.45,4779,73126621042310.81,5.474928288110655,0.09642970357902779,1.507983822071851,0.03772365522934488,1.7982125197473489,0.09305995923917837,0.07084160334036071,0.3013604420613696,0.7612468769547484,3.2383470240603374,0.16758889105260547,1.5086267925012338,4.2385268328456664
17.46,13.21,4769,74086174988944.8,5.539687119928941,0.17176880319953908,1.647174935605429,0.08752671466529782,1.6417563600395482,0.477199216033268,0.06936543435950894,0.05752411991367954,0.14535948934726062,0.12054529425226307,0.0350381587145451,1.8359021072210135,4.298152538495371
17.47,13.88,4815,72205227718967.67,5.399972035498118,0.14521992369829798,1.5605220920230667,0.07613976188290553,1.5650303076276442,0.487957083037212,0.08260380206201383,0.0043578423557087825,0.1692849738912682,0.00893079024201079,0.002784509881035231,1.865148334203787,4.174295088808787
17.48,13.73,4808,72616064690846.75,5.427917638547993,0.09372001702830844,1.5492215549184516,0.0357712619891571,1.7643784717050868,0.08619700591834822,0.06166829619223689,0.30459734385061826,0.7154343185731228,3.5337346188004948,0.17263719135966155,1.549814136692068,4.195889605120325
17.49,13.23,4780,73985021005114.44,5.535104657450036,0.2772487285413027,1.823425767554801,0.10910132687263308,1.5238362556977427,0.32681818061922047,0.05976016598720491,0.17019964889222639,0.18285447239800945,0.5207777871162189,0.11169156020263767,1.9295860511241214,4.297633792529078
17.5,13.3,4786,73821848378290.36,5.524977467790478,0.2838875191359213,1.8695345263969567,0.12070097454590976,1.6030502891645901,0.3333919669602411,0.048392560011402734,0.16479995791255836,0.14515214764359882,0.49431292365905055,0.1028039850193607,1.8703574458014811,4.282298332157456
17.51,13.91,4827,72259440449681.95,5.407585588006551,0.14504314162320522,1.5496100655408047,0.07550274742654425,1.592069670859327,0.47739006569640857,0.09213280511939058,0.005324779270352256,0.19299271547469007,0.011153938158693266,0.0033445642284474788,1.8449391148534404,4.184103471770363
17.52,13.76,4812,72751059185302.44,5.452679723843006,0.0927375826616122,1.547973541237582,0.03519966870212817,1.7774514976511646,0.10343361134569018,0.0719314528476283,0.2983781255057536,0.6954359604367183,2.8847308106504226,0.16786850493532401,1.5485315257877459,4.220803317843813
17.53,14.06,4840,72067641084696.14,5.392590573473426,0.1581666634768734,1.501603379353984,0.07170587204403593,1.4626883395678756,0.4471985152071283,0.05052231211482134,0.002717084792471072,0.11297513385396862,0.0060757911756764305,0.0018575965357553782,2.0101429591900004,4.1705774332769705
17.54,14.04,4837,72014607407497.84,5.399755312341499,0.16642280271997875,1.650620710718566,0.0867148176503709,1.5671070941595016,0.4551141774631915,0.06396298955238863,0.08366052657410471,0.14054273129639386,0.18382316068558635,0.053385328217772504,1.7727622240602636,4.175263684547482
17.55,13.93,4839,72494302063916.84,5.432213174365319,0.16177288547517168,1.5020281753792937,0.07207293765660142,1.4524880085681524,0.43720912798691364,0.04935940686431201,0.002674915166143385,0.11289656071816831,0.006118159468581474,0.0018416091219784242,2.066790890120662,4.204492927474508
17.56,13.8,4832,72710047329025.66,5.460779092103037,0.20189306022323192,1.6333637837097248,0.083520933523259,1.456461869325885,0.36717134835842813,0.050368139501075763,0.08933542891731137,0.13717883959700203,0.2433071897268608,0.06133729333996211,1.9829531329680197,4.2311769274572395
17.57,14.15,4854,72015167068329.31,5.392013884915009,0.14176001476233813,1.5335716501969843,0.0739287662567303,1.5973135342819083,0.4747092398581792,0.09869741424254841,0.006186024054393851,0.20791129802325853,0.013031185270886961,0.0038727675698151855,1.822916151776004,4.169599377999973
17.58,13.47,4816,73653640048908.81,5.526818319585797,0.2862670975648858,1.867450394716117,0.12016640027179737,1.5959012960797285,0.32160272626440783,0.04580638313239417,0.17480843124364112,0.14243157595229508,0.5435539470518083,0.10953586645555803,1.8683791354026242,4.2779080297948076
17.59,13.36,4808,74091483960837.8,5.551851864349916,0.3043242460614277,1.8807937471129503,0.11800814156219322,1.5819431784491453,0.24733607077169828,0.03026814950047883,0.20745795071271714,0.1223766084988777,0.838769493125043,0.13114121514534935,1.8986884362175436,4.312390066360188
17.6,13.96,4843,72482730347179.4,5.451337787535932,0.09732688020301207,1.504181234088966,0.03839009150594395,1.7607586911226476,0.0812419336173925,0.07617827936320348,0.3295225232979153,0.9376719136445446,4.056064505428884,0.18714803167480834,1.5047871508747432,4.22548005428299
17.61,12.74,4764,75792608198201.11,5.702443804158633,0.12040636077291099,1.613968167955061,0.04498758520654313,2.0065029717581093,0.059122002819350296,0.06427571605588421,0.31407038532262554,1.087170816122067,5.312241980067564,0.15652624977048266,1.614607959884393,4.449197942760953
17.62,14.37,4874,71520992311977.9,5.382422703363127,0.15241255106208898,1.6035819896984878,0.08071632074418128,1.510056238161259,0.4772701376110555,0.06977611390485597,0.00362720948704888,0.1461983652572854,0.007599908733457827,0.002402036027125455,1.9279486994064028,4.166404117578537
17.63,14.37,4878,71556148729991.05,5.385425656395695,0.13979407557242235,1.52142612795518,0.07252596908445066,1.6307439702586342,0.4406113451263627,0.1197739140280394,0.009110836586780226,0.27183574674794064,0.02067771673960718,0.005586920297080882,1.7966048563206838,4.168903694559167
17.64,13.86,4855,72971956362373.36,5.480291695020158,0.2719455991015092,1.8164364904042731,0.10880476813267784,1.5052027997538735,0.3258780459949261,0.061314350584509285,0.1655694824074182,0.188151215886031,0.5080719135341695,0.10999812280078913,1.916416587099374,4.254844221452491
17.65,13.1,4797,74969694352436.16,5.645610099722821,0.14623847699806528,1.6971881607597754,0.05358713728679095,1.888599938839418,0.06902298039376033,0.07092118274895,0.3197827770064665,1.027501019868468,4.632989986554896,0.1693226661878319,1.6979217383449692,4.400430691053827
17.66,14.08,4860,72454903372378.02,5.456873487650344,0.0962785858251421,1.5046267572524814,0.03778265160847961,1.783727094516393,0.09046251780569156,0.08727738342586495,0.3097536415646446,0.9647905623556919,3.424110328544891,0.17365528758121235,1.5052546753169749,4.230867807550366
17.67,13.95,4866,72961037781336.12,5.484876400897435,0.1435994179080071,1.5377201048341071,0.07417609145528442,1.6573279231791413,0.4827731066619923,0.10541418419948281,0.006698168784262035,0.2183514009890515,0.013874361872753769,0.004041547053291292,1.8280093254806657,4.256856150084858
17.68,14.28,4883,72063620651599.14,5.42513791067554,0.1438917808450214,1.5516172952892937,0.0752355482930585,1.5945049845202894,0.4925928078720081,0.08871679212226648,0.004850441223289263,0.18010167973324945,0.009846756074744738,0.0030419730702494667,1.8501100894386515,4.204442227465572
17.69,13.92,4867,73043312989273.12,5.49518080474086,0.24228341017832877,1.815036331085805,0.11206243260687582,1.615581752615738,0.3799761885894025,0.055484432804415236,0.14170231565204813,0.14602081517368715,0.37292419869280247,0.08770977725059244,1.827743598544155,4.269265349189226
17.7,12.87,4792,75783910713261.38,5.719911490816529,0.12164328702598483,1.6056583926289214,0.045780862334325066,2.0115034672332177,0.05046713094423445,0.06201064293611343,0.32298708327347414,1.2287332720505633,6.399949377553695,0.16056998585129775,1.6062724458359197,4.463260004852827
17.71,13.91,4868,73125458827747.55,5.5058712549956965,0.1622969441530976,1.5111163727402155,0.07117943103052966,1.5020087314002788,0.4372943647622961,0.04790707848678002,0.0026529884626810664,0.10955338633924835,0.006066825178785861,0.0017662936354622672,2.079470507497984,4.275906903121358
17.72,13.94,4874,73168124346828.75,5.51681788964717,0.14459778818204103,1.5284384055262186,0.07383651024960773,1.715498204803494,0.4377158175605813,0.13079134602990974,0.010302427029489263,0.2988042487448098,0.02353679400234005,0.006005501492593739,1.8136076946765411,4.286838060264457
17.73,13.97,4878,73152089991203.64,5.507228618371747,0.15084801585717897,1.5726040354478332,0.07779848112098464,1.6250065702751668,0.5008407254308319,0.08289122079316673,0.004351901786572217,0.1655041544831688,0.008689193121882481,0.0026780825789740025,1.8904416362518335,4.280141645649388
17.74,13.73,4863,73898335870092.12,5.574864479329901,0.2235349436916379,1.7778188548754872,0.10713695802583931,1.6671191792426518,0.41847464759512615,0.060328156153512974,0.13457891164796723,0.14416203347133327,0.3215939422408504,0.08072542942557022,1.8095050898984528,4.339885003716113
17.75,14.19,4892,72535112767480.48,5.4795813925994254,0.09519222832613052,1.5557817540174503,0.03600912772192856,1.8061335445049227,0.10469970124157903,0.06800160195541395,0.29832616068476164,0.6494918433292407,2.849350639467617,0.16517392171382073,1.5538253570119929,4.256889123107517
17.76,14.1,4889,72854880992510.1,5.499084339789567,0.1287751512011219,1.6550307439657757,0.047916297268862804,1.796483463825081,0.06629582006149917,0.06445569134250188,0.3191363926690265,0.9722436690987412,4.8138237429294986,0.177645048838646,1.6557746814474736,4.278472445057495
17.77,14.1,4895,72904288358316.14,5.5064051178701305,0.16939751888099647,1.743396824386932,0.062320091717235564,1.763844995139363,0.05168887417497524,0.05902598347931562,0.34838902796646787,1.1419475548935942,6.740116389208138,0.19751680500640664,1.745014802404261,4.2786468406530975
17.78,14.04,4889,73054930174812.52,5.522118569583509,0.1013581139084884,1.5710439470863002,0.03830803053397133,1.8216270211524426,0.07135703348051595,0.06098265638187844,0.3218107396596648,0.854613111103193,4.509867128200267,0.1766611583616458,1.5716337427481974,4.285648949629085
17.79,14.15,4905,72940345329563.6,5.508424705585257,0.14555420313898848,1.5410283332553059,0.0749447005287888,1.6714602614980425,0.48057250657279654,0.10725834141250186,0.006902450839818664,0.2231886758928738,0.014362974879781411,0.004129593146074773,1.8344401804308732,4.27514094848628
17.8,14.34,4913,72349746765425.31,5.482105155894984,0.20317797505125795,1.636724216821124,0.08506732943720681,1.4237048505381245,0.38628163527136555,0.053722480042080814,0.0029708013664295043,0.13907593614783265,0.007690765221966857,0.002086669414174305,2.182054800338645,4.259924424045514
17.81,13.8,4883,73802154527222.69,5.578034518885277,0.16177754160982366,1.6112672184058194,0.08284415474357543,1.6384069342492693,0.49976762676845576,0.07688451346018664,0.004038826440724482,0.15384052375967028,0.008081408687553276,0.0024650935956732284,1.9451098167582852,4.346896833321536
17.82,13.81,4884,73819645818790.38,5.585590249935862,0.3100182789518354,1.8869655274984756,0.1174153097589747,1.5937082710960242,0.18797479327243152,0.02056172907697296,0.24853736687015274,0.1093855655804493,1.3221845468926676,0.15594909769730236,1.9117899373083005,4.3514546540453125
17.83,13.93,4897,73582054030462.58,5.567144679022439,0.18231214838263932,1.5669349737398168,0.07612949940659337,1.5688915916376893,0.3793628843081964,0.038227825569820476,0.0866414996664768,0.10076849146571752,0.22838686453071352,0.055224656775702374,1.937038967145283,4.3356554225674495
17.84,14.29,4917,72723922979528.28,5.510691205048087,0.1372599165474075,1.6665112160492128,0.05138580401156482,1.8146668740708494,0.04985509155984875,0.055169660162367115,0.34035572812407117,1.1066003177657084,6.826900071289404,0.18755824167360802,1.6673425882296162,4.287331138497875
17.85,14.35,4926,72585365363903.27,5.501261519297372,0.16117262603578844,1.696445363827547,0.061254479081167955,1.8101547199162147,0.041412383747011804,0.05864458543851384,0.34883453065103115,1.416112286526985,8.42343519228598,0.19270978707675188,1.6971779626605223,4.27854700793168
17.86,14.06,4909,73275016467608.69,5.5545076585511195,0.15240256087604173,1.5729929631176067,0.07817762483510426,1.6707602955049237,0.4975674560414076,0.08899673464747655,0.004793891258565185,0.1788636567100366,0.009634655965454132,0.0028692872768540465,1.8856899760881316,4.3293051237704105
17.87,13.54,4874,74743536936424.16,5.6572769476812566,0.22200611757339372,1.6821462709303476,0.08952989306795996,1.5672069179751218,0.3909677946538149,0.05464903183804685,0.07783607580287233,0.1397788579656189,0.19908564558825825,0.0496654748713328,2.054669605913025,4.414646614772664
17.88,14.3,4927,72999864427758.73,5.531105980362222,0.18654995519263068,1.6972325212663306,0.09375221873380828,1.655752287599596,0.45283944105299495,0.06353883371698014,0.10459371627928288,0.1403120575567187,0.23097307079981683,0.06316990594705213,1.771966617150164,4.307831726812947
17.89,13.05,4835,76157773977413.89,5.771910821332489,0.11117922741344909,1.6046151091399714,0.040869203115562414,2.015881970548445,0.10544177294758592,0.08220778671611446,0.30345560508332664,0.7796510284114737,2.8779448277503024,0.15053242675748912,1.6053617134950662,4.513652236036906
17.9,13.42,4868,75058355627589.22,5.698007479502803,0.14566483301906644,1.6456815155096713,0.05546661501402201,1.9984793834606875,0.03419534101335753,0.05204416187448629,0.3381859378512712,1.521966453095367,9.88982498285856,0.16922162952997194,1.6463284768022148,4.458019494969024
17.91,14.02,4921,73646134246447.16,5.586594482295995,0.2799409635306482,1.8361221458165493,0.11367419152565543,1.587611604809531,0.35387550157296216,0.06462193727206879,0.17535616495810033,0.1826120683258008,0.49553067160244024,0.11045281127126692,1.8967424390195424,4.3593726453590635
17.92,14.1,4925,73561069177972.72,5.576881589973961,0.23373116232416216,1.8020345313532886,0.10999864624185439,1.666613339063012,0.4124310798278847,0.05925145517707062,0.13700120551764244,0.14366389458766632,0.3321796348975825,0.08220335353529931,1.8205407405101115,4.34820697087821
17.93,14.27,4941,73234926978892.69,5.558680017263229,0.15367989830264342,1.594045347115289,0.07967817585955951,1.6280183493450704,0.5170510018284344,0.07789220056449218,0.004034644925726623,0.15064703537763965,0.007803185587996175,0.002478255191257338,1.9232039845690558,4.333392725110843
17.94,14.24,4939,73230385646339.73,5.557618137147374,0.2704179859794928,1.8214328215845375,0.11180864082528377,1.5718609048784975,0.35861450422667285,0.06351773528339243,0.17277047899023576,0.17711981678031677,0.48177214516965294,0.10991461041751062,1.8873545216502137,4.331175129803086
17.95,14.16,4932,73523628597972.66,5.581971387765826,0.15350307801535346,1.6949893058721173,0.05746978340080976,1.8609614013005547,0.048978698080079736,0.06489625732904514,0.35510479073350376,1.3249894315880004,7.250188442185838,0.1908179237276682,1.696511061214994,4.356027068932866
17.96,14.23,4943,73252257854393.77,5.567427854893519,0.2878138982973876,1.873621252756099,0.1217438631068595,1.6337461433947142,0.3379496462445351,0.0495772779959331,0.1673801900354426,0.14670019201635665,0.49528144768149546,0.10245177361988939,1.8765488890907476,4.340028201953627
17.97,14.38,4957,73084398307675.89,5.55805605359255,0.2761890514216171,1.822520304040848,0.10978240912177402,1.5443291428439603,0.34452213398755444,0.06416379675630655,0.17388959833052023,0.18623998410106335,0.5047269280434732,0.11259879355141465,1.91907728280866,4.33757304506183
17.98,14.44,4959,73066456970483.61,5.5484945184357874,0.14769527449005293,1.569380234522081,0.07717550972200164,1.652243351891861,0.5220258430056339,0.08549023715185092,0.004448987430761304,0.16376629298585946,0.008522542495493444,0.0026926950110993633,1.879554379046833,4.325191644189561
17.99,13.58,4901,75178364443228.56,5.7203057543343165,0.22415270423589922,1.6905248120133995,0.09081544894373454,1.5441776302564696,0.4130279814429388,0.05891827639909546,0.0032757867649208477,0.14264960013910152,0.007931149733431338,0.002121379497238785,2.2409955646372928,4.479548271659496
18.0,14.27,4956,73536108063578.22,5.59218889370704,0.14618046023145043,1.5355341801417421,0.07468469465137881,1.7493946394994186,0.4722936315936268,0.12471207349353304,0.008998171516792266,0.26405622509184795,0.01905207039618632,0.005143591567976367,1.8256532637578389,4.362140662837378
18.01,13.63,4913,75140421738265.52,5.708061729645056,0.22419282919720884,1.689913899049412,0.08916723830104561,1.63228098846593,0.3898860806405559,0.05496172305915279,0.1342309185288502,0.14096867210251382,0.34428240759023265,0.08223517854913247,1.9319987639237528,4.464503175829041
18.02,14.22,4956,73586424982222.2,5.602604838442794,0.28156920021658777,1.8410083567464874,0.1150912493831113,1.607307123064228,0.3536502771065172,0.06361690023821928,0.1749441958819114,0.1798864707776216,0.494681348232676,0.10884304148941461,1.894622382253472,4.372211453983449
18.03,14.1,4947,74072458462852.61,5.6400641159013665,0.16256277041697734,1.6202794905615707,0.08325361648616204,1.6655210125126074,0.5175223072881134,0.07714194429329281,0.00402658175833527,0.1490601336540003,0.0077804989304424395,0.0024176109025852294,1.9567878988500602,4.409338108499307
18.04,13.89,4941,74621520080329.81,5.682354507331739,0.32644905381263095,1.9210201890736371,0.12473078615258555,1.661770607137327,0.26923660351441714,0.03512228557069749,0.20764288948424267,0.13045137664135165,0.7712283054154773,0.12495279949736364,1.9225420445261125,4.444172249562014
18.05,13.2,4894,76424343459144.98,5.818454669276614,0.18351622246244534,1.6088346154141977,0.07264621287642033,1.8793372014038314,0.3494637185792989,0.03977477678440193,0.22131557553348538,0.11381661291221107,0.6333005796230183,0.1177625682970393,1.6095376365140703,4.563785053173337
18.06,14.16,4959,74020409589421.72,5.640280078921081,0.18213089889260778,1.7660267016018645,0.06613092698528084,1.8684294291520185,0.05279357820528626,0.06284667261516202,0.35138045359146236,1.1904226754773963,6.65574233716703,0.18806193485773526,1.7668414321777992,4.408863661423069
18.07,14.29,4969,73732289946771.42,5.6219768546191355,0.2938970006250567,1.8784776323946724,0.12282536856878012,1.6595293448686226,0.3435114048527194,0.04993459847538581,0.17333327554631317,0.14536518371724885,0.5045924912467749,0.10444724950617561,1.8817663089021384,4.393074062669843
18.08,14.28,4970,73700941995322.28,5.624925537789611,0.30735124453717033,1.8860543906718605,0.1196806493999172,1.6329769869291915,0.27851825076434095,0.035218573213340945,0.19997662978674782,0.1264497860254766,0.7180018876247771,0.12246138885447694,1.8982302700769924,4.396398271289913
18.09,13.47,4908,75719643169471.86,5.7817517625169135,0.11867367399901148,1.5983862957511255,0.04441578090779803,2.035654938656325,0.054512352339789585,0.06534700703819807,0.33595692578904096,1.1987559559138685,6.16295043910295,0.16503628361042175,1.598987842252428,4.527453859165902
18.1,14.29,4974,73788004807963.86,5.639175310435807,0.2957451808103942,1.8631566276811986,0.11664107014968048,1.6028496103883112,0.35176835658860417,0.06812709084486285,0.18074262083986464,0.19367032187189598,0.5138114826264619,0.11276330584506764,1.9197374945601227,4.411805728940836
18.11,14.2,4974,74161573662062.47,5.655147743224958,0.28850720414934977,1.842956329399918,0.11178854409497493,1.586651643152454,0.34498842223431875,0.06370586284350266,0.18121585696808518,0.18466087189509553,0.5252809812991405,0.11421275599477823,1.9410845116122084,4.421066799969575
18.12,14.49,4996,73427118266364.97,5.61564211353432,0.28694987887205214,1.8465936099778297,0.1162872894961443,1.601928692145349,0.35878911300139665,0.06628950351327383,0.1782350866753361,0.1847589603785324,0.4967683806912009,0.11126280935553913,1.9020592632399809,4.387822646346738
18.13,14.61,5001,73355342188083.7,5.601865878339861,0.28737352678751954,1.8497941513129412,0.11611046895325033,1.6006489669513844,0.3569599607644961,0.06583907671314095,0.17899515330900267,0.18444387032129408,0.5014432232837859,0.11182661345786456,1.9019869068196997,4.3835038252705685
18.14,13.94,4958,74825606097724.8,5.716552759368306,0.1577869149783935,1.6856610032093895,0.05923513390168124,1.9829194935771404,0.03867116163976537,0.057239533196531626,0.3607059922165245,1.4801606874325826,9.327518929392912,0.18190652388303435,1.6863872986015431,4.477720369346473
18.15,13.7,4936,75419616010541.81,5.763292992720529,0.11709915065217956,1.6054201281265916,0.04350405132858346,2.036536608734687,0.063563499868458,0.06839951001030202,0.3257959467596064,1.0760815586280168,5.1255193221554425,0.1599754923934441,1.6060365450639047,4.519238159873524
18.16,13.85,4949,75190122966070.67,5.744326840694351,0.14640105189597638,1.6549117476798814,0.05523656451434283,2.0196179158428493,0.03714393653349861,0.05526004484157839,0.3456476433996621,1.4877272039203921,9.305627665175889,0.17114506693975953,1.6555773149840232,4.502676587580573
18.17,14.36,4989,73930037768880.6,5.651804886908605,0.23745582527865688,1.7522012112953573,0.0915079663300251,1.6969176813303606,0.22932892108096264,0.10099833810818903,0.2557723695746792,0.44040820334445485,1.1153079531751728,0.15072762361351383,1.7564881642655057,4.42253155401044
18.18,13.78,4947,75425171778435.75,5.768254341590599,0.1176804241903302,1.6019296439805455,0.04385108696347745,2.0422033429926487,0.05959402541905086,0.06679250595207442,0.3299277437200065,1.120791983464879,5.536255377951631,0.16155479563388125,1.6025360553340195,4.527316517054568
18.19,14.11,4978,74568955260487.95,5.71420276552068,0.15323841822941853,1.7098305176913957,0.05587776860367478,1.9335741275657485,0.058933176644085816,0.06155750177810075,0.3589084287528571,1.0445305222534325,6.090091340577261,0.18561917210006365,1.7105701326234748,4.473184525806115
18.2,12.86,4901,77462662517439.45,5.96516647536591,0.195601203255305,1.6888548956116727,0.0929340516165372,1.8795820487374484,0.5237615047640106,0.084446770282818,0.031586411439438446,0.16123134196520778,0.06030685942387122,0.016805018679900485,1.9737187455205205,4.703861652179869
18.21,14.24,4988,74353286648870.84,5.702467323653555,0.1427815573747666,1.6944739034035043,0.05186692241892199,1.9208257538771283,0.07565106831519657,0.07551261861706104,0.33163646166987176,0.9981698910376431,4.38376442072337,0.1726530691295,1.6953411568495538,4.472553764177116
18.22,13.76,4956,75495845659843.3,5.78894423575541,0.1152014424386479,1.60900967176952,0.04241007351193056,2.0567376100990384,0.07711492687002311,0.07054249767258136,0.3210233591308392,0.914770985797347,4.162921138107577,0.1560837695360571,1.6096380522941671,4.546447821873137
18.23,14.41,5008,74032491719164.25,5.682704890703651,0.23817782442830926,1.761056772872078,0.0910332454417933,1.7168453762646754,0.22211592623612242,0.09924010027625788,0.26379611393761004,0.44679416716278036,1.1876506039336374,0.15365164363930595,1.7618667210180619,4.452960137043617
18.24,14.36,5004,74317776916388.22,5.685432736511857,0.1434053855128697,1.6926680753090695,0.05235484159432405,1.9120962212526054,0.07003913471348569,0.05961723212885242,0.34589636084287445,0.8511988672152088,4.938615564824701,0.18089903478616748,1.6934069897353015,4.45204287391638
18.25,14.52,5017,73972196480553.11,5.67147841597363,0.1602471626367026,1.6115067136122747,0.08239021384802558,1.694351376152564,0.5293341443200462,0.0800200561159761,0.004169436210526761,0.15117115903937295,0.007876756591779267,0.0024607860383685457,1.944289624080446,4.443076763038268
18.26,14.05,4990,74997459805283.12,5.756540921622888,0.16730258394227912,1.7318197119464662,0.061105210405236185,1.9701044277591324,0.05479666392240493,0.06272851513784074,0.3623265267675935,1.144750622531834,6.612200466814324,0.18391234579362717,1.732591688436198,4.51977588110689
18.27,13.72,4962,75813612591941.08,5.817301663925606,0.10471219368037966,1.580972628696218,0.03852788452265235,2.0532391610176273,0.10406730239160536,0.07147148084349489,0.32333634589426435,0.6867813347803293,3.106992671699602,0.1574762219779659,1.5815728982798862,4.575314246922415
18.28,14.36,5011,74429136056538.08,5.71071182374966,0.156770706971317,1.7132531349337812,0.05740077686516534,1.9373599412576863,0.05931395017438373,0.06443483973324739,0.362147819342454,1.0863353316346016,6.105609528243104,0.18692851629179272,1.7140019179597212,4.478555188016803
18.29,14.39,5015,74377259948968.53,5.717469572859776,0.14647202657864675,1.6519342786746989,0.05540826461820047,2.0074053092698674,0.0341145364858157,0.055919250932119385,0.34871574973589925,1.639161972942817,10.221910823290532,0.1737146694419843,1.652619878606764,4.484907424194738
18.3,13.79,4973,75777461161370.81,5.825974825500495,0.11339317408236403,1.6086776986216544,0.04151280425462411,2.0701376605393005,0.09323668941249957,0.07350269946241508,0.31902283447635266,0.7883452311055684,3.42164481049864,0.1541070628091673,1.6097971446811326,4.581753191062146
18.31,13.77,4980,75858266840903.42,5.829161091675444,0.18760659547280725,1.6052797455478507,0.07475628679163737,1.8657600527766633,0.37543194078927056,0.04072078737778036,0.2064728406481424,0.10846383313090795,0.5499607737532255,0.11066419840046697,1.6396053936881667,4.5866687469975
18.32,14.55,5033,74023984604059.73,5.7010245312177945,0.2413214783552411,1.7617419634697928,0.09254655236886791,1.729146891270721,0.23182463144624302,0.10305851345332077,0.25477695897247693,0.4445537681237235,1.0990072857359692,0.147342577000642,1.7665864061943932,4.476837699249597
18.33,13.8,4981,75965357695080.44,5.840117436374887,0.1104735254872138,1.605013398562765,0.04025093434086112,2.058784324345419,0.11903489779432248,0.10880370840148647,0.29981173636058867,0.9140488244841085,2.5186877286913463,0.14562561644523517,1.6056399887991566,4.592018786929885
18.34,14.09,5006,75218693230598.4,5.79352242284561,0.13853563199268362,1.6407818184717138,0.05198993452756198,2.0538509742084754,0.039970794971480636,0.06047897029342308,0.34822214342999447,1.5130789952157602,8.711914378446881,0.16954596404648797,1.6416465917634078,4.557625678665593
18.35,13.33,4963,77033471157483.44,5.940441440119133,0.1608924766072608,1.5670999510154888,0.07987042630065058,1.9758689852350595,0.48152277404580185,0.14763595482577369,0.011360298982200747,0.306602226900551,0.023592443793987967,0.0057495203715894495,1.879206952531721,4.683091776363027
18.36,13.61,4974,76502617883829.5,5.889021545365468,0.10244570436173035,1.533532282281159,0.038350248448795234,2.1236878046389727,0.11865210594672995,0.10421029446768205,0.3070686967594406,0.878284406637235,2.587975108484818,0.14459220234192677,1.5340943404645564,4.64088888368878
18.37,14.13,5012,75314628760244.78,5.798488472119815,0.11665661108721756,1.5947768062081336,0.043512070906906904,2.0497184586093717,0.058069898645895485,0.06685600280324845,0.3402121948489096,1.1513022127166048,5.8586669304089884,0.16597996345299346,1.5953728886211997,4.560942064784548
18.38,13.52,4977,76731750894589.03,5.918161451023742,0.17915059054693908,1.5446407109695777,0.07574826573070541,1.7650053593054529,0.4982659138984888,0.05357515241728522,0.021762550668948215,0.10752321385604562,0.04367657923592557,0.01233001959694445,2.0790903528566487,4.6658494971176285
18.39,14.04,5012,75591498047358.17,5.821672821527927,0.11473188538216096,1.6096752891431636,0.042084491680678446,2.073714608033018,0.08656254590648546,0.07428666627188692,0.322520509486089,0.8581848592131253,3.7258667257142797,0.1555279150933935,1.6107686286875142,4.583998698391698
18.4,14.02,5013,75596729206475.42,5.829262280551351,0.11640757275792965,1.6049140149611962,0.042984003607540434,2.078811863557156,0.06953262113189768,0.07061634378415489,0.33251450728437115,1.0155858161912448,4.782136813936849,0.15995411278603608,1.60552635556017,4.588877127346582
18.41,13.53,4990,76815425021699.5,5.921909581153697,0.17030421481268962,1.5408284270870778,0.06943622888231085,1.799736562971197,0.48761765819369995,0.053132608199688416,0.08818499015753882,0.10896366714140233,0.18084863965797654,0.04899883236908497,1.9242548296194228,4.670494489301871
18.42,13.54,4988,76760493347033.48,5.92556788283736,0.16867732311341113,1.542923742067543,0.06801568497009716,1.8381806807609875,0.4819325631513549,0.05292098776503223,0.11952226395322514,0.10980994398673151,0.24800620064282353,0.06502204337374723,1.8315092851964017,4.675102314413368
18.43,14.09,5020,75495793373325.11,5.838869880333323,0.11050413723525698,1.6046451007051763,0.04030858495894462,2.0723395724389957,0.10159657359924198,0.07465032220181274,0.3191272222238833,0.7347720455246702,3.141121899275,0.1539936921864081,1.6052558807719313,4.59430529559225
18.44,13.89,5021,76145114480211.75,5.87204420002737,0.18886567356720127,1.599282766340596,0.07535610129279191,1.8726429319370572,0.3933544334497173,0.04143856361094207,0.2000137461222179,0.10534662911391637,0.508482246832959,0.10680826692108579,1.661135571568023,4.627535613013201
18.45,14.47,5058,74783676666560.7,5.774292175918527,0.2244393277894292,1.6951680441145947,0.0883865229476377,1.6839328586054847,0.39785510968547805,0.056951571925435485,0.1558669506241121,0.1431465137407892,0.39176812570619435,0.09256126206432612,1.8939673134190584,4.541744792095564
18.46,13.54,4998,76841721028234.33,5.94620338606886,0.18540543384369168,1.5510246803801364,0.08008553353282911,1.799007057829296,0.5105780824986177,0.05448139541363065,0.003070510070747685,0.10670531556508431,0.006013791378825976,0.001706780447238823,2.0932181132691197,4.694803282224506
18.47,14.36,5050,75143814980770.17,5.80218873848393,0.108628191393999,1.591109520286156,0.040013484628403005,2.009891701566804,0.07997973021442822,0.07125256388220955,0.3468919644607498,0.8908827735624906,4.337248494471304,0.17259236614108683,1.591704986058781,4.570747622201269
18.48,14.22,5042,75546622358944.88,5.844058826105256,0.10921362515720537,1.6012590011592664,0.03982109027552945,2.0757176892316123,0.10728259257810195,0.07652626278102281,0.3186613606327824,0.7133148159643097,2.970298843223762,0.15351864190681164,1.6018730332984246,4.60792068894108
18.49,14.32,5051,75376087045061.34,5.829644184751121,0.10800710922818692,1.5973235875898784,0.039431693093325774,2.0635831807879947,0.10776427479178564,0.07722773477489732,0.3181042769981482,0.7166357767832724,2.951852806626002,0.15415141970515464,1.5979379482702143,4.5936828068107305
18.5,14.67,5085,74696895652288.34,5.771939509750498,0.30721768841465297,1.886721945329047,0.12185610001800493,1.7088371125492696,0.37421987786887884,0.06855250881509976,0.18899213849356,0.18318778041801284,0.5050296621596891,0.11059692998568986,1.9167747770529429,4.546972641378705
18.51,14.87,5097,74151635837939.73,5.741094447265048,0.2364215270535998,1.7550414857974008,0.09037114226497765,1.7533988091958104,0.234916231815515,0.10049454562372971,0.2690702565827216,0.4277888541250327,1.1453881006997786,0.1534563929047777,1.7558114659046993,4.515186240291567
18.52,14.47,5065,75072925864289.77,5.804276365213621,0.12869471130818674,1.6236610131137486,0.04806167756222548,2.0562340935447314,0.04684026375972301,0.06681354041755033,0.3477405733920658,1.426412557373384,7.423967020678497,0.16911526488338574,1.6243191154323644,4.570801325104729
18.53,12.82,4966,78340176506365.14,6.12426274836193,0.2446344560075889,1.8051103234323957,0.11131468640929248,2.036474684942001,0.5139389237515773,0.07885980078237284,0.12155851655549325,0.15344196973197402,0.23652327336516546,0.05969065928209918,1.8419644125076358,4.8595134421978035
18.54,14.43,5069,75238209204887.23,5.8315163500751215,0.11336799099060092,1.6062017348866686,0.0415513887988215,2.0827599589625763,0.08307559101232345,0.07309874987665045,0.3257604644775298,0.8799064681442588,3.9212536499343886,0.15640806953086964,1.60688958864133,4.5985445445674324
18.55,13.41,5006,77497937765146.7,6.023441837272059,0.1702642366688333,1.6001573016460127,0.08369202755364101,1.9821186402772009,0.5306054623517523,0.12296124360755158,0.007593231429600987,0.23173761359817538,0.014310503695054754,0.003830866263655675,1.931668509016451,4.769223992543355
18.56,14.58,5084,74990848082169.53,5.815992548736438,0.11390156739844833,1.5985422537283331,0.04206954910890349,2.067427344925525,0.07072044509088125,0.070839113627642,0.3349010096212661,1.0016779947666936,4.735561395165038,0.1619892522188393,1.5991452506814692,4.58759250716788
18.57,14.32,5066,75655945444583.55,5.862920672368738,0.10019696865809595,1.5279338810023135,0.03749804030314896,2.1020804983124064,0.12520051661179968,0.1080409114220112,0.3077729485224801,0.8629430160979763,2.4582402441418814,0.14641349309389748,1.5284951335267027,4.630275640428538
18.58,14.44,5078,75328960388778.39,5.83899894827437,0.11377518436360354,1.6056444029719061,0.04169234202671823,2.083264775660452,0.08041592063850427,0.07424853584047428,0.3298215356926629,0.9233064205562679,4.1014457469848296,0.15831954706194293,1.6062349624827337,4.60337377485052
18.59,14.51,5086,75312264550651.08,5.841998942962332,0.11068637684484348,1.597362874142061,0.0406329267641754,2.0399771251437318,0.08065970793927983,0.07254523591432277,0.3479638673428989,0.8993986931980266,4.313973807155912,0.17057243586414345,1.5980040603712415,4.608382831695846
18.6,14.49,5086,75301012716847.39,5.845366103599472,0.10930733331125839,1.6036402628004092,0.03975280177249454,2.0676446185639406,0.12076688409840236,0.0955179585981897,0.30663113516095847,0.7909284015339875,2.5390332577522794,0.1482997283033705,1.6043368425562876,4.611082667340224
18.61,14.17,5063,76026652127247.5,5.9057483513444105,0.10468834353758683,1.5298793047887058,0.03942666554936401,2.095229877395982,0.11427518344510153,0.07837187816021111,0.32686021652954644,0.6858171284219502,2.8602904556838626,0.15600207884386352,1.5304608919265836,4.65903066462277
18.62,13.7,5035,76987953264169.78,5.985182679800838,0.1692165444076602,1.598872562482663,0.08304735195880743,1.958209491284516,0.5270087822556898,0.12048354171864664,0.007387925420936002,0.22861771146005574,0.01401860020114729,0.0037727962477037045,1.9301151593047656,4.738293943502941
18.63,13.71,5046,77159743607280.8,5.9964534184554985,0.1707416726131618,1.610212815601701,0.08464069027251879,1.9447300876788085,0.5462072632183889,0.11213446851431906,0.006341443811058867,0.20529655327831953,0.01160995877955468,0.003260834936033663,1.9418741613454469,4.747204975917524
18.64,13.92,5058,76635438170228.56,5.963452823092877,0.15817093736154653,1.5568293699935634,0.07904682213222977,2.0319481690124648,0.43792918575833106,0.17615431041645913,0.01619527174886956,0.4022438242188064,0.03698148530755115,0.007970317351520107,1.8579643186406256,4.712201828133175
18.65,13.44,5032,77796614262448.92,6.057852061029351,0.19108045266984752,1.6762299325324599,0.09249334538391135,1.9452612236024405,0.5577574373702613,0.085878082207254,0.040690193967475904,0.15397030403064757,0.07295320732848275,0.0209175988673241,1.9389912807495475,4.8013927498458715
18.66,14.38,5096,75764140148781.61,5.8941274357879,0.19750253819713462,1.6077648064740182,0.07987972040415732,1.8290753579642856,0.41694565288462176,0.04145605615217669,0.13747693393295632,0.09942796109124687,0.3297238692424964,0.07516198462482412,1.8340288216752072,4.656601434321135
18.67,13.56,5038,77616079811490.77,6.05528734401384,0.18393427691413133,1.6594435565099748,0.08974490924629164,1.9098298766656723,0.5703397290512311,0.08837334885815037,0.004678658268048064,0.15494861107635058,0.008203283113086096,0.0024497775038562204,2.026521068978677,4.801182200726313
18.68,13.47,5035,77831956409116.19,6.066141615661007,0.19718839453046025,1.6964622370396631,0.09456453666780044,1.9731060446523447,0.5534170818725589,0.08319284588703714,0.0706321545062135,0.1503257644407059,0.12762915497154587,0.035797444692669156,1.8697089553628405,4.807964753681169
18.69,14.5,5108,75647388552884.16,5.894118383282113,0.19278364701290082,1.5949603432652995,0.0781132269194568,1.7907124589766616,0.4214772799821783,0.04231367584956647,0.1149819202960603,0.10039372905546808,0.2728069240195395,0.06421015262370432,1.9074037474045415,4.655783625291771
18.7,14.7,5122,75267379671767.48,5.8622985520127004,0.1939222154113085,1.60077641242078,0.07825016058981814,1.831935550616404,0.40879054115088914,0.0410129013323856,0.15429482235403918,0.10032742249103871,0.3774422517694392,0.08422502762290003,1.7875012953394378,4.637459989548793
18.71,14.65,5118,75376659689478.7,5.869639526197279,0.11163616486755755,1.6027535640094488,0.040683960171677934,2.071038703312666,0.13670283986769524,0.13559988106756352,0.28773233516011526,0.991931705287182,2.104801446982305,0.13893141383590846,1.6034810767342034,4.637739118565963
18.72,14.07,5087,76599077331524.3,5.978004063014217,0.16262720106513145,1.5741131830067638,0.08043093840734233,1.9889774019658213,0.501734494819607,0.13989947143079318,0.010013102798294517,0.27883167865723973,0.019956975056886643,0.005034296914785451,1.891373481174811,4.7286798294487316
18.73,14.54,5114,75687651869903.83,5.901418182559964,0.1014711944940388,1.5307429840635194,0.037943001997827235,2.121354302266908,0.12639481862802326,0.0971307392599671,0.3136369478657529,0.7684708939360908,2.4814066847849077,0.14784750832550517,1.5313891653007319,4.665518964448197
18.74,14.48,5116,75992644173595.27,5.917725787826092,0.1666038665185615,1.5317378691247905,0.0678471108513529,1.7890035177590307,0.494122478526695,0.05462003046682457,0.08511912408570123,0.11053945699795506,0.17226320959835195,0.04757907027054059,1.5306281580040413,4.67999583105178
18.75,14.47,5114,76014367146591.31,5.92974477722352,0.10273776123125243,1.5289879220640055,0.03850402452835355,2.1381601685700518,0.1290364047434897,0.12460786035252727,0.304267469068246,0.9656798839074453,2.357997106886979,0.14230340343105938,1.5295362111716395,4.690167442359116
18.76,14.59,5126,75742837282130.56,5.915297809201693,0.19558911472883572,1.6075094468828806,0.07857419693137753,1.868942406662854,0.4194866087453048,0.042540153743078936,0.16464315191655032,0.1014100399302796,0.39248726534799816,0.08809428868947002,1.7582022255813492,4.683009300062479
18.77,14.19,5106,76630231151328.92,5.983822972752883,0.19160296431588505,1.547335075937203,0.08821807202983452,1.9142232481267953,0.5489010586236527,0.06778044774001316,0.005673686861305531,0.12348390784665254,0.010336447292581421,0.0029639629896134846,1.9610282951010443,4.7433505802142895
18.78,14.51,5127,76021363839613.45,5.929711876537915,0.1639187570718305,1.5289532996537059,0.06577040191444317,1.8793114898991452,0.4807083340899966,0.05505709892617938,0.1626304016434924,0.11453327313412415,0.3383140880038192,0.08653722521125015,1.7026705081089746,4.6989593042639335
18.79,14.85,5150,75123336734411.89,5.876227370053988,0.11033039627680169,1.6034710717387954,0.04015246185195291,2.105116100755607,0.10346844524679907,0.076915545727456,0.3253857653802656,0.7433720062574872,3.144782591486092,0.15456903553370388,1.6041857540289846,4.648909062177834
18.8,14.45,5129,76118169286359.28,5.949025595337155,0.16632449732089008,1.530072980308104,0.06754109405787331,1.8003114995026992,0.4981204040758147,0.05509523736388093,0.08447482711319931,0.11060626489714191,0.16958716491433287,0.0469223393487926,1.947609434352118,4.704723634652839
18.81,13.94,5095,77285791222670.0,6.046506119232159,0.17253318921463126,1.619435142382111,0.08473880373753144,1.9514221482149525,0.5761244215846939,0.10068886423330106,0.005396311210049454,0.17476930409640545,0.009366572580287958,0.0027653223137728993,1.9675063133125763,4.79868566602036
18.82,14.28,5121,76463048816363.1,5.981154651886766,0.15805468179493423,1.5603116983421836,0.07912904113697479,2.004701353333919,0.5044711037564814,0.15010657023906795,0.011353887555565116,0.29755236548004044,0.02250651716425342,0.005663630413918278,1.868665517767381,4.7329960902978305
18.83,14.43,5133,76436133390892.05,5.971004956953533,0.16910250334597957,1.5325096623450365,0.06920214120288803,1.797004523273658,0.5088404919483611,0.05593676970998988,0.059032416356075035,0.10992987113860925,0.11601359815143376,0.032850455072051726,2.0154099928046905,4.728162368940858
18.84,14.73,5154,75856909844767.27,5.9258323055735715,0.19503218401141623,1.5996377826043993,0.0788751307143552,1.840668284878683,0.42687536852617036,0.042191096701835906,0.1345813505595326,0.0988370372539996,0.3152708272304118,0.0731154829282033,1.8488284997226525,4.694852089363692
18.85,14.48,5139,76368383377416.03,5.972969553227301,0.16886290763757908,1.5325262516859286,0.06904473821586488,1.8026440948071718,0.5059747963785282,0.05569767208532671,0.06598964760559937,0.11007993379112574,0.13042081953076456,0.03660714158479423,1.9972289403080812,4.731148100027041
18.86,14.04,5113,77261530849520.27,6.052165667634852,0.1782808966621399,1.6460257362775674,0.08764801158351573,1.9184873375474565,0.5819726384688477,0.09087292184688721,0.004782909347740217,0.15614638187453467,0.008218443671722963,0.002493062765717579,2.0034763576869175,4.800759479727399
18.87,14.9,5173,75407376232790.56,5.908585043296715,0.1828799568273759,1.5932522876593078,0.07234651810187404,1.9074673106250883,0.3982782354751525,0.04367017857738712,0.2176102906359972,0.10964741401268858,0.5463775603414145,0.11408336563560034,1.6232322011827751,4.679806546755978
18.88,13.54,5083,78337246003450.31,6.149566672206071,0.22791121895615832,1.774028605332815,0.10568588227243782,2.0450267440713708,0.5393515478763475,0.07869356755485418,0.11627342561049425,0.14590403580874783,0.2155800350778844,0.05685667727699719,1.8255493541635146,4.894578319592065
18.89,14.69,5164,76166376692526.89,5.95821836853608,0.1670495406359527,1.5287728883221556,0.06760394703184093,1.8266770782995143,0.4946048426829091,0.05528259781636488,0.10976519826361028,0.11177124250642755,0.22192503750712503,0.06009009450416525,1.8863286933566352,4.726234634416027
18.9,13.43,5078,78766567967255.62,6.183880907202878,0.17421999714921285,1.6102532392008422,0.08459724317857359,2.085625539442938,0.5503595034104356,0.13096974659780056,0.00815617416322348,0.2379712638488386,0.014819720769209538,0.003910660858804961,1.9471828620609106,4.921444525312881
18.91,14.88,5173,75570394374462.08,5.947115254936512,0.10488886251038855,1.5329998865446086,0.03935816398916524,2.133500744501261,0.1228692729581107,0.08818306916322435,0.32634191160849285,0.7176983068280076,2.6560091367981906,0.15296076762550198,1.5335639856745664,4.716589549983738
18.92,14.86,5179,75794344189486.06,5.949473011320963,0.10236995608006874,1.5776812133293894,0.0371432526674697,2.1275055864305417,0.13672788342581652,0.093126090260611,0.32365131861943136,0.6811053307289567,2.3671200819475318,0.15212712985747917,1.5783161032097752,4.718230626799592
18.93,13.58,5097,78305547021087.05,6.164425001036657,0.1871338790963205,1.661368430408791,0.09063878766844795,1.9902938462596982,0.5812478770114272,0.09497795847198673,0.005088250013053683,0.16340353613045452,0.008754010490697498,0.002556532053101548,2.0278973472477047,4.903944354286333
18.94,14.3,5145,76874754762167.06,6.044326544048528,0.17093286033493252,1.6146254388707013,0.08416508048577688,1.9614788992173113,0.5746608693650525,0.1032545485718871,0.005573028319722005,0.17967910132105203,0.009697942937857749,0.0028412379668962076,1.9573525120741744,4.804424994593854
18.95,13.8,5118,78004364798309.44,6.133638352939424,0.20192136219720333,1.7118479719951794,0.09681311837979885,2.0305713935486494,0.5672093168048349,0.08173635519666393,0.09166822732160429,0.1441026315595372,0.16161269676948103,0.04514405532001703,1.824058822772698,4.880987231143884
18.96,14.18,5143,77300944876716.42,6.081363475328394,0.16673762149264895,1.592130017620897,0.08274532149665259,2.0217710367555326,0.5609882610738689,0.12466040351561188,0.0074971750834245225,0.22221570782422673,0.013364228101802154,0.003708221627042262,1.91993061193949,4.838426985821402
18.97,14.34,5156,76941415724468.03,6.048568037584143,0.1641196688750125,1.585987857512687,0.08142316614095249,1.9993961242368854,0.5607531037344774,0.12280232343528864,0.007399915311978821,0.2189953521745229,0.013196387612832119,0.0037010751507799214,1.9116403605233594,4.805787494656439
18.98,14.49,5167,76663043229944.06,6.038161528764074,0.16407936258420355,1.5863361329935681,0.08139901909584679,1.9968631811731312,0.5590246881756871,0.12260079218331502,0.007349240109363879,0.21931194592390657,0.013146539437009984,0.0036803924167935712,1.9118685306616752,4.8010336455169025
18.99,14.87,5196,76100673345471.44,5.975160294914103,0.16822988414085263,1.5291260715009325,0.06916806396351714,1.783716169747265,0.5151134711117603,0.056918832769321206,0.044577032821026506,0.11049765917881024,0.08653827810951378,0.02499110204699363,2.0548924736145557,4.738032188758637
19.0,14.37,5162,76923640524795.56,6.053526827368846,0.1706577350437364,1.615064040956045,0.08387508325677469,1.9643104971955643,0.5805458490781873,0.10293300114960056,0.005525547254647722,0.1773038276185102,0.009517848182742835,0.002812970384537738,1.9586187199961496,4.8139257302253595
19.01,14.37,5165,76933579736923.23,6.069107970417519,0.1735312087282192,1.627200604917621,0.0855135036757595,1.9577511712340991,0.5831676628995396,0.09758984463666999,0.0051886922555458405,0.1673444034112733,0.008897427936500108,0.002650332857303345,1.975766715669673,4.825441820608305
19.02,14.74,5192,76453911691857.02,6.014617257725008,0.16198396619813143,1.582041863900671,0.08068114346012081,1.9792442019168037,0.5651615308871211,0.1198121833653203,0.007062464151623697,0.21199635293161917,0.012496363898897913,0.003568263150542029,1.9061494221004258,4.780815424037518
19.03,14.57,5183,76761364374301.1,6.044356704977099,0.16383770028049485,1.5881859765196338,0.08152888219247297,1.9896771123094916,0.5669405594398722,0.1195655889756454,0.006963487088896194,0.21089616360094998,0.0122825699677864,0.0034998076048698263,1.9129030886617882,4.798045408928003
19.04,14.76,5197,76543948548823.42,6.025124703993307,0.15993541068897332,1.5678767133189697,0.07969285744636123,2.0265259415039747,0.524090122737424,0.14469772083317856,0.010359997127959724,0.27609320335478643,0.019767587058972715,0.005112195662430608,1.8800542661228552,4.791479681142204
19.05,15.13,5225,75524951881883.2,5.958658128590216,0.17219729510564366,1.5273952535399202,0.07194557033330864,1.7562832898659502,0.5131258366610087,0.05687697693095839,0.019972607748677318,0.11084411048382577,0.038923410831624164,0.011372087785565473,2.1227439482965758,4.726048004766678
19.06,14.28,5167,77282394917248.67,6.106776762008972,0.18578099977347673,1.6683144064966626,0.09135646398619311,1.9866749108427013,0.5838465403658335,0.0896124783173735,0.04373733884675841,0.153486356639577,0.07491238848371516,0.02201534765856888,1.9149233469855202,4.859854911695333
19.07,14.25,5171,77444286432048.61,6.114289900756042,0.17890644437350664,1.6453464892624954,0.0876579565652178,1.967904686701105,0.591219738275437,0.0946881744205738,0.005012067772406394,0.16015732948425437,0.008477504129050874,0.002546905755282472,2.001064629847131,4.870187908126477
19.08,13.49,5121,79178817416701.31,6.251097062282899,0.2163048619851777,1.7430385121824006,0.10164523140670455,2.1172400207731403,0.5696096349337444,0.08797969578583488,0.10819168748698763,0.1544561229131394,0.18994005868522962,0.05110034121095061,1.831349620310058,4.988113936645856
19.09,15.1,5230,75783880490221.86,5.987712948690194,0.16756682234273843,1.5303801932942225,0.068151656903466,1.8120219982426728,0.5092583087102877,0.05644329964126007,0.07175462602206224,0.1108343225350696,0.1409002559109601,0.0395992024885189,1.9922811863150116,4.757239942977788
19.1,13.55,5127,79209697434325.17,6.252954814407398,0.1979536564719356,1.6925033765271211,0.09425647934470437,2.081943768417184,0.5875798177256919,0.09472093940107013,0.04615227783144721,0.1612052295596205,0.07854639733897927,0.02216787913851049,1.9388411338075888,4.993320588822531
19.11,13.75,5144,78862062385017.94,6.240895825300638,0.22569032311041332,1.7678312638164166,0.10456048082420466,2.1064192672362907,0.5585265949488107,0.08310469735581442,0.11563486559344109,0.14879273092345946,0.2070355586273185,0.05489641468441315,1.829714807803384,4.986386679612835
19.12,14.18,5174,77826492545062.61,6.147528720471837,0.18401075899555563,1.6581214370555626,0.08972987967055158,1.9766122100761792,0.590826937532834,0.09195608402604818,0.00487107121305097,0.1556396267408473,0.008244497506142008,0.0024643534974739625,2.0257188337802154,4.902446364562333
19.13,14.53,5201,77094735059250.17,6.100821811492439,0.17582358945931784,1.6363648226732996,0.08675520173344037,1.9667624734795213,0.592028687884341,0.09563085896499321,0.005060813257377595,0.16153078545355168,0.008548256800633751,0.0025731695238338553,1.9879707197981182,4.8600399550206586
19.14,13.99,5167,78312791459123.67,6.209103387124515,0.2457049328382478,1.8072842930447182,0.11179084444266028,2.0740014626944627,0.5342590630544626,0.07801536544820074,0.12596801433365976,0.14602534770710632,0.23578077199753283,0.0607367046742614,1.842300944074779,4.957192044211313
19.15,14.72,5216,76885753382512.25,6.071873956528938,0.1711936627084214,1.6194579197516532,0.08521888885217756,1.9656625668377852,0.590027914972941,0.10205576378637977,0.005431156306888508,0.17296768711538013,0.00920491415586258,0.002763015584931119,1.9605288800451162,4.827385671848325
19.16,14.21,5184,77843621500571.7,6.1545848216237395,0.1903464395900124,1.682544944250497,0.09215084332154298,2.022226645639321,0.5853226141485777,0.0935658151810226,0.04457974937040938,0.15985340890531857,0.07616269778890399,0.022044882786279193,1.9225402552539272,4.909444049388363
19.17,14.78,5221,76743139252951.22,6.07280992922375,0.1700188508742966,1.6164274230927431,0.08426601063765081,1.9715039153776637,0.5903853790943755,0.10220437986747029,0.005447728997312257,0.1731146865870005,0.00922741177240674,0.0027632351905670363,1.9586793505883995,4.836425582149576
19.18,14.42,5201,77502554062457.86,6.142977853072541,0.1965195154694788,1.6994625848059546,0.09488494397972327,2.032038457638502,0.5773455878097403,0.08423542595904294,0.08396145952058685,0.1459012205819473,0.14542669294331853,0.04131883390541791,1.8413677087165539,4.897038490805578
19.19,14.28,5195,77888393329666.44,6.168832757410664,0.19267829267271092,1.6934321626855886,0.09416740420899639,2.0669643417952064,0.5898188509059823,0.09361904528499812,0.07717697889467322,0.15872508167752863,0.1308486135635148,0.03733832138954232,1.8350788284851407,4.925132910212032
19.2,14.68,5226,77108102803611.44,6.112527880028007,0.19325703164570546,1.6973997977408541,0.09449246538228193,2.0279433402801588,0.5804789609409938,0.08815172586685277,0.08547503304068554,0.15186032879460978,0.14724914905119904,0.04214862976836287,1.8184156524726733,4.868208090710976
19.21,14.49,5214,77512182962401.95,6.142600993263965,0.1691206350685913,1.603452876115862,0.08383555476143215,2.0421043051402163,0.5866259571665656,0.11776347638819572,0.006572012641528919,0.20074712847177703,0.011203071669845787,0.003218255122907479,1.9386140806588084,4.898373311739968
19.22,14.3,5201,77848133042200.33,6.177230451927631,0.19658640842780156,1.6944459015618576,0.094403534049368,2.0466648350540164,0.5798814875488858,0.08523713442524039,0.07133959582521737,0.14699061145326636,0.12302444095389961,0.03485651123884901,1.874958987406988,4.931712948877721
19.23,14.85,5241,77046433229132.02,6.099920012711241,0.1610975824632329,1.5723352796216579,0.08024490279880794,2.06478910395022,0.5533212323310005,0.14112765322048848,0.009513942927230536,0.2550555535813326,0.017194248785919047,0.004607706864119478,1.890157164782005,4.866129978467331
19.24,14.3,5206,78007089785678.2,6.18856707358653,0.19775577314906756,1.6996802019947939,0.0949842750596681,2.0571996088072146,0.5839652716888775,0.08485914395153314,0.08150817283818318,0.1453153947085128,0.13957708923760925,0.039620935415908644,1.8496355184327675,4.942045233737893
19.25,14.52,5222,77593865443720.77,6.158727213375174,0.20258717712433552,1.71460252666775,0.09730524521251938,2.0541857884454706,0.5733033592029704,0.08288520487382438,0.09575086066334497,0.14457477623897888,0.16701604678622797,0.046612561143169806,1.8179781788023934,4.9155551434155464
19.26,14.71,5238,77191376578293.56,6.1306904048358675,0.18537185674363454,1.6712001078039214,0.0910224944765317,2.0066357867288476,0.591779779451102,0.09078076764857265,0.0436126041817265,0.1534029563037372,0.07369735448240362,0.021734190364870523,1.9181730616257275,4.895214197370395
19.27,14.68,5238,77378545381316.33,6.147297465294482,0.1701290148753451,1.614777484475935,0.08404487975118044,2.02285880655357,0.6062006183454589,0.10542243836223276,0.005621052984648606,0.17390684729086683,0.009272595267207903,0.002778766845435659,1.9577382400390844,4.912872600534854
19.28,14.4,5223,77971003445136.77,6.186463934471303,0.21449077338616993,1.7464573721215637,0.10148795285848554,2.065386512312626,0.5674813959263388,0.08080848848150339,0.11682388741316921,0.14239848048162732,0.20586381906400572,0.056562724079359264,1.8171244784900766,4.941386762278555
19.29,14.12,5205,78574863000972.23,6.2354567546918895,0.19177368005033404,1.67937782792555,0.09259416464734217,2.0558626958752706,0.599852505081025,0.09186902253366382,0.036573841386196126,0.15315268629453274,0.06097139059418602,0.017790021415133972,1.9595934569199602,4.9852318040760295
19.3,13.92,5197,79149519534063.4,6.28346397417459,0.24393355403734188,1.8030639654641218,0.11039151099808965,2.12264126418089,0.5520114046514347,0.0805452685005847,0.12419189716887662,0.14591232685028432,0.2249806727223273,0.05850818942634721,1.845804476985511,5.028870816618536
19.31,14.34,5222,78202458876196.36,6.222122348043725,0.20696683479586936,1.7241669088291924,0.09842080712761152,2.094546246227531,0.5808949316190211,0.08630658405342202,0.09572280055317242,0.14857520586877154,0.16478505034702567,0.04570097257369128,1.8300282124127216,4.976343330199996
19.32,14.84,5257,77303986152047.97,6.140035143791467,0.18619412672920324,1.6763623400354952,0.09165535826816919,2.0362635112905263,0.5958722344011117,0.0921268575869406,0.06066158957772633,0.15460840809193563,0.10180301426310787,0.029790638216210398,1.866525299956874,4.9025351612562424
19.33,14.94,5264,76883367275869.0,6.125439438391614,0.20474138709556092,1.7228693346319497,0.09805882250739344,2.0341348930946563,0.5655622687129489,0.08050346475855903,0.10205559439983594,0.14234235417040977,0.18044979314494236,0.05017149784229521,1.814304793210099,4.895080798469419
19.34,15.32,5294,76233665191587.22,6.075697616050428,0.15916807727621937,1.5724649827469026,0.07974141456662107,2.02874452956088,0.5751281491867506,0.12914404093022627,0.007885765335856713,0.22454828739097543,0.0137113186809017,0.003887017424300131,1.8909660163858137,4.8413050554811745
19.35,14.02,5212,79016952102038.4,6.289156579300207,0.2336645545570813,1.7854768519932247,0.10695962709569533,2.130384359219749,0.5628811692195878,0.08281941819958595,0.11802382202466763,0.14713481766393388,0.20967804303757923,0.055400248088515694,1.8366051964503702,5.038129274873023
19.36,14.41,5238,78268200636937.4,6.228206084605283,0.22062447265580842,1.7576327416902322,0.10307694041210909,2.09233123613973,0.5665283617025284,0.08190259311601066,0.11974122619571437,0.14456927252481652,0.21135963226248478,0.05722861855115841,1.825861880820984,4.982913281056445
19.37,14.68,5260,77692771300272.8,6.190619258301885,0.19177306957765536,1.6914911258599459,0.09359864349778318,2.075781987692495,0.5985925941504728,0.09340456770636996,0.07484154908168104,0.15604029956122398,0.12502919316584052,0.036054628822016745,1.8418813827487361,4.9474823348981944
19.38,14.31,5236,78503956019151.16,6.257542444953077,0.21630704888449565,1.747901645693636,0.10209837404385384,2.125728444793096,0.579386400782374,0.08707857771415518,0.1134608183267291,0.15029447980927527,0.19582927416576806,0.05337502944209442,1.8224256678923545,5.011809275891467
19.39,14.37,5242,78417678892979.66,6.24248510477958,0.1800015659395229,1.6380740679836794,0.08798079889094498,2.0760551405548218,0.6052956700045126,0.10729884410822946,0.005810751456798708,0.17726682913067845,0.009599856309488201,0.0027989388833120276,1.9907335705048723,4.996109132759149
19.4,14.67,5265,77746393381938.64,6.19907708138004,0.19220435729918256,1.684733690736716,0.09322851220916371,2.0581136516365084,0.594371778179862,0.0899064752742309,0.05899186879308052,0.15126302858717566,0.09925079042906555,0.028663076378786543,1.8978692812674922,4.959160071431358
19.41,14.63,5262,77917883108679.77,6.2071710705743985,0.22212178357990975,1.7634452404369005,0.10424946382557404,2.081103556225043,0.5641205913629445,0.08102508487823512,0.12281927541619128,0.14363078766983906,0.21771812143827896,0.05901641705854163,1.8208822020486306,4.963835116805809
19.42,14.88,5279,77336266312608.03,6.174440900124086,0.19591129514993166,1.7023823193849021,0.09591992710512441,2.088568233557693,0.5895129854992474,0.09309985435027267,0.08897305933871083,0.15792672365211458,0.15092637741196022,0.04260002517952359,1.808454345988799,4.941555497024893
19.43,14.77,5275,77821659919343.08,6.204292372411607,0.21223732790728772,1.738361818039631,0.10044891717275052,2.0784089378947384,0.572182302158232,0.08140172751087664,0.11438371565364232,0.14226537102569403,0.19990781822890166,0.055034268554245085,1.8193449977827536,4.964526165388429
19.44,14.79,5283,77760854794182.53,6.197610119761218,0.1981468143497437,1.706705634763,0.09599801374964757,2.077621335329394,0.5918273685887476,0.08630244009248297,0.09346992341433287,0.14582367202496394,0.1579344389517136,0.044988911995127244,1.8213898539500444,4.958238935509378
19.45,14.97,5296,77243558968517.88,6.178502536895151,0.198671730302246,1.7046355829918796,0.09623928765412343,2.0636206342847756,0.5860513958769337,0.08496587051514701,0.09317448449074446,0.1449802374210012,0.1589868826288239,0.04515097539865293,1.8226415707014325,4.940624096070142
19.46,14.58,5272,78241027408366.6,6.244503715652454,0.18688299924142945,1.6725864394584171,0.09131214700883569,2.075011038014979,0.6098574310360455,0.10061497983400819,0.029707451730027035,0.16498114922217183,0.04871212552015486,0.014316768048832222,1.9496228525252608,4.999090125195845
19.47,14.95,5296,77511166262106.67,6.1938170146592695,0.18645506751608446,1.676347331416087,0.09174076294958974,2.069185957720318,0.6067789045175772,0.09511859486439893,0.05890851505280513,0.1567598908864893,0.09708398662877157,0.028469415633240784,1.8699131052287181,4.956104613737731
19.48,14.22,5248,79034289826663.45,6.310413355611778,0.2176179796489783,1.7500309001859082,0.1023577246111716,2.158272919269319,0.5886672859976055,0.08705609921916518,0.11571569393262547,0.14788676267551124,0.19657231968738306,0.053614949666236325,1.823126087809932,5.0647429915412285
19.49,14.85,5295,77928097615963.16,6.23030945679024,0.2017594887481156,1.711350404288481,0.09647539310762117,2.0909101663656546,0.589325604327334,0.08412702532217194,0.09237395472781307,0.1427513495161913,0.156745191536774,0.04417882518997656,1.8328766491384054,4.99076486191826
19.5,15.13,5314,77198995664669.36,6.175914426456388,0.19831551116178042,1.7148915279300743,0.09680874011517572,2.0812897218355606,0.5905165189191223,0.09031006724580244,0.09661124564249098,0.15293402360886604,0.1636046453354558,0.04641893179450587,1.8004955265050637,4.939905310611083
19.51,13.75,5226,80283553676133.75,6.412117474570591,0.44079311768896945,2.1231356096083402,0.15755238486922754,2.0801204583685053,0.3529646394732148,0.0678927541193263,0.19883404016129475,0.192350016196108,0.5633256647409394,0.09558775279641529,2.1270012205779327,5.157865021441179
19.52,15.02,5310,77473070727609.28,6.204206831803042,0.22378214044540554,1.7680641564132422,0.10449917155798615,2.0824799889987076,0.5617584922105212,0.08104536950885376,0.12289637973772105,0.14427083992970005,0.218770844485365,0.059014434898273266,1.825439685618096,4.965709779311792
19.53,15.26,5331,77086670787279.22,6.176457040723088,0.1804689808848026,1.6574857789376363,0.0891428980894096,2.000173800183163,0.611145992303098,0.09423754601998073,0.004953879229579031,0.15419809212009625,0.008105885159960524,0.0024767243872134445,2.013243823997456,4.943064166843994
19.54,14.31,5269,79056237252282.62,6.313519773781501,0.27513012505512924,1.8626623301022873,0.11877150720071523,2.1305394978771197,0.5340905641645101,0.07754291707594749,0.13206261907633654,0.14518683211947328,0.24726634008770607,0.061985529584372596,1.8781278041056144,5.064785128151599
19.55,14.96,5312,77798142427813.73,6.226265529040944,0.21803378340853607,1.7534752940216005,0.10302643250121353,2.0978177939571094,0.5723522298469584,0.08202417601871068,0.12306687166097215,0.14331066036144066,0.2150194674595381,0.05866423290691579,1.8172314039464847,4.987264732612417
19.56,13.89,5251,80096215422464.34,6.403410277112436,0.44554906965800173,2.134741189822605,0.16008849121792137,2.0684209945101313,0.3072691549416743,0.06571889080770803,0.21116549785396715,0.21388053356733044,0.687232982738051,0.1020901926708484,2.136229805519762,5.145410442729892
19.57,14.66,5296,78573428540729.56,6.295875625310333,0.22161939748299134,1.7613804509308604,0.10296379215985753,2.1316499208278405,0.5806301683192471,0.08312814220535042,0.1187932117653753,0.1431688305931155,0.2045935920092588,0.055728293189550165,1.827893926329502,5.049229165910068
19.58,15.19,5335,77383383212944.45,6.217854067439697,0.21203480460100496,1.7395323820109085,0.10110391124227841,2.098695567828285,0.5786663921316563,0.08280195460980531,0.10783177722529397,0.14309100327182384,0.18634532554771288,0.05138038068898078,1.8109647987790618,4.985311405940612
19.59,14.77,5308,78354782651415.52,6.278670719728125,0.19907173473889353,1.7003708292281603,0.09533180317064799,2.1198123957972483,0.6015485310900915,0.0899094556397107,0.07506350766225316,0.14946334500523503,0.12478379346422375,0.03541044849585486,1.870386600073392,5.034828628604394
19.6,15.01,5323,77833255114185.53,6.254861815743,0.18865738835986232,1.6810514886487493,0.09210053820912208,2.106479915904074,0.6122185322921256,0.10072971966681188,0.05355008861124321,0.1645322941951515,0.08746891148615427,0.025421599421355127,1.8877390364414708,5.014290564003731
19.61,14.55,5301,78959479306689.4,6.330268303386028,0.3194609443384015,1.924967186372721,0.1313577847323188,2.124313440404355,0.5083585098571869,0.07445614245552595,0.14805597471561646,0.14646384591150624,0.2912432306035554,0.06969591770197273,1.9280490672436845,5.082328311703004
19.62,14.57,5303,78832057402042.94,6.324516041622324,0.21166035292858498,1.735650680053028,0.10066044794792842,2.1690619297732687,0.6001181345230295,0.08920150661322898,0.1009021858552428,0.14863991184689965,0.16813720507786234,0.046518812796548445,1.8161952992288874,5.071619012140558
19.63,15.05,5334,77597078851336.83,6.241923839764608,0.19135838115249207,1.6877004465155852,0.09343441962243863,2.110985724748202,0.6072818103083023,0.09913825985366982,0.06796459758800925,0.16324918377406977,0.11191607657984234,0.03219566896697801,1.8519419849922119,4.994565947759381
19.64,14.3,5294,79560306772917.83,6.384808496971707,0.3874942748047498,2.021689064329818,0.14801807644895618,2.1272879651310954,0.47086454319516674,0.0797402302907779,0.14613236806048116,0.1693485556370013,0.3103490593470134,0.06869421087119988,2.0233941972976504,5.1339372765407045
19.65,15.1,5342,77727878178305.38,6.251881217547126,0.2890199268020972,1.883081348274051,0.12385289825014169,2.0918032042518937,0.513773521774713,0.07430467119195872,0.13649070818576778,0.1446253417951362,0.2656631811508928,0.06525026250477607,1.8864836850275009,5.018675161938818
19.66,14.78,5324,78586554661852.84,6.308956334858015,0.19607986817747308,1.6936157607236881,0.09437863360371657,2.133604454023387,0.6142974760929563,0.09111641074518087,0.07040021148657911,0.14832620072720765,0.11460280112875812,0.03299590575648819,1.8779613552274632,5.065384235200651
19.67,14.16,5287,79942371800159.03,6.408314820059032,0.2422739961017212,1.8022550320509898,0.11027075975040461,2.214457502477547,0.5825855847255024,0.0870835198477651,0.1227035512889927,0.14947764265193134,0.21061892794138923,0.05541020821203898,1.8435587510849631,5.155711685567296
19.68,14.76,5330,78705558784908.12,6.318960698930665,0.19492178071812732,1.6897432964096144,0.09377073776006893,2.134813586718109,0.6183110388249642,0.09230299860610955,0.0622839302529626,0.14928246919466584,0.10073236015861325,0.029175348442817862,1.897911892625327,5.079528477304143
19.69,14.12,5288,80292775669844.56,6.437174031768414,0.42049834448858664,2.0794196710937283,0.1557279320828536,2.125946415505234,0.43493284972973956,0.08199160063988425,0.15859725947794615,0.18851553910180055,0.3646476911930106,0.07460077936172031,2.0827135549727633,5.186436886870543
19.7,14.34,5308,79756167825578.45,6.398388901534344,0.41742001116440175,2.0759583291488783,0.15325279576431347,2.0981595028363746,0.4166404960617888,0.0758318835891942,0.17413746361310597,0.18200795243376472,0.4179561642689696,0.0829953410966612,2.077334011949589,5.151151889686078
19.71,14.85,5343,78682091392581.38,6.32392155205552,0.28827335963738027,1.8753355731239165,0.125284915120544,2.1422380664840635,0.533568965691097,0.07717335828168206,0.13458175674959288,0.1446361449859147,0.25222935628438947,0.06282296951733028,1.8848095953165476,5.082526963149233
19.72,14.12,5297,80250432028016.83,6.446815840453566,0.4519048863437534,2.143158004732091,0.16338681130832286,2.1015508980193123,0.33867412387887746,0.07445978994149542,0.19057414547093818,0.21985674337530736,0.5627065430575813,0.09068262189155263,2.1446317574876934,5.191982888698923
19.73,14.57,5328,79398619724734.58,6.383831936848792,0.28109413345800244,1.8728702961838994,0.12204011114010414,2.189229252834716,0.5499112376670695,0.08051665253143821,0.13289501072391827,0.1464175434439568,0.24166629379626597,0.06070401743071888,1.8737345406819597,5.139137637716422
19.74,14.78,5343,78882697425402.34,6.346141646288138,0.28857435604202836,1.8824454943913025,0.12240661424139117,2.141034999332041,0.5314324893805369,0.07616254835134226,0.1410119736049494,0.14331556664915418,0.2653431553823887,0.06586159200991215,1.8831822496796706,5.096716394704416
19.75,15.26,5374,77952212635010.6,6.277374039066776,0.17096047886355395,1.6129306437942044,0.08451820740523766,2.1174790536917536,0.6263046499490302,0.11653974258625241,0.0063204880283620965,0.18607516740572916,0.010091714996649744,0.002984911712511412,1.9531843062557703,5.042629998384721
19.76,15.42,5392,77561031015932.45,6.249275771145032,0.22904965565704374,1.7768985353761773,0.1060086724894195,2.1087794036637098,0.5643416781527532,0.0811711139463406,0.12044316783059768,0.1438332788250483,0.21342242207742226,0.05711511010651209,1.8284598058937367,5.015624124827656
19.77,14.5,5328,79698394305310.33,6.415544710649569,0.4235258407895322,2.0913387471004183,0.15421100432327992,2.0974028940690355,0.40447077345603033,0.07457808417223595,0.18027250591896207,0.18438435868925215,0.44569970872953407,0.08595034670197631,2.0927366181342126,5.165652999009478
19.78,15.12,5370,78226532508048.03,6.3083611468180285,0.22377567951944152,1.7669586846562084,0.10482348955273418,2.1490760263809916,0.5851621703062878,0.08522457414223934,0.12341472924368893,0.14564265850888955,0.21090688275199118,0.05742687914653131,1.824020455817976,5.069870954544229
19.79,14.65,5340,79413781645001.39,6.392860402078347,0.22462085374991633,1.7646617195064265,0.10432907162202362,2.2111989137544805,0.5973994362898001,0.08813069535500759,0.11558176829591753,0.14752390109764876,0.19347485329706354,0.052271085869731525,1.8295874962763334,5.148330142836627
19.8,14.75,5356,79195910820055.3,6.37789408351363,0.26147038040939,1.8382686018158778,0.11516784860868388,2.1792463314188995,0.5591573947815993,0.08107179828846306,0.1285785271707479,0.14498922672770662,0.22995050833758401,0.05900137369373516,1.8641943210320484,5.132667955881322
19.81,14.94,5367,78908462875251.66,6.353848086567261,0.19019703600648655,1.6835370029913255,0.09349887253629482,2.1991204450386657,0.6261046846567767,0.11136348444726031,0.06497532839183738,0.17786719565643958,0.10377709987500908,0.029546052622276886,1.8481776377374188,5.111656771867374
19.82,14.56,5339,79697102527816.5,6.421012074617632,0.22205906679866172,1.7586927304993212,0.10276668284721356,2.217482079969942,0.6048399282633921,0.08979847080613379,0.11209696177360498,0.14846650594639463,0.18533327006941525,0.050551462303192296,1.836690203470253,5.164381570436162
19.83,14.6,5356,79668144835868.52,6.418495956780535,0.4115397909933897,2.0663193675609164,0.15201796796806705,2.114247720250788,0.43419151193309846,0.07790553285922978,0.17020998893246977,0.17942666016749242,0.39201592904169036,0.08050617120319269,2.0676697377456503,5.173552844805472
19.84,14.91,5371,79051047333742.81,6.376064666485332,0.36151386329727203,1.9805063830225678,0.14016884587549652,2.1382867741479537,0.49127287905927824,0.07661625354271301,0.15377470609649072,0.15595457597704737,0.3130128135527218,0.07191491242224306,1.98370799357412,5.136343831959271
19.85,14.37,5343,80331655584129.7,6.461563097645534,0.45158594515502093,2.142736618211851,0.1629557240217659,2.108651545833666,0.3384371680241075,0.07433224041913859,0.19691074901717798,0.21963379747298845,0.5818236518370573,0.09338230842655813,2.144208237602731,5.211765358252871
19.86,14.93,5373,79097025770201.58,6.378085106864939,0.3201466427674821,1.9217649933362553,0.13327350294691992,2.162687032209937,0.521813397723831,0.07659981951368298,0.14397821717525716,0.14679542504622187,0.2759189737237399,0.06657376450263973,1.9300453142781302,5.136476951428022
19.87,14.16,5332,80916359739758.66,6.515294703227782,0.3391027869765018,2.13815707227231,0.09979263224858374,2.245079585042969,0.12050737245093082,0.08524133262778665,0.35133463329876535,0.7073536738384691,2.9154617361010393,0.15649094831176827,2.1410812155374774,5.280266358384851
19.88,14.31,5345,80552248374361.61,6.488724876690523,0.4534769940051342,2.156360382509351,0.16047841011845076,2.1135578267407222,0.25932444765921914,0.055185331591306896,0.2491250631933578,0.21280419987176255,0.960669406382909,0.1178700010198107,2.1578714493480935,5.234397225200283
19.89,14.91,5382,79216120152754.5,6.395570295458009,0.30050247659433027,1.899649042870511,0.1249963256088712,2.1785831039155847,0.5358095686410425,0.07730927204355284,0.146291365297925,0.14428497841057597,0.2730286539468852,0.06714977502349778,1.9004899851039294,5.158816837520077
19.9,14.36,5350,80393281342788.23,6.490703698504839,0.44863855887277737,2.1451426080567995,0.15900928607036222,2.116973300387262,0.27924282461658967,0.05831517255842854,0.24216878481159942,0.20883319970171962,0.8672336886152967,0.11439387769666204,2.146604165799289,5.239877520012635
19.91,14.54,5363,80132375212182.34,6.461498877897831,0.38313579438256484,2.01661255664034,0.1454917629872357,2.1762576778534495,0.48628204438047473,0.07889300273612282,0.1579189195323299,0.1622371289415648,0.32474758498130285,0.07256443992794692,2.0178238873391634,5.212532641287816
19.92,14.82,5383,79595301886672.67,6.426855537449104,0.4117569397746112,2.064471934364262,0.1525115955896739,2.1192304230118957,0.4329851282136539,0.07830211110418388,0.17066793447879394,0.180842495508405,0.3941658116132314,0.08053297679458424,2.0681032807905666,5.184160002159784
19.93,15.38,5421,78233620492656.86,6.33536626941809,0.2420757631360681,1.8035873884572922,0.10980475941958881,2.1571826376678915,0.5688811968741061,0.0830808405703184,0.12493573154308224,0.14604251472334084,0.21961656006487876,0.05791615849372356,1.8447600296097089,5.095624808279814
19.94,13.59,5305,82403439853599.36,6.629425235575706,0.42515399063266734,2.1057451802345453,0.1499241944299981,2.1728544466996427,0.3415199753904819,0.06602592338761647,0.28089110085493535,0.1933296092333245,0.8224734161853179,0.1292728563947677,2.107134208532944,5.367528152774181
19.95,15.41,5425,78379987410921.19,6.346293195775295,0.3106346058688046,1.914048753125852,0.12860513842931898,2.142811925854203,0.5183998700325576,0.07549304012229432,0.14468599098249693,0.14562704291872808,0.2791011328251492,0.06752155391557278,1.9159403571826294,5.111207403825599
19.96,15.17,5414,78799988667526.8,6.398941109560299,0.3909764693350281,2.0278426715637416,0.14823563019098668,2.132171679445434,0.4649903803499551,0.0796516088912987,0.1538187558755461,0.17129732626157196,0.3307998667838698,0.07214182486259901,2.029877452526015,5.163010355351089
19.97,14.9,5404,79609455678535.55,6.441653188795665,0.42564003198286565,2.0938191670957305,0.15510160061258044,2.117023265116006,0.4105946901476692,0.07715965392953983,0.17779663831313086,0.18792170425240906,0.4330222542556184,0.08398426282924584,2.0952142696019282,5.201568668263351
19.98,14.97,5402,79488711091951.94,6.426817882030291,0.21210672778513992,1.7360963173149575,0.10049380581635614,2.230630169511207,0.6223743790778642,0.09233592249264173,0.1058213877945331,0.14836073848260026,0.1700285091287377,0.04744013115258882,1.825233771732643,5.177499640613976
19.99,14.0,5342,81570318149661.25,6.5829615091239,0.43778256732079107,2.124858824035067,0.153593817477676,2.1446723953622,0.41199612441496564,0.09316825440864199,0.22255567677760535,0.2261386670589217,0.5401887629249773,0.1037714092179656,2.1263020905263192,5.324728970860259
20.0,15.03,5410,79446730570383.0,6.428615103006734,0.2780654361129641,1.8643968147550982,0.12078157535816732,2.214619217447144,0.5601006954292684,0.08168965582785255,0.1333854791572095,0.14584815997281442,0.238145533911507,0.060229532059676974,1.8753944851916713,5.185743537184477
20.01,13.99,5345,81970036978814.34,6.6083684886684795,0.43448507762767935,2.12096099760924,0.1521381276747394,2.155145133875099,0.41391899501035706,0.09087289270806516,0.23303905462445695,0.21954269749275784,0.5630064274257959,0.10813149006138474,2.122427107954349,5.353123194757344
20.02,14.5,5383,80701660399965.34,6.525820760398363,0.45217005152998785,2.153421603596223,0.15940968039483736,2.141283644717589,0.25891997735319633,0.04114213584411541,0.25817034023268753,0.1588990400226741,0.9971047536456169,0.12056802510474378,2.154872299376827,5.27561064839333
20.03,15.26,5433,79107814123094.25,6.414398301855489,0.3493705477465541,1.964231452419486,0.13777011774836245,2.161765015101944,0.5068521178021085,0.07727152320208296,0.15628875729414257,0.15245378383178082,0.30835178902253846,0.07229682976749087,1.9674873391474594,5.171309735377189
20.04,14.46,5383,80713838803854.27,6.532602555412691,0.4570437772925566,2.1584876410930285,0.16275718381464419,2.1434245911993255,0.3146618317883842,0.06874042469641307,0.2196161650085982,0.21845809612728073,0.6979434517380363,0.10246041120845535,2.1599654070497376,5.280646369250768
20.05,14.92,5418,79803794512318.88,6.462024711337226,0.4473311370253588,2.1382826090206075,0.15864805615205035,2.1000472904510907,0.3427637449868745,0.06858801092700938,0.21079635614357867,0.2001028753190797,0.6149902351885282,0.1003769567961965,2.1412508861175907,5.218693158353018
20.06,14.72,5405,80340651790153.53,6.510958945922159,0.4531623003481223,2.152587702319385,0.1609945199529607,2.131029896178573,0.2989537205641449,0.06397325534902362,0.23112278276555637,0.21399049735290793,0.7731055573732711,0.10845590818787325,2.1540565824598708,5.264571705488111
20.07,13.44,5323,83971466787892.73,6.720552465478794,0.4140921102055199,2.0684756671553735,0.15193555968917433,2.394757794639902,0.25754856520696673,0.20889416620450021,0.2182098404987825,0.8110865072637167,0.8472570612980448,0.09111979549129917,2.069819021068327,5.4562918845734485
20.08,15.3,5446,79090661953765.61,6.420565109943843,0.2186049368956004,1.7497492591883297,0.10237497991584889,2.2251609500059537,0.6108828381049471,0.08997309401864961,0.11673951620826124,0.14728371531562426,0.1910996821753992,0.0524634032463804,1.8312736438288668,5.18045637647472
20.09,14.59,5404,80739437946355.62,6.537904699550171,0.4585716553877148,2.1559176193354816,0.16466911812236254,2.1488889226377976,0.34677485433294625,0.07606350313990558,0.20012016930347595,0.21934549806450301,0.5770896211273039,0.09312727484202629,2.157398286463771,5.287653093581809
20.1,15.03,5431,79773392684804.78,6.467788325582779,0.34347482512123423,1.9564424245213554,0.1353493712469663,2.1992623440494876,0.5213048653191414,0.07821323091445768,0.16242629548503706,0.1500335717499505,0.3115764043092138,0.07385489772264393,1.9583221773883341,5.225366208105635
20.11,15.05,5433,79839499023024.75,6.475568836114081,0.43381233405634984,2.106790630866222,0.15759443131939874,2.128466606899026,0.40325388727752354,0.07882964878091586,0.18153208937912424,0.19548391538917634,0.45016823174277787,0.08528773192434495,2.1103115831214,5.2332774838809915
20.12,13.77,5356,82925830128569.31,6.691956586997146,0.426867733439323,2.110687674574811,0.15032593789660068,2.2140651204130104,0.3558418947980065,0.06786178497633873,0.28253792563575514,0.19070768779168187,0.7939984857492334,0.12761048581220172,2.1120885884199496,5.4328334112409165
20.13,15.02,5439,80052307014835.3,6.499278484469608,0.4535781328552047,2.151805962430127,0.16130887787079048,2.1231055037614364,0.30689393204935,0.06680551958204173,0.22544191665339602,0.21768276464749092,0.7345922910497426,0.10618498056454942,2.1532674634401205,5.258364516563428
20.14,14.7,5424,80616014305943.9,6.539226373676133,0.45396802674580516,2.157341667160547,0.1597579061067786,2.1504429198725994,0.23598307530837093,0.03986192428373405,0.27401061301231405,0.16891857279020742,1.161145190833074,0.127420546939487,2.1612031203285844,5.296630765016981
20.15,15.18,5455,79754518760621.81,6.478044245429693,0.4336798265855446,2.107151385887872,0.15731221434006087,2.129504769147786,0.40671545658874914,0.07916023848512999,0.1802416874285124,0.1946329730103495,0.4431640954594062,0.08464018960645199,2.109739370315758,5.234796694324065
20.16,14.67,5430,80937711021122.77,6.558126173600505,0.4570604804231651,2.164801681802279,0.16027013226740672,2.1585873925281276,0.24091494375309536,0.039087522390432415,0.27431862862213396,0.162246151199702,1.1386534365559025,0.12708247512779794,2.1662641739200423,5.308711358204404
20.17,15.05,5454,80140323851392.47,6.510778510024466,0.4539613571412802,2.1493081641201544,0.16308117280256818,2.1365431011499743,0.333049365837615,0.07482483126900574,0.20626894174843874,0.2246658872351317,0.619334437793253,0.09654330944103885,2.1507756388121737,5.273281708637088
20.18,15.53,5483,78915794612653.31,6.437022409432977,0.36360301301759873,1.9841456441971088,0.1395203686143208,2.1691093656733136,0.4927159542617965,0.07616037270722342,0.16590549105328076,0.15457257279466308,0.33671629590693064,0.07648553534403371,1.9849801358949477,5.199174406063212
20.19,15.22,5465,79941666842752.97,6.5035981377969545,0.44708632510661456,2.1343983876741066,0.16110311885920495,2.1376949483091146,0.3525407211780908,0.07498209017588384,0.20339180013266156,0.21269057919129178,0.5769313668304303,0.09514538091299767,2.1358389555177664,5.265321024758186
20.2,15.34,5473,79569302404663.12,6.475010110771764,0.43261725141747864,2.109285730127043,0.15552832087688798,2.1260599099535122,0.39273853507630646,0.07474338208907202,0.19344473130029524,0.1903133393175943,0.4925534777551437,0.09098743191320749,2.1107197357239924,5.238667492775852
20.21,15.41,5482,79554750065433.06,6.48590969569783,0.3763007998139011,2.005494841528247,0.14289548828645124,2.1846378544107723,0.4942807140868355,0.0781382634837953,0.16857734891652204,0.15808479120645585,0.3410558901290781,0.07716489420714068,2.0067012480971536,5.242843526433425
20.22,15.35,5475,79547919811200.97,6.475980505393201,0.3228855195075314,1.9300343962160729,0.13129423580927055,2.2240361641001067,0.5387090671534852,0.0784799004335249,0.15292042536921238,0.1456814173338667,0.2838645842314055,0.06875806600522942,1.9318855276140503,5.2397388923102275
20.23,15.4,5484,79450133393349.84,6.4837046477083,0.4412863691357089,2.1269717282781113,0.15668456644552256,2.120734685316186,0.36849342001087587,0.07130527312213687,0.20651918447373613,0.1935048748496848,0.5604419869088594,0.09738096231634256,2.128420130755756,5.244956713861694
20.24,13.83,5387,83262801889634.47,6.723875144009069,0.4338123556679318,2.1035911007646337,0.15955129668559642,2.393275802730907,0.25303065304425354,0.21908308970460852,0.20986114036930276,0.86583616280788,0.8293901859100024,0.08768782107345734,2.1046124419759216,5.470768675094059
20.25,15.3,5482,80002690759691.58,6.512667286464307,0.4510857573991928,2.142556501297926,0.16265801731511106,2.1408420489007773,0.3421528290613085,0.07597793108528501,0.20257603615944697,0.22205846227760093,0.5920630167379047,0.09462446622975307,2.144029907568442,5.27182526135041
20.26,15.06,5471,80393778841248.58,6.551186890547168,0.4520544619110919,2.1566660672089557,0.15817816270188476,2.1596367942415338,0.21898214179151898,0.03656350664426,0.28616553937389616,0.1669702668223518,1.3067985226226295,0.13250632705320142,2.158115561233749,5.308034844759742
20.27,14.76,5453,81080048033499.97,6.600519545705796,0.35478984189921414,2.141712044507419,0.10786713795997352,2.2436874269387967,0.1610642708824563,0.15204348342584625,0.3006474732379198,0.9439926222793795,1.8666304549773824,0.13399703970713603,2.143105370933993,5.281062990410086
20.28,14.84,5460,81097582181276.17,6.594603711952961,0.45238107281872963,2.148653348691466,0.15984042273795998,2.1581574157298995,0.4264003190336785,0.10646866011349597,0.19858209598724763,0.24969179280817266,0.465717512682168,0.09201464848665183,2.1501618898227144,5.349009337354252
20.29,15.03,5477,80637459913877.1,6.565558606409471,0.4498393780752032,2.1556229808392833,0.15686577891878373,2.1718040248872104,0.18512236957637065,0.03202030633559862,0.3054883396212713,0.172968325809966,1.6501967877806616,0.14066109838669097,2.157075514763,5.332434325559878
20.3,14.7,5455,81450363540709.95,6.619423896368725,0.43884971635210007,2.127952528901264,0.15363539294685313,2.1708028650439557,0.4192091786288839,0.09438270476962808,0.22673924789484046,0.2251446523149315,0.5408737676890596,0.10444948804241112,2.1293920708301037,5.371061057239552
20.31,15.22,5490,80358886523354.39,6.538958130740442,0.45486089107062105,2.158084904967874,0.16081210370458482,2.142272283284791,0.2774193118853341,0.059892720788950686,0.24691744675001132,0.21589239906162763,0.8900513993491191,0.11525960013421246,2.1595513037380285,5.295546919235058
20.32,14.86,5475,81233164708615.58,6.611093575716571,0.3626364250810912,2.155276166930224,0.10935847544328446,2.294210388199498,0.16102060919036076,0.14615180109456247,0.3086466657843871,0.9076589750184078,1.9168146694781212,0.13453285163903986,2.1566854016284895,5.36614094425651
20.33,15.64,5525,79433822924138.92,6.486344020497294,0.43684328302502967,2.1188386757637385,0.15638649011771366,2.128435970291729,0.38687764607944897,0.07423394139890883,0.1961317110376054,0.1918796346885966,0.5069605675726426,0.09214827872445845,2.120289056943396,5.251133727326136
20.34,15.54,5517,79645880219139.05,6.521220737871074,0.4551625399249918,2.1540927571792965,0.16248463516567915,2.141584426002189,0.3214372338498002,0.07030300186727881,0.21687488819691708,0.21871455595007294,0.6747036912912753,0.10126842797496857,2.1555624714466965,5.2851430693403945
20.35,14.09,5422,83108668353234.27,6.738176443206626,0.4361532423814659,2.108246037898703,0.15998174223750328,2.3963355384084233,0.25244898773077573,0.22232268656517096,0.20911371373941198,0.8806638068292317,0.8283404723429564,0.08726395381103402,2.1096277379498587,5.476530878289955
20.36,14.02,5423,83321152927523.06,6.7397086362846395,0.42575663091713184,2.0894611904447546,0.1566506739408071,2.399270750904584,0.2587006192086069,0.2199392941865404,0.21445460132429547,0.8501691834343437,0.8289682567453269,0.08938324332234736,2.090847290408093,5.480394304332304
20.37,15.21,5509,80551618734157.98,6.570751873920922,0.3482772570883477,2.1481599272339107,0.10288962269950533,2.28222240920261,0.11518094559355854,0.07007251232214841,0.3611674228967833,0.6083689620800196,3.135652525125488,0.15825250923855938,2.1495458756606003,5.35064468042603
20.38,15.54,5526,79798392708627.67,6.537499420625998,0.4455853448713042,2.1323102445944477,0.15909478268426247,2.162154486451801,0.396584648255545,0.07716046852905549,0.1920646201330904,0.1945624190660452,0.48429665893000173,0.08883020216019698,2.1337645606171667,5.302484278016572
20.39,15.48,5525,79924097181176.36,6.549563218558337,0.4504136294170761,2.1543290174015106,0.15741037026862773,2.1650724530811742,0.18315667056035803,0.031191546702033814,0.30322983711713053,0.17029981275923473,1.6555762680628288,0.1400552839169866,2.157632000427122,5.315938132057029
20.4,13.43,5388,85534224168981.0,6.876436763261622,0.4018746338561026,2.0506060146046323,0.14446070248421847,2.4667188290977213,0.291602480958449,0.2085675681239347,0.22092452992412728,0.7152462058567118,0.7576222575267021,0.08956210465419655,2.0768548941086435,5.608781027764805
20.41,14.86,5489,81513856292278.73,6.642356684350837,0.43413366652526975,2.12084843671283,0.15154275285283192,2.181115556816646,0.4163490641565312,0.09079594532653701,0.23770137716673478,0.21807649672631718,0.5709184855459846,0.10898156057061997,2.1223018045366935,5.3983934499637956
20.42,15.41,5528,80286909243305.97,6.5627824261467405,0.44725327505579116,2.150244262776095,0.15567950447619436,2.1709998690722316,0.17814433463843557,0.028336489460195124,0.31164607939733124,0.15906478035188315,1.7494021352396798,0.14354956158081758,2.151675263354012,5.322209761165623
20.43,15.03,5506,81270381555809.72,6.639439378774049,0.44369054529751917,2.1322033728155185,0.1592281196136006,2.1970561578175323,0.4182270525826707,0.09958330432189579,0.21583844935786292,0.23810823261417605,0.5160795984501703,0.09823984179460765,2.1364649977814545,5.39575600474415
20.44,14.76,5488,81838081355836.86,6.675217978129178,0.43557755819388244,2.1211160940366414,0.15521810710121928,2.208616522219796,0.419570745099098,0.09419793351094516,0.23393908792243026,0.2245102515159789,0.5575676823396646,0.10592109837488087,2.1225272277309957,5.4262367405965435
20.45,15.25,5519,80651510903720.16,6.603181299372559,0.4486728722168583,2.1424011380245136,0.16088206273609973,2.1743217604447445,0.4224779867458041,0.107642391043512,0.19656000886387093,0.254788165112797,0.4652550311032817,0.09040060787675958,2.143885169818629,5.36125673218581
20.46,14.71,5488,82060110108032.08,6.694427161950546,0.4315497334556974,2.119401304244654,0.15195912123509295,2.221178165117964,0.35807137185028787,0.07142650046622533,0.27747391660753207,0.1994755964352527,0.7749123175464188,0.12492195401749584,2.1208061072364823,5.446717197135416
20.47,15.65,5550,79945111013420.11,6.550747704424949,0.45883871128318293,2.1665209422277676,0.16140666510357302,2.163761212610851,0.2633046211263687,0.04341503488219026,0.2588743331210275,0.1648851991145037,0.9831742869289978,0.1196408973468301,2.1679778010556934,5.3127386394325855
20.48,15.58,5550,80132653344098.14,6.567213822405012,0.4583877545419264,2.170482052901991,0.1595871058665318,2.168235327882965,0.2007086053612049,0.03519169104229588,0.2950215038095814,0.17533723070300453,1.469899625273398,0.13606526008301706,2.171956188329993,5.3292203711703685
20.49,14.82,5499,81962076260384.77,6.690413101934895,0.4324351816064542,2.120439856067887,0.15273393219401357,2.219246585768625,0.3597875443536306,0.07427196164784969,0.273518568937901,0.20643283185714936,0.7602224513616377,0.12324839010315258,2.1226326219525293,5.4435411482480225
20.5,14.73,5496,82107299611589.3,6.70617670489008,0.4267870109849318,2.110304918509224,0.1503702411357135,2.2221632671965668,0.3610125515675887,0.07085581332560878,0.28285979135339523,0.19626966712913074,0.7835178863592455,0.12729028308988521,2.1116897917955297,5.453078354130837
20.51,15.71,5567,80080158434426.03,6.571389267046091,0.4515821832076036,2.1589667085343547,0.15712728348180172,2.1776952342681555,0.18205765056594586,0.03128156754628147,0.30546051804237795,0.1718223180901178,1.6778230252495347,0.14026779929333508,2.1604184087925553,5.346165380111522
20.52,15.08,5529,81576194882100.08,6.661457662704683,0.44555183971301954,2.138222031562735,0.15915261557657037,2.2127710895391535,0.41984122656270406,0.10018161142035356,0.21706882719656448,0.23861785142100916,0.5170259933111758,0.09809818477055965,2.1396603572103503,5.4196993838676715
20.53,15.11,5532,81457478182495.1,6.660090148441187,0.4423151217179432,2.132611837016756,0.15791449045994402,2.206067126002893,0.4144661958686421,0.09650994059835491,0.22530350322178339,0.23285358748278248,0.5435992258659123,0.10212903341250729,2.134043776910143,5.414050528370381
20.54,15.14,5536,81557197764157.4,6.667941503411985,0.4475589807939658,2.1412798081605295,0.16019038885244985,2.2107071963043943,0.42360968496152324,0.1031355014960316,0.21232431088812465,0.24346823303957146,0.5012262902048857,0.09604361502195495,2.142726804364105,5.422197188920263
20.55,13.43,5425,86181977773198.8,6.935550557446775,0.3975064588103081,2.043755110084864,0.14263646945587627,2.4928530780885416,0.331236732686806,0.19770070554602873,0.2199739889189498,0.5968562240739179,0.6640990180486462,0.08824185863677952,2.075886129225001,5.668746608315416
20.56,15.52,5568,80780978518426.98,6.6182364443676285,0.3603915289945163,2.1516541007106955,0.10874509353583958,2.3012399082409374,0.16798937169693168,0.14921668168523902,0.30899280699257037,0.888250727876045,1.8393592634540112,0.13427231375835288,2.153047581290373,5.387567572110495
20.57,14.18,5479,83762718958363.88,6.811996076505583,0.4313407446327901,2.099512223295093,0.15802717111961104,2.4465237111356197,0.26506182457827343,0.22547194471204582,0.21587536497764126,0.8506390728683125,0.8144340110882045,0.08823759360886672,2.103080170198592,5.554091031834451
20.58,15.6,5575,80536840900856.86,6.615708298556951,0.3388450925215952,2.1521599297382266,0.09712702314944174,2.3174463829678724,0.12194840286280766,0.10227929521414865,0.35802142683774624,0.83870959203306,2.9358435078524274,0.1544896268017389,2.1535522358700927,5.387558002484829
20.59,14.89,5528,82327112244419.75,6.7296210763885576,0.42813391301298304,2.1133502788553487,0.15067787083369585,2.235621397745424,0.3649691955486247,0.07139092606565067,0.285195888261685,0.19560808675465127,0.7814245468935431,0.12756895624156173,2.1147382342469965,5.481394765330844
20.6,15.68,5591,80426615217721.42,6.611671405400752,0.35341080173409306,2.1441696660195166,0.1061090751796341,2.297214638388371,0.1671497775760969,0.14416380032861573,0.3148391677471254,0.862482753008651,1.8835751522540387,0.13705256900504661,2.14554453104752,5.38891533720844
20.61,14.09,5482,84429793536810.8,6.8573714894030235,0.4194770844604747,2.0802932744999425,0.15362496984141558,2.4778879085590266,0.2745434742786773,0.22180512515494896,0.22405675430835462,0.8079052898187049,0.8161066472150935,0.09042247372628369,2.0826728275666624,5.598177747018655
20.62,13.94,5473,84688379797247.36,6.874976014390508,0.4150230191956119,2.072228320660422,0.15184101539029943,2.492599687970714,0.2678374670358114,0.22163776900173812,0.2288014294945989,0.8275084567317234,0.854254753925099,0.09179228842834034,2.0739870276264782,5.610103083779748
20.63,15.58,5579,80940372688675.95,6.653235331687106,0.4502088714252734,2.1472460428845963,0.16075014950017333,2.2017939824454023,0.4290375880356004,0.10767959055336315,0.20445521496768349,0.2509793863199422,0.4765438289540224,0.09285846750321626,2.1486994149883745,5.413245932047668
20.64,15.34,5569,81586628734054.62,6.682839634862867,0.4440891930790166,2.1354921877725435,0.15855519358224288,2.2183252379040823,0.42986812241262023,0.10229491404642614,0.22100137806548076,0.23796813188263277,0.5141143679720144,0.09962532738178971,2.1369181258339145,5.444412406527638
20.65,14.98,5549,82312177278251.5,6.741579711382487,0.4251590908823286,2.1078855602839504,0.14942574844736095,2.2482930743271483,0.36287513533338855,0.06889221615530432,0.2886919466497012,0.18985102435307438,0.795568278285223,0.1284049441535102,2.109263164783903,5.4972317794895
20.66,13.38,5443,86680732227851.06,6.987796705647091,0.39952723948779834,2.050728882258314,0.14249133707790748,2.5147106046254715,0.34744587421938294,0.18910914908975446,0.22292054772731565,0.5442837665424338,0.6415979128494702,0.08864660105114415,2.0834222904939814,5.716909459094521
20.67,15.36,5575,81559209660530.16,6.6881134762090975,0.43341605525299404,2.1180316228712015,0.15411374430727964,2.221907580472828,0.41406232511621466,0.09013874010122486,0.24467070099231802,0.2176936529444587,0.59090307461237,0.11011740683662974,2.119427307037888,5.444205953064888
20.68,15.01,5555,82414684820154.73,6.751554652908799,0.4308154089269771,2.1193343429232883,0.1513467097016868,2.2509701520579437,0.36390241663410944,0.07094039556202084,0.2868601901816197,0.1949434582440512,0.7882887748724327,0.12743846910602458,2.120731226588876,5.505325223623656
20.69,15.63,5598,80991331516913.58,6.65652104035215,0.45535263226993944,2.154176324448195,0.16286825339255584,2.207726335763768,0.4244708455992232,0.10886740359393182,0.1972541360711418,0.25647792945648434,0.4647059700712288,0.08934718623216555,2.1556770456128245,5.415566714519622
20.7,15.21,5576,82038005742665.69,6.728688615483346,0.43218839877722554,2.120238064900847,0.15198558338085535,2.236539192923075,0.3633272640024562,0.07413176112904912,0.2819145030808051,0.2040357784120158,0.7759244378613418,0.12604943565167448,2.1216318964978766,5.483869090980783
20.71,15.56,5594,81416290063592.62,6.695092745835486,0.4449440483916522,2.138059268114998,0.15864699238810415,2.22698634667997,0.4286601840129022,0.10161243119657411,0.22379981988941325,0.23704658138605122,0.5220914566739353,0.1004944732701473,2.139490134021998,5.461563307290935
20.72,14.94,5557,82727565494872.14,6.776944113699917,0.40767243778075923,2.111892360525806,0.13918620471424997,2.2791198286472016,0.32688847512547686,0.0684584932854389,0.3074043378272337,0.2094246157169076,0.9403951537576718,0.13487853247702958,2.1132767413859717,5.5317430758159105
20.73,14.66,5542,83501270857750.06,6.82268344901919,0.4246026950729256,2.089405841753614,0.15577898630290402,2.4572479879919644,0.2687673100121949,0.2249600772820378,0.22063234842409157,0.8370068416126596,0.8209047015951484,0.08978839315456714,2.090471979124208,5.5715815811806495
20.74,12.5,5415,88966050972250.92,7.193653837025391,0.3814301389149424,2.013878385439793,0.13590174407384384,2.6353374123567814,0.3543388159385916,0.20048880079511372,0.20814410908767117,0.5658110028506141,0.5874154897095536,0.07898195810210426,2.12627200721266,5.90677444389611
20.75,13.64,5478,86413172746377.83,6.985027709340949,0.4010742202189525,2.0540119648745807,0.14274152885584454,2.5174673961792258,0.3426247090022596,0.19060248984428693,0.2232093404082802,0.5563010630474695,0.6514688945180779,0.08866424278107683,2.085338813652525,5.7189454271655435
20.76,15.54,5601,81607735729306.6,6.705604730580778,0.4364675969888167,2.1240167335577524,0.15507466582796697,2.2332156779668146,0.41650418770379355,0.09202535889565895,0.2424327396268381,0.22094701953178172,0.5820655512814428,0.10855769195009235,2.125423183976847,5.465409239147691
20.77,15.53,5603,81897147680646.72,6.722612285160034,0.43582790321250076,2.121586692282687,0.15500392112898295,2.24395178157994,0.4185436607055758,0.09235194592394197,0.2447066776584552,0.22065068616319786,0.5846622482489202,0.1090516648651693,2.1253495501915243,5.487321107221142
20.78,15.2,5587,82586250435736.89,6.77184963794279,0.43493892624497943,2.106342645363832,0.1595323505167622,2.42084642681392,0.26279814107161353,0.22447224371608085,0.21281822928929295,0.8541622204812753,0.8098163420086717,0.08791066914946083,2.1077090321698253,5.5264494386219045
20.79,14.77,5565,83602206793216.34,6.83926474965351,0.42816883543350903,2.0960785798525468,0.1561643492635416,2.470173167981201,0.253335276223121,0.22523543057072581,0.22474858289051475,0.8890804073111133,0.8871586548908846,0.09098495028759263,2.0974395868929196,5.587285200355436
20.8,15.52,5611,81805832428334.86,6.721764549110999,0.4344201517540556,2.1222979887187865,0.15344960251163048,2.241513516056802,0.3746377685343724,0.07882918270731055,0.26972857961015356,0.2104144038005023,0.7199716693417322,0.12033323809023973,2.126178624372071,5.491025574503336
20.81,15.15,5590,82788239503098.23,6.784909946793701,0.4359180224299325,2.1083009815107796,0.15976192741115522,2.430118721873321,0.2607249515216285,0.2275828639178297,0.2118176452477506,0.8728848642587647,0.8124180060694314,0.08716349672186609,2.1096721131872167,5.538679115434967
20.82,14.53,5552,84285096081544.44,6.872862484115452,0.41771295366241246,2.0774116737062687,0.1526429977598001,2.484299560718728,0.2781984575409997,0.22089376622891418,0.22763367244351002,0.7940150645743957,0.8182420364784457,0.09162891466182675,2.0787451921920157,5.615853565038627
20.83,15.27,5600,82544880645095.92,6.777682310550975,0.43007309063469135,2.097793981298997,0.15785073753272325,2.4207934789591414,0.26844333393709474,0.22680661926275725,0.21588907374385632,0.8448957027031472,0.8042258698606625,0.08918112000065419,2.099149614450363,5.532575970399629
20.84,14.88,5580,83510470560071.61,6.83512217227716,0.4213450503906042,2.0831940683525025,0.1539765265049781,2.4671443483988518,0.26854890850039326,0.22253618420094282,0.22472777950778244,0.828661659597164,0.8368225391891823,0.09108821689076611,2.08453697434941,5.58779437979892
20.85,12.6,5447,88908524144923.89,7.207275055848949,0.3721445928560791,1.9975181151197388,0.13234135323147428,2.606125465281266,0.39435910008660635,0.18481990928918052,0.18746495378491532,0.46865891835282025,0.47536611617113844,0.07193243620935309,2.167712284919826,5.92248662300444
20.86,14.11,5535,85334043881820.11,6.956068253208249,0.3957565239403419,2.0413860452446446,0.14139784362307148,2.493656888641999,0.3280594897900819,0.2042597960631912,0.2204163246646654,0.6226303533968567,0.6718791302324617,0.08839079893814107,2.08614515432037,5.693184298760301
20.87,14.83,5579,83336074532816.0,6.812424465635223,0.41868743043338946,2.0782311698465983,0.15307565547473154,2.449121942233837,0.2699647574006428,0.2167400489462132,0.22127877110909253,0.8028457159856568,0.8196579925456805,0.09035024646721543,2.0795661773798475,5.553200014078496
20.88,15.08,5601,83163398630966.23,6.819050003020323,0.4301663562425769,2.0993625875275197,0.15730525762206232,2.453602679198789,0.2603829067659332,0.22328247826728564,0.22022217998964666,0.8575158832065796,0.8457628141758617,0.0897546215842734,2.100721766428762,5.571100810026438
20.89,15.65,5637,81999327451253.52,6.748439314912005,0.43881834715797485,2.1243938992222664,0.15589186699818644,2.254682419074957,0.3751442465993256,0.07975661029821479,0.2679128610877795,0.21260251495579827,0.7141595893217175,0.1188250987461453,2.1349287224767273,5.509453965680448
20.9,15.16,5609,83086630990361.11,6.816264005723882,0.4285583678900256,2.0946649777123043,0.15735738886684422,2.453207246642604,0.2641135152735795,0.22452946482840427,0.21877759227687746,0.8501248586079646,0.8283468267432613,0.08918023235757631,2.0983007304570522,5.567917548445216
20.91,15.61,5640,81909332868956.25,6.754972871527245,0.40492736377668975,2.1106973474391877,0.1377372097022106,2.2847203513124215,0.31022876015550016,0.06685422426285186,0.31045360834072966,0.21549976291476525,1.000724781883913,0.1358825416696597,2.1120813940484218,5.517693897182667
20.92,14.6,5580,84505971695209.75,6.912178561309563,0.41006364934216905,2.0662219472993355,0.14738192415764886,2.501829996847081,0.28822522886533214,0.22121292650940313,0.23175727589036466,0.7675002198116416,0.8040839339523915,0.09263510157861869,2.0697409003331204,5.6600528057140105
20.93,15.1,5614,83505317368833.92,6.857029119401213,0.4290803583960866,2.0964315728176,0.15732813814190927,2.479681290929403,0.2675724734209243,0.22843162237044212,0.22053635605448468,0.8537186932943256,0.8242116733269269,0.08893737951776295,2.100112105840425,5.611709952008022
20.94,14.54,5580,84902035703529.53,6.9268479651299,0.4017352327160462,2.0519577704156573,0.14372228303353266,2.49317603357484,0.30504426673642754,0.21457585986143352,0.22336434301942906,0.7034253164536184,0.732235833864815,0.08959028163733716,2.085838811063618,5.675254501930088
20.95,14.74,5592,84475793555834.78,6.911207700034021,0.4086166861142399,2.0632286070565056,0.14645296630933474,2.496858348133441,0.28693286296961495,0.22047316791216137,0.2299287700043802,0.7683789358610644,0.8013329934561338,0.09208723040947293,2.0789622295663097,5.660268062151314
20.96,14.3,5570,85426735840135.19,6.971176226004247,0.3972576942802983,2.044208861336938,0.14196708969274396,2.5112915893483074,0.34665279561174894,0.19560646295330775,0.22129638710704427,0.5642719903877162,0.6383805061099123,0.08812054643342782,2.0774381850469696,5.713914283574183
20.97,15.37,5635,82982580479071.34,6.823892272195823,0.4317222374098839,2.1001210749436496,0.15787311516795965,2.464323856364321,0.25178855125409966,0.225999407279634,0.22028422404655354,0.897576185072689,0.8748778407491903,0.08938931605018198,2.1038299306170973,5.579637865439135
20.98,13.85,5543,86834694423397.6,7.053112067777053,0.35857864568378484,2.042942086597756,0.11979274270838741,2.585775402988996,0.28830736013667807,0.06447615672432386,0.3426190266424531,0.22363687383408318,1.1883811307488905,0.13250146406621657,2.044211540645833,5.787445011822503
20.99,13.64,5526,87551265840730.12,7.09529887367992,0.3847515752275651,2.0419721169228797,0.13328774772074042,2.504938190399761,0.49216846311681267,0.07963191119114878,0.27508940036481505,0.16179807760711543,0.5589334160558039,0.10981883761407853,2.043266310466245,5.830903106052091
21.0,15.51,5652,82768443874254.88,6.813739261930721,0.4402763216467241,2.1146279954889433,0.1621818661955474,2.454541175485331,0.25266660815369024,0.23305308073520667,0.21085221828842615,0.922373884060876,0.8345076535011324,0.08590290535530935,2.118386013143832,5.571973351378431
21.01,14.7,5602,84776059148525.23,6.933972316910448,0.41305408897124857,2.069017887196268,0.1507401980954734,2.5217844722668685,0.29191070229403676,0.22380366919721967,0.2330427037861912,0.7666853850798042,0.7983355935728975,0.09241182438430424,2.070354108885861,5.680999633657361
21.02,14.63,5601,84992406766534.61,6.951191988893031,0.4043179455187116,2.0570825129182557,0.14468722412405632,2.5079656345641066,0.3019372406360625,0.21827703177853316,0.22741086602157448,0.7229218605784092,0.7531726313140759,0.09067543146822238,2.085526665131358,5.695671948966773
21.03,14.62,5604,85165064055166.23,6.967613640187696,0.40287835748466255,2.053597727415988,0.14430618164589742,2.5197019449920637,0.3121751181581809,0.2163543265416055,0.22662976385924738,0.6930543594187976,0.725969978633636,0.08994308406582636,2.0837141492442277,5.713977600804194
21.04,13.98,5567,86614352497700.67,7.062034437091046,0.39605383871193717,2.0444548457907343,0.1406708238539552,2.539328260131719,0.3922648770349245,0.17552132343662558,0.22172757522492686,0.4474561290405778,0.5652496264792675,0.08731741331206447,2.0917955605638605,5.7986724444631825
21.05,15.42,5656,83229742437890.31,6.847083936710947,0.42882638482603835,2.0970779378266275,0.15678451029535587,2.4731443160239137,0.2698732085012901,0.2263590942707354,0.22203558863661121,0.8387608963772086,0.8227403893467617,0.08977866240882332,2.0984338869093593,5.606706737062596
21.06,14.08,5577,86434785182186.11,7.044409934432439,0.3637685940858234,2.052205503905439,0.12195677904099454,2.587492752487191,0.2720886679469816,0.06459725247404446,0.3425967031342666,0.23741250586235987,1.2591362430464175,0.13240489381272677,2.0555632665833223,5.77979813651736
21.07,13.98,5570,86651710127593.58,7.067069316997815,0.3561775801430797,2.038662983588834,0.11925257791568823,2.608234079167949,0.2762521634974847,0.06503591164141659,0.34771374201460303,0.23542227079068195,1.2586824212066994,0.13331385583518138,2.04200465243159,5.8071769315903525
21.08,15.35,5662,83668142808706.72,6.883445043477055,0.42524137347066165,2.091285860533136,0.15532083497197294,2.4888219607576847,0.28158061199426526,0.22662602261889234,0.22492017664975616,0.8048353223392662,0.7987772135900356,0.0903721440087593,2.0926430796158204,5.638509141345028
21.09,13.76,5559,87708159924053.92,7.125321362584695,0.3679191516870195,2.0377991341828428,0.1254607241093183,2.527724290889673,0.4684056224986868,0.08063401133285684,0.29103355768939804,0.172145694799133,0.6213280620691396,0.1151365909400523,2.0390804547674075,5.860506318762823
21.1,14.91,5640,84818990891286.83,6.951060881444424,0.40632129378924836,2.061540946405152,0.14532717168120501,2.5137987418383414,0.29953545925149677,0.22121122145999272,0.2294954808289265,0.7385143048264572,0.7661713287715859,0.09129429377512395,2.0831759326334156,5.701954059534625
21.11,14.31,5603,86138318058843.73,7.034939745397981,0.3998992668829053,2.0502436266799786,0.14281548330290872,2.5468105031255313,0.37191042677487096,0.1864231994486049,0.22619448581327237,0.5012583300372289,0.6081961395241952,0.08881480798656945,2.0766412233867184,5.776491062186079
21.12,14.31,5606,86163092384861.38,7.037039041855891,0.39843349196189676,2.0471764929793315,0.142274863019004,2.529475753049461,0.39378099436471975,0.16967194158352683,0.22232383982366194,0.43087895051221486,0.5645875321695839,0.08789324805965619,2.0883944697613375,5.779927763892156
21.13,14.4,5611,86089382361707.1,7.035588037541035,0.3995732053546116,2.0504999670557473,0.14228193979626033,2.5469315321129575,0.3524259391780914,0.1981258971918289,0.22575038849689508,0.5621773971969468,0.6405612169847028,0.0886362219205832,2.088319218014838,5.779623832030865
21.14,14.79,5638,85222953811505.72,6.99095006957751,0.4086205903124513,2.0647876146509567,0.14583225911214134,2.5386161141640198,0.3011084648521545,0.22099903081500297,0.23220772524059702,0.7339515709846098,0.7711763445594663,0.09147020061245624,2.0858472739396823,5.737494881669663
21.15,14.95,5647,84898803549770.67,6.961269702413162,0.4127021005867566,2.0692818159181336,0.15093475221576816,2.5486832406736775,0.2908810180362957,0.22360955347226985,0.23321490325361788,0.768732023085701,0.8017535995577328,0.09150407533263084,2.0710716401202536,5.7108378372190245
21.16,15.24,5669,84208566521894.0,6.922295988815988,0.418320604029421,2.079139999367349,0.15238780785848277,2.518544354603221,0.2850126431140773,0.2253236644471534,0.23139497280414642,0.7905742776364023,0.8118761689864045,0.09187647316245144,2.0804683367515096,5.675754798546945
21.17,15.49,5688,83719364848263.39,6.896126310844393,0.41733557689766654,2.077013223174203,0.15241226537249947,2.5031187827700805,0.2889878522488114,0.224641681017232,0.22811583412947223,0.7773395292194534,0.7893613255863438,0.09113264448322643,2.0783372548837176,5.653880339810539
21.18,14.16,5607,86839527784662.12,7.088782452060301,0.3706795821236168,2.0390462066007875,0.1266817142775512,2.518338776253655,0.457801467984316,0.07950853153282407,0.28798523461531045,0.1736746976432762,0.6290614048995943,0.11435523978379296,2.0424571896854666,5.828106847923774
21.19,15.02,5662,84839484696215.81,6.972990835877183,0.4033999317765797,2.0558693933389325,0.1442186734550404,2.520533962537178,0.3083724851978842,0.21995364842549198,0.22767464208774393,0.7132726134251135,0.7383104946657091,0.09032794061563285,2.08826483521578,5.728500427990424
21.2,15.26,5683,84298786193595.34,6.943025527978449,0.4109375248230521,2.0691766648557737,0.146736151016958,2.5102595470055924,0.2942232291690784,0.2259366384936721,0.23257182815712804,0.7679089075724721,0.7904604568916558,0.09264851853050632,2.0813329845108437,5.6966645049614
21.21,15.26,5684,84476714775532.28,6.951544410973553,0.4119840983383754,2.067238581170411,0.15030498632337955,2.532775276929605,0.2921318977944238,0.22589979502599133,0.23620043994551942,0.7732801406882289,0.8085403946943723,0.09325755904876684,2.0685484931268743,5.70476322555333
21.22,15.15,5679,84720023737854.08,6.967323996780368,0.4083818801593379,2.0659728225985257,0.14549650899429234,2.5284795371033018,0.2962976781575606,0.22027008675955398,0.2297236507113559,0.7434080757204657,0.7753137052569039,0.0908544630638118,2.0875810574209352,5.720258843701594
21.23,15.13,5677,84783528357663.27,6.965628774383479,0.40698526289002507,2.0621880342803918,0.14521124108101682,2.519179758311186,0.30322953389476776,0.22140314540034775,0.22907261623838154,0.7301503338298937,0.7554429586594243,0.09093142936014531,2.0891794935740498,5.720207362008653
21.24,14.09,5615,87214245782249.92,7.121403869340329,0.40154908653457727,2.054228243648974,0.14302192571233896,2.6180866126136726,0.3240105561560212,0.22173767800756775,0.22956601964037335,0.6843532526785767,0.7085140137527808,0.08768465433280466,2.0960735090915423,5.85825989476204
21.25,15.24,5687,84573808435530.11,6.967613418871815,0.3953930209032003,2.0384456145237335,0.14194680947591196,2.514412067519798,0.3311695250884346,0.20727941472613265,0.22344998950920644,0.6259012349363405,0.6747299270654115,0.08886768895029058,2.081102062354976,5.72282652899858
21.26,15.79,5724,83420813738469.9,6.896408530104467,0.4259039414439533,2.0910327430661524,0.15613813133552043,2.5083821526591934,0.27171438338542575,0.22801549869955248,0.22487589294565466,0.8391734580208565,0.8276186565606618,0.08964977394184477,2.0950393255964324,5.653917785982124
21.27,15.04,5680,85189613977908.83,7.010392653204454,0.39822026204856203,2.0458929947138125,0.14256374533179386,2.5363529741856787,0.3393128131079915,0.2095302800154097,0.2255998484926201,0.6175136096281854,0.664872765711973,0.08894655073198207,2.083556105778127,5.76147894201411
21.28,14.67,5660,86233972742469.22,7.056354754059679,0.3617210869333544,2.032442598513736,0.12267989523884264,2.5207274647638,0.40967793272136116,0.07508118611439206,0.3089893089058295,0.18326880731810827,0.7542249270135472,0.12257941932440633,2.033699431239625,5.805945294332555
21.29,14.87,5676,85887941759106.4,7.04025444163006,0.3994092108173349,2.0510260105132594,0.14218926746245272,2.556887576707197,0.3466322248133919,0.20336458658815998,0.22698095147796188,0.5866869033819361,0.6548178017786898,0.08877236275294974,2.0860278131079104,5.794080515878621
21.3,15.14,5694,85373966553430.08,7.015761469656292,0.40119133967580495,2.052074006284254,0.14313703913134235,2.544151317623921,0.31863995139992324,0.21439103514163224,0.22776104833419095,0.6728316213949934,0.7147912474049097,0.08952338909892575,2.0935232296751543,5.769668538941099
21.31,14.49,5653,86697459980718.69,7.100003730804145,0.36891364564640317,2.039636865152026,0.12545425228867443,2.527285950567355,0.44920717528052917,0.07873686179104891,0.296746743440832,0.17527961734332909,0.6606010762306148,0.11741716182698471,2.040915232156783,5.8445417326522975
21.32,15.7,5734,83898882301730.44,6.931702773385139,0.42010669795853217,2.0830673293965547,0.15308805205900802,2.5312981059318864,0.2801824250598535,0.2261543176924941,0.2311387239370083,0.8071681071508402,0.8249579676085381,0.0913123284038944,2.0844047735340903,5.6894840060702006
21.33,15.81,5742,83666262079143.38,6.925892033571439,0.4191708747213055,2.0809003399363526,0.15307374456116535,2.5250103615089876,0.2813756290647903,0.2258974250110693,0.23028607057915812,0.8028322344827297,0.8184293406808585,0.09120202993604168,2.0822284795095776,5.686325321845661
21.34,13.59,5600,89112538674326.9,7.248463531968958,0.37473001797460015,2.0007614722241187,0.1336064171961318,2.6541406039889344,0.3962702170930388,0.19463949046945342,0.19906697122750375,0.491178700981595,0.5023515839464806,0.07500242109567369,2.142862024479433,5.983081093573108
21.35,14.45,5658,87151377295254.84,7.125630045436165,0.3694035500498398,2.039200589274232,0.1258958298206724,2.534347272786576,0.46780061454042604,0.08132554631193376,0.2906119818529764,0.173846599991813,0.6212304405338965,0.1146693608147243,2.0404793542175965,5.869057252497273
21.36,15.08,5705,85465842387709.72,7.032232155169364,0.3993099779836768,2.050606346947019,0.14220077281143445,2.54219524587762,0.364669767501603,0.19620352981838543,0.2243834168549138,0.5380306987403966,0.6153057830710561,0.0882636442731022,2.0828543972136777,5.782416551201967
21.37,14.75,5687,86456082550498.14,7.087622267944828,0.3587431158050817,2.0425284300589515,0.12007630195091343,2.605319137648122,0.31144584224788824,0.0673488639126121,0.3406973762985381,0.2162458276100771,1.0939217356042523,0.13076992041984267,2.0437910976078864,5.835836167197387
21.38,15.61,5743,84364709602928.88,6.977651637716649,0.40411705186999886,2.0534943131991015,0.14707547301173413,2.554073212213797,0.3046102536805905,0.21886235818700048,0.23865695764710204,0.7184996418948394,0.7834830074280885,0.09344170578424456,2.054775886090454,5.735520210660226
21.39,15.38,5728,84966232665034.66,7.009395590353299,0.3955491473609808,2.0417676905564264,0.1415459670166545,2.535357850691378,0.3445203038966799,0.20583203236526396,0.22360015351115511,0.5974452885278775,0.6490187979696308,0.0881927391236628,2.0833569395555336,5.764207078570866
21.4,13.51,5608,89456262575501.73,7.286736555361927,0.3722712257179262,1.9955358501991365,0.1329741213043619,2.6680869048221947,0.40986849598457203,0.18927304317236066,0.19856415216341505,0.46178968382943275,0.48445819600365003,0.0744219207419886,2.1443418275648365,6.010383672652362
21.41,14.24,5658,87648671657990.16,7.170781722857945,0.3991674357954236,2.050137275270788,0.1417113480022571,2.661109518547324,0.31724319877218676,0.2188561958676898,0.22989957183293042,0.6898688347448264,0.7246792767274483,0.08639237514675102,2.1012713178962605,5.909247865140465
21.42,15.59,5745,84597542374590.17,6.984948570463178,0.4022182014218835,2.053338481947292,0.14380778962020402,2.5309499597775122,0.3144952070389328,0.21778741103059182,0.22731099892276038,0.6924983470531267,0.7227804870635771,0.08981252199183842,2.0855847537994814,5.741635372409205
21.43,15.47,5740,85149670407645.7,7.016190876351348,0.4015138242542979,2.053282596843786,0.14300111839088758,2.5432008545155793,0.3270175859408804,0.21477611632611537,0.2268554188673998,0.6567723742078615,0.6937101508308843,0.0892007481299036,2.090906475251708,5.773247189237117
21.44,14.61,5686,87166315883401.42,7.152093855112141,0.36707483704419125,2.0359265571042173,0.12487734398082602,2.545577166457774,0.47533276682753367,0.08181280227443713,0.29676493467066406,0.17211689995720725,0.6243309011733671,0.11658060835123647,2.0371968028282432,5.902125541352365
21.45,15.02,5720,86282247264015.98,7.084083564566947,0.39832520221306433,2.0484758443637165,0.14180623996012023,2.563153186388607,0.3856310530466993,0.19022104736085352,0.2266507005805446,0.49327212074339366,0.5877397548508563,0.08842651378940308,2.088732620542929,5.840858204993995
21.46,15.39,5743,85435842868487.78,7.043291514362764,0.39603254184665787,2.043480838160577,0.14135141987909267,2.546767140719492,0.36228180841224916,0.20206395731637028,0.22461591198431438,0.5577535295021958,0.6200032868576126,0.08819648580861528,2.0847891393393163,5.797246765053537
21.47,14.64,5697,87149931362113.94,7.140959367195767,0.38676541127597525,2.040825302898803,0.13487149714899074,2.5284941288653924,0.5185293081849914,0.08179273373524128,0.27493765719265434,0.15773984699445523,0.5302258770194087,0.10873573090558321,2.04344322547823,5.886858015588677
21.48,15.05,5732,86197929318869.88,7.092489174466196,0.35804438366964797,2.0451930139988215,0.11937337045049358,2.618312738322941,0.28531373559494505,0.06666869930021338,0.3494616159275151,0.23366803270509826,1.2248327799529417,0.13346824877434207,2.0464493872937566,5.841195409701204
21.49,13.42,5628,90148512305442.39,7.337664700336109,0.3615372576291266,1.97748304781772,0.12845279910519383,2.6740929629373995,0.45693872332046964,0.16949158072564732,0.18910660802702886,0.3709284682506018,0.4138555092307218,0.07071803809666427,2.164023890963077,6.066907838061324
21.5,15.82,5782,84419698188099.75,6.99100762627961,0.4054357388285395,2.060051856766491,0.14484680667973762,2.5334201174627737,0.31173401641456194,0.22184104827091405,0.230218096584949,0.7116356784621701,0.7385081013385194,0.09087245143356364,2.0868948662181985,5.747489480265952
21.51,15.96,5792,84266035681483.44,6.974578298488973,0.40541345503013176,2.0593959988048116,0.14498235730309833,2.5305271579921436,0.3084045931927025,0.22158397216230868,0.22996216487582954,0.7184846693377711,0.745650907774064,0.09087520129927944,2.086252807835572,5.7370144918826735
21.52,13.37,5632,90291974733581.14,7.360192990645399,0.32981168137577954,1.9679238009821847,0.11323221300976023,2.7855904138972103,0.4015376158870262,0.12048187372458409,0.3217419574832642,0.3000512752919319,0.8012747616995047,0.1155022489588222,1.9690471474845528,6.092740640409239
21.53,15.82,5784,84717536371093.03,7.013344083608552,0.4005720520700231,2.051066463860888,0.14355459332549483,2.550914131893228,0.3396605701832352,0.21281383142315133,0.22802406346450008,0.626548531401056,0.6713292135778048,0.08938915685698366,2.0781068341214524,5.774087513073119
21.54,14.28,5689,88421718093931.84,7.235157019786957,0.38944278756854955,2.0310083723798833,0.13867827386248227,2.683816845711316,0.35268804888933236,0.2167910881518266,0.22342426179253547,0.6146822633614445,0.6334897439710022,0.08324869938481937,2.1096395215007337,5.978496027275908
21.55,14.85,5729,87229651942866.0,7.156737695001629,0.3862583777438444,2.0451236995227116,0.13372660183757473,2.5349070117004837,0.5122791995044463,0.08268676916127747,0.28096983652285534,0.16140957751410673,0.5484701248745835,0.11084029324388243,2.0464104869507778,5.906767778624156
21.56,15.12,5747,86323051571266.69,7.119943410526051,0.3648383643989381,2.0415861209177995,0.12293511668101458,2.5634548124005656,0.4038653662231356,0.07518345513719421,0.3193780854503567,0.18615969930844564,0.7908033522089642,0.12458892737464437,2.0428486884067887,5.868424442644805
21.57,15.12,5749,86710552102215.4,7.138078477341521,0.36159029119855385,2.0489923411189155,0.12057390634063822,2.6318842602624177,0.31540914454515057,0.0695313432814626,0.3439555923725673,0.22044808935940424,1.0905060881116284,0.13068796282792178,2.050263180183348,5.891838729106787
21.58,15.92,5800,84702057721210.34,7.010019155258667,0.4076364504985989,2.063460246979494,0.14577529330584213,2.5575746946467253,0.3098460720687116,0.22340685122942253,0.23362761095998913,0.7210252811592193,0.7540118530474053,0.09134732660946188,2.0792493257838944,5.76856663709446
21.59,15.7,5791,85162473812983.06,7.054821977051543,0.39970399734820716,2.05009197072367,0.14238321788169464,2.5658933137281714,0.34293360360392555,0.20903145067105475,0.2279159432928666,0.6095391308239295,0.6646066203418791,0.08882518305553051,2.087571593581351,5.808833650335285
21.6,12.22,5534,92218041241684.6,7.597462831045186,0.21659387303641572,1.8779861675563478,0.06959466896129696,3.244712495061174,0.14474533013732807,0.1168886437140943,0.4560476083029476,0.8075469074076203,3.150689613753131,0.14055100690649927,1.8789114048881133,6.3114259328923294
21.61,14.19,5698,88647670788897.7,7.269242431207097,0.3819849719587366,2.017500175103446,0.13573991406124397,2.6823289335884106,0.37769696379536083,0.20852095844403581,0.21397589756547497,0.5520853446865781,0.5665279789789595,0.07977243017664457,2.1273499494240715,6.009298519135699
21.62,15.69,5800,85382725857045.97,7.067968394849631,0.40249728474048807,2.056474726375615,0.1434204798983727,2.5722469003599153,0.36189114543825457,0.20439868980910925,0.23016773264063248,0.5648071039748153,0.6360137172239917,0.08948119739533045,2.0805491780159078,5.823740690022588
21.63,15.77,5804,85296994837511.72,7.057355546437583,0.3947040996540495,2.0406187843278105,0.14084848493846264,2.55909293511154,0.36078981954198336,0.20134188442048884,0.22427089861663263,0.5580586632851475,0.6216109393035003,0.08763687146315287,2.0887351244859587,5.814969235860627
21.64,14.58,5728,87986132877781.5,7.231156561097713,0.39160431642868404,2.034753584820488,0.1395505546289124,2.690647916094327,0.3430587314948819,0.21971794197218827,0.22691024396551615,0.640467423798733,0.6614326444243306,0.08433293802887933,2.1034674774537607,5.976842432355448
21.65,14.45,5721,88304038483629.48,7.24663098777875,0.3879714690735729,2.0290357699331225,0.13780905914739283,2.6823645950648225,0.35419403399333205,0.2169583860546773,0.2224171272308065,0.6125410516055211,0.6279527769657285,0.082918305602461,2.1146898957861833,5.9900768414841385
21.66,13.72,5675,90265924913037.78,7.37224010914732,0.3343260884392537,1.9663667438650985,0.11570925015029936,2.7745498833288735,0.4412740448397752,0.1288306951985052,0.30161557981376824,0.291951671993949,0.6835108099849462,0.10870793191575034,1.9703179061747758,6.104734125132663
21.67,15.1,5767,86977328743703.95,7.172660702043884,0.38731141824777654,2.044319860655794,0.1344826584093937,2.544776630409463,0.5164212709828283,0.08233984240538215,0.2827218077393509,0.1594431659421714,0.5474635217896587,0.11109886988150312,2.045600044070215,5.9214445601209125
21.68,15.65,5810,85717369911373.02,7.095431866406532,0.36046538054740634,2.048200972285735,0.12031779762810813,2.6211334849472303,0.29139565062967565,0.06689582807171399,0.3482739201376677,0.22957044117562864,1.1951925822677314,0.1328714932443356,2.0494609299911764,5.8531476543350625
21.69,15.76,5817,85683749171631.12,7.084884157261224,0.3985998072800284,2.0500411706920443,0.1418694540320021,2.573588376552097,0.38799966487183474,0.19025839172149897,0.22676344176762636,0.49035710323189513,0.5844423650276388,0.08811177569562512,2.083424651688283,5.846928399596958
21.7,15.59,5814,86070564505971.48,7.109991059062555,0.35895854057217524,2.0461819079406034,0.11968740556903724,2.627317377877029,0.29054984113097587,0.06733925094010378,0.3518244955716028,0.23176488645797666,1.2108920596965844,0.1339101619522991,2.047434132128141,5.865414761896209
21.71,15.3,5792,86883953709634.77,7.155551859631237,0.38651374759862756,2.0412538643333162,0.1344815180055832,2.543678317849694,0.515921167801378,0.08194173446919624,0.2786882123465986,0.15882607573245103,0.5401759604752047,0.1095611069964965,2.0425319702421643,5.9096227512884685
21.72,15.57,5816,86281932951248.14,7.126014000479343,0.3665110786807507,2.0403021200845037,0.1242666381480232,2.548742388386454,0.4416629698715626,0.07897024103208339,0.3068074139676531,0.17880204232437294,0.6946641101853613,0.12037600008759038,2.0413365840298514,5.882736875923101
21.73,15.35,5800,86880514549358.14,7.1669941751435315,0.3857706292338144,2.0413122242874495,0.1339836944260991,2.5440719817439583,0.5175167869350584,0.08208610323274312,0.2812141686052515,0.15861534409132869,0.5433913946457938,0.11053703300190411,2.042590328305571,5.918178344747084
21.74,14.12,5719,89530310519302.7,7.338038257396606,0.36009048176358577,1.9730537194833992,0.1283228932451516,2.6581642384158473,0.4422453894025985,0.17535271623609688,0.15769046814541965,0.3965054705781554,0.35656780584741377,0.05932307186533984,2.246213688139844,6.076334911874024
21.75,14.77,5766,88331584521214.52,7.2530944037107465,0.3894080427894941,2.031888330382205,0.13832819980767044,2.6922071425302008,0.34864536525099316,0.22002267968754746,0.22430808622501353,0.6310787453868805,0.6433703372581246,0.0833175436917545,2.116078947768952,6.000755018995138
21.76,15.42,5808,86679244768638.86,7.166062243157849,0.39654497102990544,2.045073070909372,0.14120827739529246,2.645476383168317,0.33965105574346505,0.22147657326727715,0.22831672230516584,0.6520709107836724,0.6722096647260567,0.08630457779091022,2.098505242037689,5.918251460772203
21.77,15.37,5809,86991460092590.34,7.178407023847384,0.38879269855730175,2.0449416857257177,0.13516061866846554,2.554115090410963,0.5228813076826407,0.08315796603412427,0.27527199391773643,0.15903793999191196,0.5264521601235187,0.10777587703514352,2.046229861234202,5.92139615220631
21.78,15.02,5784,87835923058779.73,7.229414360637501,0.3983934364094778,2.0476485777818056,0.1416582530082465,2.6878893228235174,0.34617196588679716,0.22371501701974006,0.23221967774310495,0.6462539982018586,0.670821732049336,0.08639480642721097,2.0975456409705497,5.975367936607299
21.79,15.41,5815,87065672693747.97,7.180490324252042,0.3921860716632844,2.0520362857953214,0.13661206554279756,2.5538715266197207,0.5302589950324452,0.08473970793392543,0.27386154514217886,0.15980814795747203,0.5164675143802548,0.10723387699327981,2.0533486403757593,5.935677356470615
21.8,14.9,5788,88039035167834.08,7.26287207871851,0.3849878553930069,2.023747585536503,0.13664076924857832,2.6930074135720607,0.3592067703475567,0.21546047840454535,0.2186618427083527,0.5998229882918767,0.6087353044509229,0.08119615326952075,2.1209276539815263,6.012653725988277
21.81,14.72,5774,88388704360906.73,7.276025287041795,0.3804084134676354,2.0148050424830464,0.13518202836722182,2.67768714533185,0.39270239831490444,0.20585470632384875,0.2121216134195439,0.5242002778877244,0.5401586909826955,0.07921822151230268,2.126849592421459,6.0183889308103575
21.82,15.64,5839,86537716803692.28,7.160567466432263,0.3868953013493832,2.0447429064009555,0.13392749494049472,2.5485914809141375,0.5076844995149552,0.08236526759572685,0.2814437243165827,0.16223711315673242,0.5543673769545372,0.1104310857288252,2.0460228852259976,5.918201669285721
21.83,15.04,5799,87995107956884.27,7.248769653250286,0.3863809847893236,2.0264839856717787,0.13738567175046554,2.6818928334748904,0.36302186011826115,0.21421611871994917,0.2196033162879763,0.5900915130845406,0.6049313840671645,0.08188370301263657,2.118532044908023,5.996483132019626
21.84,15.79,5852,86128499794407.8,7.128467718915645,0.37134188770126375,2.0432873367186786,0.1263777082226755,2.540960011508788,0.4608765844559386,0.08019320459680887,0.2968857642999566,0.17400147306567193,0.6441762812715427,0.11683999864431942,2.0445607535842236,5.886335934402018
21.85,15.72,5849,86408702494897.16,7.15506168727388,0.3680774920278527,2.0379166941817908,0.1252863315898762,2.5546753694460875,0.47281162913103697,0.08213544831712676,0.2942575795087804,0.1737170645909883,0.6223568994053414,0.11518394197090577,2.0391778818979827,5.909523912568
21.86,15.36,5830,87472452034476.22,7.21922761573885,0.4024442033570534,2.054622112783885,0.14386433328629963,2.7031994896998683,0.32968486919666395,0.22667692189825134,0.23682418044226491,0.6875563396360596,0.7183349997812436,0.08760884327799244,2.0887422568546063,5.972047900675378
21.87,15.79,5857,86528584612643.64,7.166121698292254,0.38240913914857316,2.040970736470968,0.13181408538940995,2.5492811784924276,0.5077965824992848,0.08300481100231388,0.2825645612407915,0.16346075153514997,0.5564522704151705,0.11084087688118112,2.0422452416747454,5.924085328604429
21.88,14.74,5791,89011347643804.5,7.316747834977041,0.3682732588452185,1.989531051599964,0.13121994717348562,2.678614800692933,0.4195238996093697,0.19328011789780783,0.18438432436881072,0.4607130084311675,0.439508510815465,0.06883569982556365,2.184685969362006,6.063945881972208
21.89,14.75,5792,89116581487565.94,7.318114504830072,0.3747497818647794,2.0032513700958012,0.1331960198963339,2.6980393961788014,0.4040908449706793,0.20613127744867107,0.201323348471876,0.5101112287352808,0.498213089896862,0.07461838724705343,2.1526543107130474,6.067655998863185
21.9,14.51,5781,89466290712805.17,7.3457907280587325,0.3743676710451019,2.000478802198149,0.1333568726395692,2.712921088627271,0.4200547148437488,0.2012556581791455,0.20535249170572792,0.47911772220913706,0.48887081717941094,0.07569423694871848,2.141004297967886,6.089239098541847
21.91,15.3,5834,87839612373673.4,7.248579129581606,0.3945855633928451,2.0419581192833234,0.1404599502561261,2.6986937051021935,0.35210780835914585,0.22392810635077381,0.23163022960311103,0.6359646137763857,0.6578389462094828,0.08583049983226596,2.099217872072398,5.998865149792759
21.92,14.96,5814,88463381990633.06,7.299155567857893,0.37585763683274137,2.0049242858079763,0.13379507685925537,2.687106034977884,0.3898291049866577,0.20718920868143356,0.20172378674344882,0.5314872748881201,0.5174672290062925,0.07507101845540273,2.1556498376679065,6.048080022801478
21.93,16.08,5891,85952038038908.6,7.14259710909471,0.35930931435694163,2.0452544038069496,0.11999126956516741,2.636600799210871,0.3120184905990962,0.06939250363758431,0.34803763417918515,0.22239869023257597,1.1154391315429089,0.13200240031913518,2.0465058778318377,5.900337971065351
21.94,14.96,5821,88697469213629.64,7.295039988516295,0.3860691793828767,2.0254940888622595,0.13722649122875827,2.706628691909062,0.36800947325612554,0.218155696459418,0.2205658748864653,0.5927991323951246,0.5993483617008872,0.08149099857908251,2.1240808272415914,6.044950704479006
21.95,15.57,5856,87338730827515.27,7.222171471804011,0.39528766359799256,2.0429523309713224,0.1402342322664795,2.6810602305998428,0.34601028202030953,0.2243415202913165,0.22972672167643726,0.6483666294001877,0.6639303327493405,0.08568502827892073,2.1055327522175307,5.9778524213038935
21.96,16.33,5913,85672998225639.86,7.127629974013905,0.35928242229304774,2.0457683647266824,0.11972490411779596,2.63711706437698,0.3015521044133084,0.06784765161587293,0.3494804873782029,0.22499478737804032,1.1589389769245442,0.13252369115466925,2.0470175395705876,5.889672984347179
21.97,15.65,5871,87384931743956.75,7.228871924810952,0.39581604523661934,2.0443305111764545,0.14077774683072788,2.6823856109166377,0.3499382348823119,0.2239598044844356,0.2305697775553376,0.6399980972635235,0.6588870679789557,0.08595698419234593,2.102904411228074,5.986413166978869
21.98,14.35,5781,90122337606381.73,7.414289949077281,0.3316999013462877,1.9659954260357018,0.11429271949178763,2.8089931029916118,0.43592773951657243,0.12689127167351458,0.31250454437099523,0.2910832694754233,0.7168723530132565,0.11125144594985802,1.9685067493395862,6.154244266656192
21.99,15.76,5882,87142409276605.61,7.210532374186427,0.39027226255457786,2.0481279647974167,0.1356758487167123,2.571697418500611,0.5304432537471694,0.08321084806387612,0.28152389099499064,0.1568704050358943,0.5307332858062443,0.10947006788968543,2.0494131864221767,5.9659539254075264
22.0,13.72,5742,91544265723747.5,7.507180631947584,0.239535866994727,1.9265898978561613,0.07619928153295726,3.141159713191682,0.14032218132746596,0.12303383056064009,0.46110647204466415,0.876795310596829,3.286055473785665,0.14679497833497338,1.9276214171515933,6.242811430881346
22.01,15.11,5847,88595668977425.58,7.316078021897664,0.38119914929868076,2.0142587871650024,0.135932664175393,2.717943991082263,0.3875231830469236,0.21203667970049517,0.21690743556254174,0.5471586965026051,0.5597276370850754,0.07980570470702415,2.122585279366056,6.065701433997655
22.02,14.77,5823,89566057271695.28,7.368054415045483,0.3685263336265291,1.9908212502563882,0.1310712339931496,2.695078375737867,0.46243123282780574,0.18313384062162327,0.189461881162506,0.39602394393160795,0.4097082284082127,0.07029921017070033,2.1732630586057655,6.118204092561967
22.03,14.73,5821,89523630296580.38,7.371404231517295,0.3620997931919831,1.9777043991439454,0.12904784499699337,2.680843538406518,0.4763219632666511,0.17366484984535657,0.17490746149380365,0.3645955115198767,0.3672042756422051,0.06524344259112112,2.200379157179064,6.117812830282219
22.04,15.5,5876,87939766085743.4,7.267582182800826,0.3828238489335845,2.018729836384455,0.1364236513047573,2.691266405180491,0.38320702129755085,0.2132122422062096,0.21812370853507557,0.5563891848439163,0.5692059289427994,0.08104872416762732,2.114285596224312,6.022784278455161
22.05,15.07,5850,88775769316922.12,7.3376414166852,0.36899332295960713,1.991780102809894,0.13124400738547126,2.6872694847013223,0.4323650731535936,0.19274816922921767,0.18748440328089572,0.4457995828001252,0.43362522766563444,0.06976762261777171,2.1795537358335206,6.086705516486329
22.06,15.01,5845,89085249571954.5,7.340877499403049,0.3615261142859148,1.9756430990504137,0.12898134496980457,2.6747442221095064,0.4441537032574858,0.18069327202775387,0.17168340248516525,0.406825994475615,0.3865405179018322,0.06418684862127216,2.2076455745980286,6.080368279159531
22.07,13.73,5766,91867869418996.89,7.528758148381462,0.23543064688193246,1.9166169196935223,0.0751518957716279,3.163187686266408,0.13880260419509674,0.12111302405204045,0.4645490280022143,0.872555848316849,3.346832220447811,0.1468610383187643,1.9176241256710373,6.2635239689904285
22.08,15.52,5885,88118396747339.62,7.288859391483866,0.38909688846900253,2.0317822829847945,0.1382654984535396,2.7183268475302786,0.36203396604250704,0.22149263343987635,0.2262681714446951,0.6118006988710847,0.6249915551242188,0.08323802991177086,2.1114413387657014,6.04383226038473
22.09,16.01,5915,86984815936583.19,7.226371585669672,0.40144636926849186,2.0531386798892295,0.14335234808974323,2.696981965699652,0.33780624060201325,0.22767676739212733,0.2362028849115178,0.6739862679457274,0.699225936414243,0.08758044655676515,2.092654672382247,5.9836625303014275
22.1,15.43,5881,88475381796872.66,7.3046295041596805,0.3762087941742165,2.0057563743721447,0.13385280342391662,2.696621741230457,0.39485046909548077,0.20636985962710142,0.20607637365023543,0.5226531960310222,0.5219099121809656,0.07642020031930903,2.1451974239026033,6.055541627545266
22.11,14.85,5841,89670293150973.75,7.389686506645128,0.359641335629453,1.9721743071423954,0.12810706796013668,2.6821410502541263,0.4807541740900483,0.16952677188046375,0.16493043046512698,0.3526267290374276,0.3430660394728772,0.06149207941524933,2.228320888056266,6.1356685389960095
22.12,15.47,5890,88303188716393.34,7.307017224770085,0.38558328711886863,2.024321253616218,0.13753643537016277,2.7281674821452837,0.3786805526750856,0.21541069774460242,0.22386509090035717,0.5688454192402864,0.5911713430196592,0.08205694568440561,2.1078716577497967,6.0609051392890985
22.13,15.82,5916,87802668761204.34,7.275298778338046,0.38905605877280525,2.0314049103970757,0.13835193405080498,2.712603444146362,0.3585637909908362,0.21992939122201322,0.2260784950048173,0.6133619644478657,0.6305112247393524,0.08334373219671358,2.109648352815827,6.034588649861997
22.14,14.86,5858,89880985594989.16,7.40728581842041,0.32119944912893195,1.9513915671815918,0.11046170391449044,2.821168348892455,0.4170686218734092,0.11609538115316201,0.32927766661699315,0.2783603825952648,0.7895047705529312,0.11671677329935387,1.9522270161431132,6.148097565858323
22.15,14.93,5861,89733917268827.08,7.391406316653591,0.3298282105280403,1.9666081039875494,0.11334884543468177,2.7972905449789214,0.4257374133447924,0.12543649747698155,0.31906462658354723,0.2946334842679052,0.7494399519103246,0.11406202589726035,1.9677220012719556,6.141411564776702
22.16,15.91,5927,87321114818316.28,7.252424460890484,0.3957107694787394,2.041672613774647,0.14096504511363733,2.7068168317108747,0.3411186484212673,0.22616456088078155,0.2315650439005349,0.6630084925802056,0.6788401776690957,0.08554884142425387,2.1021037385230055,6.0041055788830615
22.17,16.13,5940,87017264364651.02,7.237211921296438,0.3976800301388651,2.0482546427010395,0.14097642855824932,2.6928935673054517,0.34514452068891305,0.2236109244386073,0.23215701982656256,0.6478762113687244,0.6726371299859377,0.08621098978629974,2.102642741986563,5.991928554967266
22.18,15.39,5899,88915042092517.78,7.347131550725262,0.33463120847577466,1.971456989091299,0.11522798334173542,2.7653458508080355,0.42292677556600566,0.13614549388899183,0.307136634427592,0.32191268501926235,0.7262170478957002,0.11106626476317474,1.9723144339617567,6.100971655909757
22.19,15.08,5878,89467690427663.12,7.378705797620115,0.35952192267609573,1.9714893883200568,0.12807231278278056,2.6839570377071493,0.4816065050753226,0.17010921717269584,0.17613955023565453,0.35321204215481056,0.365733328722598,0.06562681434950501,2.1999480573013,6.128628539794908
22.2,15.53,5909,88658452516041.7,7.3255092834386195,0.3731737189692905,2.0004474536043637,0.13268863743079926,2.7079558097478422,0.407879070040242,0.19897192108365458,0.200846410876711,0.48782086578755735,0.49241656566711106,0.07416901345056044,2.1542792840553457,6.078973864570465
22.21,15.79,5923,87842526026911.2,7.295782939987647,0.3823446138289421,2.018674656844201,0.13586541488569864,2.69989444656476,0.38297265211620557,0.21363092742912368,0.2167835901845278,0.5578229313468095,0.566055014598664,0.08029335756453544,2.1246540776205003,6.048481860882572
22.22,14.23,5827,91742215641618.78,7.529210607341126,0.3068941213894147,1.9230697111912383,0.10583187185786092,2.9586564625887117,0.3772516710462937,0.11545400827754346,0.358094164469496,0.3060397531370398,0.9492182326888968,0.12103269473745432,1.924073559449538,6.268343932021567
22.23,15.34,5906,89427576407684.94,7.385847150649214,0.3623281492790375,1.9776085991506611,0.12937232359913695,2.7181584348718593,0.4706236498751717,0.1737146287815897,0.18682494523481888,0.36911580798726495,0.39697313401987416,0.06873217647580807,2.1699925604843684,6.137438830950451
22.24,14.68,5861,90637806152193.86,7.470851623528563,0.32127957388426787,1.9520411550168844,0.11026964082428754,2.869706567404239,0.4418038176821464,0.11224526518014487,0.3255021163516081,0.2540613292321054,0.7367571381779888,0.1134269684743543,1.9531155528605413,6.219274791668188
22.25,15.2,5901,89659902806514.95,7.397159177800605,0.3377555426756905,1.9695266754545688,0.11691961479153988,2.786066281874407,0.44879026812960715,0.14416836517084758,0.29789801747061884,0.321237725968721,0.6637800296163914,0.10692423917143827,1.9725960940980154,6.149390413159505
22.26,15.31,5907,89584595071646.34,7.405496732844751,0.3322578991458201,1.9707509085596782,0.11398373616583286,2.8043133523753356,0.42523050110851807,0.12919139862866436,0.31862165255033037,0.3038149857356891,0.749291623530596,0.11361842009576016,1.9718671940901902,6.158277328583082
22.27,14.79,5877,90527677729743.02,7.461719836203962,0.3142334449115249,1.9461353098908507,0.10746704777785514,2.8973839000285637,0.3961130423274166,0.09653973229916087,0.3460371901570512,0.24371763103766642,0.8735819152125417,0.11943090805248134,1.9471904485369174,6.2084675880199445
22.28,14.84,5883,90501570684035.06,7.467544273082378,0.323308955526501,1.9556400097065323,0.11104619086211884,2.8541675070878787,0.4447720575883915,0.11636921182783884,0.32495411614206626,0.26163786560425345,0.7306082084023157,0.11385250351813393,1.9567213301556408,6.218671964667215
22.29,14.35,5848,91269433184443.52,7.520030725125032,0.28330632028043756,1.9288602528647851,0.09662664641910089,3.097522843942853,0.20949887431792086,0.21749387072178966,0.3777370868412843,1.0381624790581745,1.8030506754325415,0.12194811979512661,1.9303996633959428,6.266444620281441
22.3,14.91,5889,90543373913531.2,7.470019022246213,0.32640211696003596,1.9563248979804428,0.11245699159061735,2.8488667523143807,0.4566579619121579,0.11859344152525735,0.3156119307115742,0.25969861782037607,0.6911341902153999,0.11078507987612103,1.9595755711058593,6.214537896789941
22.31,15.54,5933,89232268709438.92,7.396316270387698,0.3601552635966414,1.9730100644166373,0.12810833387762846,2.6903028696941003,0.4582737561042461,0.1787378961576587,0.1541023176531226,0.3900242895798733,0.3362669487407175,0.05728065764976296,2.2637809148521546,6.148334969009332
22.32,14.78,5883,90619608509571.47,7.474623432476606,0.3205734689061023,1.9492218633919516,0.11024941596708378,2.8597796359394216,0.45118032869256075,0.11306869797334577,0.32190258200130467,0.250606444436526,0.7134676791741349,0.11256202329574302,1.9502926596119683,6.221025896449877
22.33,12.49,5693,94295537797975.31,7.843347812325431,0.26663316463579345,1.852286506580634,0.09155094367491719,3.249782990948076,0.4266551478766316,0.06651353630594457,0.37212874303959864,0.15589530944831614,0.8722002884334131,0.11450879768776055,1.8531120919391184,6.566815050911249
22.34,15.09,5913,90443598456906.97,7.462057928708302,0.32630358082170874,1.958632782290146,0.11214390743238459,2.844592154431338,0.44698906220038354,0.12311596796858505,0.3215347312588456,0.27543396109632906,0.7193346738196085,0.11303368419896509,1.95972038140901,6.213867373666252
22.35,14.01,5844,92444418288889.16,7.591778953823212,0.22871961315245634,1.9010840470326098,0.07307744652267646,3.232100626580322,0.12552816345339746,0.13203291773119433,0.4717645208163059,1.05181908265719,3.7582364613455788,0.14596220084751804,1.9020478463173813,6.330546357654866
22.36,15.7,5960,89154881937684.34,7.382944900566731,0.3689210901560838,1.9890802117591606,0.1318526076093863,2.736113921474563,0.43600674090820646,0.19546016902767357,0.19752310565882938,0.44829620895431127,0.45302764183734123,0.07219111167431912,2.1562271200068666,6.138411198631242
22.37,16.2,5992,87937320041921.23,7.3138329956765356,0.37809122173529774,2.009737198153111,0.13441967267592686,2.705273358865824,0.396979649379785,0.2083212328642088,0.21015648834612177,0.5247655218338679,0.5293885685940236,0.07768401210080636,2.139224721014998,6.070029649347889
22.38,15.89,5973,88743036944772.72,7.369249149563171,0.3717935391610977,1.9974564990823889,0.13237933833097965,2.723577371048799,0.42960572138027825,0.19959511515582867,0.20083616114422873,0.46460069133751397,0.46748949361978503,0.07373984057845599,2.153368114457436,6.1264306788894105
22.39,15.28,5932,90174737799725.22,7.448541872242047,0.33070396857517687,1.9649202456098103,0.11372905558008886,2.832976440300252,0.44047562644888943,0.12916615527680847,0.31485288521927485,0.2932424577453805,0.7148020601221821,0.11113854698555321,1.9661403711086307,6.200177211804797
22.4,15.33,5940,90030053422221.66,7.451446206011834,0.3310353616727928,1.9675085172179765,0.11361619635781094,2.823692618184345,0.4522275005411249,0.12990225864222388,0.31453008100128105,0.28724979902103664,0.6955129456411245,0.11138963178064551,1.9686258858812107,6.203295205061368
22.41,15.04,5922,90591281933473.34,7.483787687150917,0.32263794768874077,1.9539106180690458,0.11077908542945052,2.862169876066877,0.4536261583560389,0.11671180198181685,0.32350316864597106,0.2572863134806545,0.7131492809373268,0.11302724249565546,1.9549880469353715,6.23435136040057
22.42,15.11,5927,90613830975976.4,7.480402648696773,0.3192411172583402,1.9488543379223593,0.10959880756490299,2.8672862435554993,0.4454357699954501,0.11411011721712223,0.3296369099980827,0.2561763668380018,0.7400324181451565,0.11496477226121851,1.9499170060514552,6.231697706155805
22.43,14.34,5880,92202652974378.33,7.5950147157385866,0.23114579727097814,1.9134491405737708,0.07345856917167637,3.2098134189373724,0.14398325243934187,0.12759897220468794,0.47146032329845095,0.8862070417421887,3.2744108450881853,0.14688091230378453,1.9144423209670052,6.334752388993217
22.44,15.71,5976,89458210622627.02,7.41090906450742,0.36180381441441695,1.9765253076549332,0.12897467879422622,2.719752338296124,0.465126983612625,0.1785387508646546,0.17505801722161773,0.3838494801526034,0.3763660750489001,0.06436542576199729,2.209582912437586,6.165639190763729
22.45,14.58,5901,91664816318945.52,7.567847420381822,0.2820010492776418,1.921218046440708,0.09643760812149506,3.120688103965863,0.2250502571243051,0.22839194414845787,0.3776520686556659,1.0148486256663418,1.6780788144004304,0.12101564016465935,1.922202664099194,6.314126569168632
22.46,14.84,5924,91147908227561.17,7.527249372956081,0.3151931703545671,1.9480026713425727,0.107831223644561,2.940391563011455,0.3983284617264157,0.09558315857776997,0.3527287197395263,0.23996065499185806,0.885522260224004,0.11995977820663885,1.95078576639701,6.271714849680115
22.47,15.65,5978,89621865880242.2,7.424143183604764,0.3321987684269788,1.967372006196227,0.11427595766226031,2.8128982809749434,0.43897792708305705,0.13388920400086085,0.3124821067348701,0.3050021327735877,0.7118401346766274,0.11108901763293218,1.9684837914558466,6.177776143492633
22.48,13.88,5861,93153175408937.34,7.669074967925328,0.21284001089276394,1.8703050653170137,0.06826680067175522,3.2974482012971253,0.15401042295314696,0.1463944250449037,0.45922350378199805,0.9505488150593534,2.9817689931395295,0.13926632830846356,1.8711945587807297,6.406448769461762
22.49,15.62,5980,89888766625985.88,7.4493374396009,0.3221159479266982,1.953046644852619,0.11066052997634462,2.847904348747719,0.4330956053213347,0.11846469532195568,0.32839447860770715,0.2735301256037012,0.7582493901411337,0.11531092283773815,1.9541160662546797,6.205268032633287
22.5,14.06,5874,93025051783789.33,7.6560166148464734,0.21588182519559448,1.8758679624272963,0.06911733528148115,3.290311638438697,0.14864415040329032,0.1521716934272987,0.45589133898894957,1.0237314621156481,3.0669981815770004,0.13855567164612922,1.8767734512625622,6.398762238188369
22.51,14.76,5925,91655261142703.34,7.56668941813308,0.30390838409374193,1.9176975732152577,0.10487432800615816,2.996694330278968,0.37871786388619944,0.11416706419140071,0.36060242685131705,0.30145677053593295,0.9521664046977043,0.12033340311280527,1.918692499157316,6.312264594751036
22.52,14.89,5931,91291197552768.47,7.543829328148423,0.2684341282525778,1.9170663218239268,0.09049539329290013,3.1237744693832097,0.20759538862794605,0.20234235896310548,0.3987100441197266,0.9746958268217841,1.9206112753992701,0.12763726960046895,1.9180492177826622,6.290101956044509
22.53,15.8,5997,89531750377446.11,7.4328081952807725,0.3410838724405437,1.9758380399024338,0.11824537096214485,2.8019666905605374,0.46020064355582685,0.14428550766448814,0.29586995761264573,0.3135273922036245,0.6429151322487314,0.10559367411803762,1.977757457370796,6.186178556394398
22.54,15.97,6013,89352529037889.34,7.417132628981663,0.3278295298201648,1.963501191795579,0.11267200230622787,2.825843251735405,0.4277685872197706,0.12308502570005599,0.3226476154864765,0.2877374107809832,0.7542573838427106,0.11417746376708347,1.9643447220347685,6.176925421213599
22.55,15.54,5982,90255043279187.1,7.476984532701189,0.32535500569361997,1.9584235820902274,0.11174046767948342,2.852857922753213,0.4535063626810128,0.1210201967443933,0.32138628740978326,0.26685446270026525,0.7086698530751152,0.11265415106954305,1.9595134383430597,6.226010120455665
22.56,14.89,5942,91618472052340.4,7.570195108602693,0.23008640070738678,1.9069515541809907,0.07342069585995682,3.2059440772157157,0.13895710359401225,0.12944669216397195,0.4699085469775418,0.9315586523893974,3.3816806397351424,0.1465741558990779,1.9079212401773775,6.318131635965025
22.57,15.98,6021,89432243070737.23,7.430368724006213,0.355532697441446,1.964412320346491,0.12644152809348588,2.7206126410335885,0.4981805736594561,0.16433190547640475,0.18388358010847752,0.32986413795560393,0.36911029821523267,0.06758903393120246,2.184237855283935,6.185987515413085
22.58,14.43,5918,92475292337059.64,7.634783256181161,0.22084737594150544,1.888193850812175,0.07059873862902225,3.2651311014908533,0.14165549053198556,0.13063549589143444,0.4711181514750949,0.9222056653140259,3.325802266511634,0.1442876677325401,1.8891235091912562,6.376155068392341
22.59,15.5,5993,90377422996348.61,7.4889008498226515,0.32336589526505055,1.954619187316113,0.11107471676365846,2.8607376813450234,0.45904593258918724,0.11815978247607342,0.3213743432161723,0.2574029614195881,0.7000919088935246,0.11233967564096013,1.9556989793264203,6.241043528281165
22.6,15.79,6014,89986889082943.33,7.468453603798666,0.32637926670088013,1.959680029932046,0.11214605509738715,2.8489757829298035,0.45057262284033683,0.12094076669536778,0.319278199238963,0.26841570163090867,0.7086054124333719,0.11206771259762223,1.960770082993758,6.222086018825325
22.61,15.41,5991,90733541830822.11,7.517544753824161,0.31595934811961546,1.9462068805803932,0.10832174373163468,2.9128013857185024,0.4297483948832634,0.10366390098270833,0.3400272031690697,0.24121998410457715,0.7912239050047749,0.11673545777485099,1.9472593377553415,6.266287429584479
22.62,14.03,5898,93471774453322.27,7.710138931210968,0.2044248629006585,1.8542328192771849,0.06559649426066826,3.336057471096646,0.1589496195077209,0.15741017574222485,0.45180800923451586,0.9903148949317159,2.84246046410051,0.13543172236957754,1.855080742130005,6.451811796816651
22.63,15.55,6004,90697781086007.7,7.5148807751292,0.31641643344565307,1.9456729173070477,0.10930404301226815,2.9841731623085863,0.31628042678394586,0.1140710073033784,0.3591509051995828,0.3606641374026644,1.1355457840105996,0.12035189838706949,1.9967708487199978,6.27170340943983
22.64,14.21,5913,93297627647471.97,7.687031719340253,0.21021687148845775,1.8619739084312477,0.06755128701346769,3.32617046016247,0.153525888201221,0.16329407472356713,0.4465456217559532,1.0636256636375443,2.908601454698516,0.13425217591949307,1.8637439417409356,6.430713729208498
22.65,15.44,6002,91003596019820.97,7.5456723440916615,0.30713505385495293,1.9210073781615897,0.10615980141066923,2.969104344394114,0.3876906111783508,0.11579839993384222,0.3568055269185686,0.2986876560716376,0.9203357435819511,0.12017278126053182,1.9241295545086117,6.302562867604864
22.66,15.65,6013,90530767745279.83,7.508969692983391,0.3173062324295399,1.9449090376053177,0.10899076387272033,2.8901521067885168,0.45194795872500104,0.11009292770381081,0.3296381471022668,0.2435964707405606,0.7293719127136125,0.11405563960734046,1.9459599482345429,6.265325371963487
22.67,15.05,5973,91716577387603.86,7.58371358831539,0.23041624729888355,1.9108198093168125,0.07334426955323513,3.2087656830915168,0.1406457865115635,0.1284394088013763,0.4685245446001598,0.9132119204354292,3.3312376873916447,0.14601394768992768,1.9118100614284206,6.328304477239968
22.68,15.44,6015,91167994950852.39,7.5488063548257935,0.3108720864256092,1.9374119277853408,0.10660282601301267,2.990062287301219,0.3518269829230965,0.10179615373908218,0.3721952870584507,0.2893358346006484,1.0578929562653991,0.12447743601836068,1.9400452285043865,6.293039100497373
22.69,15.02,5977,91806737845209.02,7.605022087477629,0.2233511268672683,1.8906481504561832,0.07146636487786853,3.2444501005160262,0.13551806339781938,0.13940830049847602,0.4685673682929149,1.0287064100763945,3.4576008285878044,0.14442119736049872,1.891579850734363,6.353251935417737
22.7,14.2,5923,93637815195857.55,7.725290960860507,0.20932522050873867,1.860389645358887,0.06724194209010095,3.3470681473646082,0.16403815596687346,0.16745837808252284,0.44139773413770106,1.020850161936349,2.6908235558734197,0.13187593281757523,1.8630249351399562,6.468610160904242
22.71,15.69,6032,90564626492797.05,7.51903402115319,0.32225291986230076,1.9516452398335367,0.11064679476877386,2.885202043163604,0.46643549585168137,0.11708395214037509,0.3211666157916002,0.2510185292107482,0.6885552635850977,0.11131512143234283,1.9527157285914085,6.273977314094426
22.72,15.12,5989,91714436173914.45,7.5940395341133184,0.22723698558578342,1.903190567374008,0.07245219928784208,3.2294835003886706,0.13373540138621656,0.11543610271882934,0.47657816739545433,0.8631678786790313,3.563590212131915,0.1475710178850884,1.904153060885121,6.346282451490158
22.73,15.55,6028,91057997294873.5,7.549052808108375,0.2855175140807304,1.9272492123270248,0.09794906410882023,3.099951965926288,0.2308725143990344,0.22687875671092986,0.373377448323435,0.9827014588613965,1.6172451246322834,0.12044620446622537,1.9282463341351606,6.301755271326391
22.74,15.44,6015,91325895823263.25,7.572146789540865,0.23412210733316635,1.9165614602962695,0.0744166028942962,3.199686436692945,0.14100423297461265,0.13376113224004887,0.46636288055832764,0.9486320333669142,3.3074388670465997,0.14575268226605972,1.9175525668220457,6.32316118496047
22.75,15.32,6009,91820465590041.53,7.599494597651639,0.22585630994579392,1.9025382778115258,0.07196569295518163,3.2268340056628264,0.1460215638471621,0.1175071667728487,0.47467023536665154,0.8047247521320969,3.250685877213858,0.14710091517990842,1.9035004773816104,6.354670485569861
22.76,15.17,5999,91925173387836.58,7.619788816155662,0.2218869386878973,1.8904083633550577,0.07096427512390992,3.242358230976673,0.1476806035386028,0.13214374375239718,0.46989270529519594,0.8947941746314412,3.1818173411809556,0.14492313058006961,1.8913388185332596,6.358468787136425
22.77,15.63,6042,91002429557971.5,7.556295019749113,0.30971391294002415,1.924414690237111,0.10700049064678874,2.9637150849081175,0.40374947691690516,0.12446798200448422,0.3456266131181664,0.3082802309861586,0.8560422560975828,0.11661937912931386,1.9274806696469267,6.307199987016719
22.78,14.44,5958,93506746040109.28,7.718864257501497,0.20769020553907824,1.862811800738907,0.06645350733109866,3.330539427869597,0.16253671922494525,0.1552706047122751,0.4576061808440112,0.9552955507695827,2.81540185519987,0.13739701653576347,1.8636794828850645,6.4624503036810275
22.79,14.4,5959,93583960690059.4,7.7271222779580615,0.20760299570270443,1.8612696587711728,0.06651138555799355,3.340215429706386,0.16613282369993954,0.16193061470445885,0.4526071560292616,0.9747057270087066,2.724369248347558,0.13550238466775988,1.8629182154761037,6.471993925574053
22.8,15.44,6035,91530427372394.39,7.593190449512333,0.30663004251483456,1.9189548642247374,0.10598316408244352,2.984524599535648,0.4144019889827173,0.12616994688550406,0.34730368276664986,0.30446269622216027,0.8380840150386784,0.11636817562860284,1.9205645137963867,6.3417502365250185
22.81,14.46,5965,93570746331313.4,7.72705346865096,0.209620757918079,1.8639716417439713,0.06710277088653328,3.3480904518503474,0.15628320436841509,0.16638467191972414,0.45135811911815926,1.0646356567369601,2.8880782227509725,0.13481061088678556,1.86485568455803,6.4749251173126865
22.82,14.65,5978,93029379884077.14,7.710563594030361,0.20539526808416755,1.8580878948078314,0.06580944971770357,3.334340290438181,0.15504244478805973,0.14973351548672503,0.46386085425876594,0.9657582198952557,2.991831397478642,0.1391162310544518,1.8589404540855505,6.457849275362419
22.83,13.63,5941,94898072097165.25,7.852299980649399,0.26468910406148904,1.8409407297573692,0.09144127387251867,3.2449817650795683,0.45802476288788296,0.06662705252277513,0.35649277333445434,0.14546604882820355,0.778326418612694,0.1098597154445683,1.8417485797965354,6.590428618838975
22.84,15.79,6067,90958564789358.06,7.559013593285338,0.30407118364981117,1.9175800810926507,0.10500103212544414,2.9913415140418604,0.37726655351305693,0.11569278067760971,0.36169518825864305,0.30666058149150416,0.9587258263171878,0.12091404025945716,1.9185600366065585,6.31509458537335
22.85,14.02,5945,94412838720812.69,7.797044373786101,0.20497351432645705,1.8413769466214776,0.06615709579841324,3.3990765154402323,0.17317381571506332,0.17736384885006212,0.4328357027264179,1.0241955350911307,2.499429263824717,0.12733920544602953,1.8421968179563684,6.537892030535799
22.86,14.56,5981,93517164023443.73,7.756591207284263,0.1995140691909811,1.849464533410592,0.0637722340749743,3.364948887949621,0.1639033854671662,0.15637274360726813,0.45966741806340233,0.9540543849144187,2.80450227890799,0.13660457658347777,1.8503071879308721,6.499918011354042
22.87,15.89,6082,91064168320187.55,7.571849853680971,0.3022159532302852,1.9289572275799134,0.10323520838020804,3.0443457014598674,0.3227953184780456,0.08236860327298078,0.3947486124154872,0.2551728558559716,1.2229068695193466,0.12966615855295008,1.929751820093884,6.32437078512576
22.88,15.48,6044,91813594734907.78,7.627567564749007,0.2613912756164444,1.8925042163061492,0.08898374826040274,3.1962392870387895,0.22506970806293206,0.22402137132782474,0.39065220663288774,0.995342168681295,1.735694287761092,0.12222245318648034,1.8942983442156842,6.381049657243665
22.89,15.16,6025,92576996072725.38,7.66482092632714,0.21813490744566294,1.8813648010097586,0.06976769287726949,3.29433966001791,0.14307193745819832,0.15388927100644798,0.46406286625486187,1.075607654026564,3.243563164792175,0.1408667332901365,1.8822828165263517,6.41592046666175
22.9,14.95,6014,92840503168132.03,7.699977608209158,0.21312369487124308,1.8714106977293115,0.06821056774277318,3.3209250187078334,0.14730751961081673,0.1559987636637969,0.462185269043303,1.0590006815398307,3.137553807601855,0.13917365385838748,1.8722956836372884,6.445602572716212
22.91,14.47,5991,94081798337348.77,7.7710825239527725,0.20494314450712142,1.8534613225487393,0.06562203427172218,3.380076296901872,0.1563915990707628,0.17336366522854318,0.44795401297128357,1.1085228762837893,2.864309947803507,0.1325277815124681,1.8551000078891542,6.5115954043993876
22.92,15.75,6076,91689378642501.25,7.620327028839901,0.22903295012859584,1.909876230062782,0.07279917021743354,3.230573207257025,0.1507920926850185,0.1309207899343075,0.47446660671126284,0.8682205253811346,3.1464952721516415,0.1468676226390539,1.9108515913903354,6.377056509653998
22.93,15.32,6049,92382302171136.58,7.65721628919023,0.21825379733200015,1.8871049825099968,0.06962241663931114,3.273952567622664,0.14849672255311072,0.12920453584239866,0.4737264945098723,0.8700834174719776,3.1901478117838007,0.14469558881051914,1.8880296776557381,6.398969220438359
22.94,16.04,6108,91027701253120.9,7.574298916944376,0.31015114539749117,1.9235635353938825,0.10739940080449233,2.9709894323177553,0.4161460183654221,0.1287732095348633,0.34331046028548345,0.3094423684279642,0.8249759582801511,0.1155542515739132,1.926347464988456,6.329355334937532
22.95,15.35,6055,92401244826731.7,7.661864448710311,0.20906529164675136,1.866896101129629,0.06690232927131089,3.2904917702629985,0.15225198208610416,0.13729424089047876,0.4676927186093729,0.9017566734391265,3.0718333659845247,0.14213459606130294,1.8677698772382743,6.411861264292142
22.96,14.73,6014,93724879093011.86,7.771694911739902,0.26666163559554784,1.8506044249613567,0.09174428584202805,3.211054086495542,0.4139209641419647,0.0656183052530377,0.36564041122515484,0.15852858622191515,0.8833580390959593,0.11386927824196351,1.8514176988140376,6.519674265584344
22.97,15.18,6045,92854818959590.38,7.697314071095276,0.21366342406450417,1.8690024146778874,0.06852955925100473,3.3212194105339323,0.15140839242184187,0.1645006642554454,0.4537496535220124,1.0864699216746645,2.9968593303455178,0.13662140239300416,1.8715175505770036,6.446688046858205
22.98,15.55,6068,92151593851914.03,7.648025136211077,0.21538641180428675,1.8738603963855993,0.06908135460624867,3.2870434402305,0.15402828753223757,0.15145600706936663,0.4591372627809519,0.9832999476649211,2.9808632565940596,0.13968092333722107,1.874631489984284,6.4074842495948126
22.99,13.89,5972,95256284222403.34,7.890254621686256,0.2641572944279169,1.8437135087791388,0.09092435920017715,3.261714171764554,0.4600402783007676,0.06993828369915989,0.37381793193525165,0.15202643550579556,0.812576527681463,0.11460781425032714,1.8445204235888453,6.627678253492876
23.0,15.09,6046,93091521697357.9,7.714911157531855,0.20823901084683838,1.8621351246360172,0.06671727246553687,3.3337219584167257,0.15982457806513758,0.15622879054603525,0.4582887681208335,0.9775016611172479,2.867448634427521,0.1374706030788744,1.8637908303111768,6.462456463286161
23.01,14.87,6033,93498008665847.28,7.752860712243349,0.26525250361192015,1.8475147435136734,0.09128902843528301,3.2071527555546617,0.4052226450287461,0.06428949485744809,0.3667531671082472,0.1586522758442768,0.9050658239551989,0.11435475484385495,1.8483243044657889,6.5011309022286214
23.02,15.42,6072,92494220041629.34,7.68367631894401,0.21268147670524948,1.8738974475488086,0.06805650916590579,3.306340945356516,0.15351285626172975,0.14280701377845834,0.46581904093135,0.9302609387645121,3.034397589066794,0.1408865717812782,1.8753420347945076,6.43234401899745
23.03,14.99,6043,93434104851829.97,7.749435359582132,0.20625885214728973,1.8461134911150985,0.06644233833325978,3.361573820464075,0.17105137090990175,0.17798484759974526,0.4361269718958793,1.0405344701592343,2.549684165499038,0.12973892444095447,1.8469343244714926,6.493830099939767
23.04,15.56,6092,92320479176175.81,7.669183248173918,0.21602823334288973,1.879880111993431,0.0691678032996516,3.2936609206703373,0.14890325523770542,0.141904411931699,0.4665418298975255,0.9529973787689622,3.1331875797661364,0.1416484092122553,1.881485583055857,6.41963633010918
23.05,15.04,6054,93377444321680.05,7.744657102395268,0.21095645816871997,1.8530277537204494,0.06798495696536457,3.3677180206247606,0.1631517774294869,0.1768569985760847,0.4374435108350732,1.0840028920464633,2.6812059159093953,0.1298931526202782,1.853858771873443,6.493565032812315
23.06,14.75,6037,93713211815724.64,7.777091954695509,0.2635997639059484,1.8423381355752526,0.0908519473832132,3.2158218138771266,0.4128129568916052,0.06419571954681799,0.36582344024309266,0.15550800544197613,0.8861723793692579,0.11375737258341466,1.8431407715493113,6.519482518062755
23.07,15.25,6070,93073853190610.6,7.727347234295549,0.20756829362983475,1.8562766689728314,0.06664521332033849,3.3485135679135,0.16201120780881442,0.17236072785663853,0.44715604483835397,1.0638815066426597,2.760031548965626,0.1335386689554262,1.8570252901519542,6.479617972400925
23.08,15.68,6102,92375037471430.08,7.67305487851898,0.21469510721008916,1.8748287392593803,0.0686935726973364,3.302696526150092,0.14624965165744716,0.15488770997871384,0.46135597823257696,1.059063787321006,3.1545783050012774,0.1396906965504255,1.8757222444901678,6.418114075130027
23.09,15.52,6094,92806380145491.23,7.717287471914937,0.21196147421321326,1.8740976318527898,0.06766409136155685,3.326895548139034,0.16072651547278596,0.15067342236733447,0.46375398089821684,0.9374521803332838,2.8853607603826834,0.13939541358839083,1.874988400643311,6.469954945416513
23.1,15.14,6070,93342574636773.83,7.745392052067698,0.20600707108681668,1.8600037340095017,0.06593579154037987,3.3646745680420698,0.16420859659230946,0.16062145735936756,0.45265443819969675,0.9781549851385192,2.7565818574257053,0.13453141724285683,1.8620054238432633,6.49849624348174
23.11,14.93,6054,93800995620352.39,7.792348690181814,0.1981600521527484,1.844891314450206,0.06342823746389227,3.3928334658005754,0.17495375877688893,0.16303969889955072,0.4524084609443939,0.9319016638417487,2.585874485390915,0.13334237165031124,1.8457166063886576,6.540905778346775
23.12,14.81,6049,94164294897297.45,7.809855963480582,0.20371743175721516,1.8448310481343837,0.06595368865650247,3.408124067023545,0.17718912610451723,0.17462887026286694,0.43639904453847334,0.9855507169207433,2.46289969442627,0.12804670133960194,1.845649412312472,6.557335771474447
23.13,15.89,6123,91950806238384.36,7.659353949516997,0.20990571017958787,1.8678458043617159,0.06737096257133465,3.29018120228316,0.1470006425033807,0.11157853916920032,0.47581754413288996,0.7590343638575202,3.236839894233436,0.14461742830537883,1.8687178206089603,6.410855115475161
23.14,15.36,6095,93357228662688.55,7.761423380395142,0.2041523283491183,1.8542213024684586,0.06532430284798274,3.365083347012936,0.16301898100936815,0.16581726605518907,0.4579915457611788,1.017165394044882,2.809436931364818,0.13610110019049645,1.8550571733302648,6.507448002750922
23.15,14.44,6033,95069838636164.36,7.876692466433505,0.2642898576159073,1.843551608242398,0.09094067892329988,3.250972324263503,0.4606639944359456,0.07012351255088507,0.37517828762642125,0.15222269028589255,0.8144293718587747,0.1154049466451292,1.844355351255126,6.620584946572512
23.16,14.08,6016,95603902400175.36,7.929499623633694,0.2610928045552805,1.836268608957196,0.08976752337002529,3.283114344109293,0.4753197169650456,0.07104952128359607,0.37327418778807586,0.14947732809666078,0.7853118111141305,0.11369515303596438,1.8370660913382697,6.668366428132164
23.17,13.47,5980,96387877278530.19,8.022304075442534,0.26313578152220213,1.8287585622799987,0.09101911678739141,3.3168152265593274,0.5301075869968751,0.06986078578522249,0.3469435728742388,0.13178605154661616,0.6544776596006048,0.1046014170750591,1.8295483467158578,6.742007878162086
23.18,13.47,5980,96359050430403.77,8.025342972475809,0.2620855233481942,1.8316202745024568,0.09022673121972018,3.3268221560037667,0.5257618824867971,0.07217232435564269,0.3615112457936612,0.13727188440188048,0.6875950079982062,0.10866563610599324,1.8324117863353129,6.759393468960799
23.19,16.07,6154,92204212971109.53,7.685623036166919,0.2452769251261167,1.8780587269587317,0.08242492184733051,3.2614258848404685,0.2136683762756656,0.21559809964649745,0.4018791786145301,1.0090313943713516,1.8808547414430816,0.1232219258706803,1.8807034604505921,6.441864362729636
23.2,15.7,6125,92739511448571.12,7.722335366100688,0.21105110277626335,1.8660091454665146,0.06756118077797112,3.341844090600032,0.1518633852861987,0.16284798967417333,0.45529008765552176,1.0723321448897853,2.998024091175705,0.13623917672765334,1.8668709064433309,6.466871179903976
23.21,15.03,6088,94234365619361.0,7.821656588396459,0.26475854881336996,1.8416861011410224,0.09150799479055903,3.262455561364653,0.4158055057868585,0.06373162725919176,0.36095293788827276,0.15327268728341595,0.8680811890771281,0.11063842283794655,1.8443794209516289,6.574316771191193
23.22,13.86,6025,95827557152848.62,7.967568838290473,0.2642997607120687,1.839225585947477,0.09102180765947607,3.3027578314763697,0.4904686186663726,0.07004057764728475,0.3665264893907422,0.14280338227903602,0.7472985537532657,0.1109758898753109,1.8400256894503397,6.707210217517106
23.23,15.4,6109,93464722289530.69,7.765751098522754,0.20369504775430308,1.8503070703456537,0.06529912954217211,3.3759159760065804,0.16465718712553104,0.1702561268194666,0.4490600903175428,1.034003615582641,2.727242570803722,0.13301874024979213,1.851134295468509,6.5173188094793195
23.24,15.06,6098,94139094899765.73,7.815353711776678,0.26704266277784044,1.8514859679669329,0.09191985879042494,3.230741469350225,0.42451536030639786,0.06967651698696718,0.38362375923468706,0.1641319101779439,0.903674625478341,0.11874170770830587,1.8542798123764166,6.570151101673738
23.25,16.02,6158,92449866948323.14,7.703753750683718,0.20940892811891565,1.8677241732103642,0.06702055463400564,3.321860866447026,0.15836238685416737,0.14538155738570022,0.46586067664999287,0.9180308548871461,2.9417381608360973,0.14024087563554852,1.868597666819502,6.459537562190479
23.26,14.64,6070,94725653188396.7,7.870870310972393,0.2624013657956924,1.8361897764533803,0.09050891925462953,3.2571948680904517,0.45712260948037103,0.06718873830125195,0.36268320964323725,0.14698187512017397,0.7934046623848102,0.11134833018322365,1.8369832406740665,6.615966261253703
23.27,15.32,6120,94003266953901.02,7.820400331543435,0.21002920683236517,1.8464788028352548,0.06803779012063012,3.415953415810571,0.18326848273590715,0.16597770499441356,0.434745074172143,0.905653293553972,2.3721758792460657,0.12726902895102343,1.8472924950082639,6.575476013725005
23.28,15.01,6102,94574779299785.47,7.8466277654997,0.2632793044499597,1.8399844842899469,0.09077309780131874,3.2535374406764497,0.4399433327889455,0.06645393520423082,0.3661197102377539,0.1510511246595271,0.8321974285115328,0.1125297362988493,1.8407825234033115,6.598734389746988
23.29,15.11,6109,94230538924822.81,7.830608784431301,0.20560967588009751,1.8498215834867577,0.06630095230981696,3.4275772563728393,0.16809678083472412,0.16908295951317193,0.4434483860223555,1.0058667314956937,2.6380540056764215,0.12937662752833914,1.8506389588310626,6.578305005741953
23.3,14.53,6071,95325609712239.38,7.916412606621503,0.26126300778157924,1.835339925955383,0.09004139118784059,3.2744585408900297,0.4806139427374626,0.07148247760005835,0.37254512963184144,0.1487315935798932,0.7751442405310031,0.11377304827031955,1.8361357633296687,6.66538706212766
23.31,15.14,6112,94374454181245.36,7.851681606315298,0.20430777669148883,1.837977711632729,0.06606091289155606,3.4422374120970485,0.18411890794705654,0.16957971990815165,0.43439228042827716,0.9210337047888333,2.359302937823131,0.12619474731803598,1.8387807061525017,6.604050718093411
23.32,15.25,6123,94250412448839.98,7.835651518452765,0.2613004276895748,1.8341999806604194,0.0903083892012571,3.2500174530499857,0.4387140303940751,0.06527387395601697,0.3613253589443379,0.14878455994987141,0.8236011021114991,0.11117643648505683,1.8349923078204877,6.586939738888221
23.33,16.03,6178,92795723404274.77,7.7362379160787365,0.2096620318872451,1.8564120294534965,0.06747191607550374,3.358026887645005,0.1582463128193016,0.17673420048276287,0.44586787875652517,1.1168298163418962,2.8175561933354687,0.13277674469998474,1.8592279352456476,6.49650474381983
23.34,15.2,6126,94355254599021.03,7.8453850986976565,0.2626991048967645,1.841662489607206,0.09052571079471576,3.292073694101197,0.40431220707778337,0.06301886880154318,0.36067757547892326,0.15586684670497553,0.8920768880211785,0.10955938687678604,1.8424609213122773,6.59655751124809
23.35,15.38,6141,94069103516729.97,7.824584137112003,0.2644783073679028,1.8420878667429448,0.09124618125433569,3.238379481098785,0.436259147217301,0.06662369463456891,0.36503360192400325,0.15271586867468842,0.8367356976980008,0.1127210705399316,1.8436258851946372,6.576292235162538
23.36,14.79,6101,95021829706208.7,7.90025397123631,0.26128061103698635,1.8346719837880532,0.09021070501489252,3.268815703190514,0.47559665189621575,0.07148998321095479,0.3726141091357709,0.15031641397373685,0.7834666363822141,0.11399055283908557,1.8361341423932884,6.649302993325208
23.37,15.8,6169,93476859308280.62,7.77383143197335,0.2031447444429342,1.8497230108774425,0.06507019106572481,3.3566865907815036,0.16996124618111969,0.1750867883787281,0.44472977473592723,1.0301571229487596,2.616654000418423,0.13249070555389125,1.8505496310721545,6.482195908927372
23.38,14.84,6111,95123733602623.8,7.915320182214659,0.26276841485788693,1.8411493022092575,0.09025531415516419,3.2844971543270898,0.45748067409782567,0.07064009926010711,0.37998853655527104,0.1544111112440167,0.8306111232012742,0.11569154080546648,1.8419473952730525,6.665582771561836
23.39,15.28,6141,94360261296726.42,7.8455347999108715,0.20071457913425975,1.8378101397901336,0.06447346545046147,3.4331845837928485,0.18097018188035768,0.18165992508375478,0.43702119594058025,1.0038113638182289,2.4148795751860495,0.1272932419665523,1.8386200898206988,6.591754186411491
23.4,15.08,6134,94895910894391.14,7.8877946491438475,0.26545844645877287,1.836095357792178,0.09211685650290406,3.257651278886393,0.4857475938591413,0.06845256393195903,0.3526775794282165,0.14092208545619506,0.7260511094378927,0.10826130522748187,1.8387877263864294,6.6310477792177265
23.41,15.61,6171,93940195202362.69,7.818658363086858,0.26212985684858725,1.8354481375678977,0.09052858952081581,3.224341674758959,0.4447276901194016,0.06605971432589325,0.36188135411723843,0.14853969247598992,0.8137144642828056,0.11223418316679838,1.8362408693784458,6.561529040437602
23.42,14.89,6119,95214934192885.55,7.923753005523887,0.2641489656151484,1.8421401398211426,0.09097613013351859,3.2842315529547395,0.47003567046350686,0.07058277664573144,0.3739351746824109,0.15016472383070217,0.7955463769668155,0.11385773769391837,1.842939675112212,6.66695539301897
23.43,15.54,6167,94070106594190.02,7.833231884549339,0.19935960045424111,1.8416549552179273,0.0644911940868052,3.4291772546179615,0.17747199428892801,0.17259385830907664,0.43859296932652814,0.9725132069462764,2.4713362301687436,0.12790034948933865,1.8424667173457256,6.584106798804366
23.44,14.39,6088,96195880237333.58,7.992235408663196,0.2636757279275524,1.8280170673525757,0.09137031909266226,3.308913882754439,0.5325528372905455,0.06958278956491003,0.3448047558258842,0.13065894065821615,0.6474564243806078,0.10420481403972304,1.8288046280507961,6.7383010626778095
23.45,15.14,6143,94761115047527.42,7.892608286396792,0.2596269565165032,1.8328935752851239,0.08938254590798202,3.2719564497800557,0.45403455613854216,0.0690122662051974,0.3757396990407832,0.15199782763702085,0.8275574930603555,0.11483639981395254,1.8336804585220436,6.636096937055565
23.46,16.12,6211,93068678385611.02,7.766935871884585,0.20887911982970314,1.852685868278786,0.06723307062818362,3.379410070083942,0.1723279397867036,0.17722305262970509,0.4360640754315971,1.0284057991354179,2.530431664019944,0.12903556135191538,1.8542641495967072,6.521780368199078
23.47,15.07,6138,95051491227704.9,7.924377131832927,0.26383058222377864,1.8423116939659592,0.09072434260160356,3.2892758417083985,0.4618652693469825,0.07059507688642035,0.3772233868090697,0.15284777092296334,0.8167390185939171,0.11468280708654272,1.8430456597274028,6.671632385156634
23.48,14.98,6137,95260995618355.48,7.930096665120612,0.26146327861919305,1.8329084740860495,0.09020474646950173,3.281139681996354,0.493323036897517,0.07103652132744075,0.3671110225141902,0.14399595399838966,0.7441594960229961,0.11188521614258973,1.8336990654445662,6.682017184303995
23.49,14.68,6117,95773657142000.97,7.9629968968103055,0.25878394008164685,1.8261416295084705,0.08925802411850449,3.2973014323910257,0.5070130715099288,0.07212659998314916,0.3673479512933162,0.14225787072579787,0.7245334922023258,0.11140866518440665,1.8269221465187513,6.711932777931074
23.5,15.56,6183,94428519043271.38,7.859544153983726,0.19845376278198484,1.8391539393444114,0.063576439518291,3.445041910100488,0.18606552678019722,0.18280759410051312,0.43513650036248697,0.9824904014404948,2.338619667449318,0.12630804260659764,1.8399662212722039,6.614569423752415
23.51,15.51,6183,94594271542807.95,7.877334354043221,0.26256864602961044,1.835987019923514,0.0905577948897041,3.2616045132347407,0.46618664332410203,0.06771976346771404,0.3600633377657261,0.14526319970225732,0.7723587599986279,0.1103945424114674,1.836778606420138,6.633827262860002
23.52,14.86,6142,95604285974332.48,7.961329625306572,0.26037030393089133,1.8318256046815682,0.08972215754393856,3.3026574813427865,0.4921019717194967,0.07190045053090735,0.3725091987911742,0.14610884463574425,0.7569756274081917,0.11279074529996987,1.832610880780401,6.71094750867058
23.53,15.08,6155,95216654307360.11,7.940372305762341,0.2679194804450493,1.8395561608067725,0.09278805940689279,3.2884187468739023,0.5074467594009302,0.06828143972211255,0.3459849566765496,0.13455882505333697,0.6818152845926232,0.10521316879289058,1.8411741521354732,6.690117742852715
23.54,15.45,6186,94713831367852.4,7.8901105804197735,0.2584884475087171,1.8272208489135469,0.08927559792173988,3.261332855876206,0.4852073569946082,0.07069799768749113,0.36738845202325215,0.14570677189521006,0.7571782388026213,0.11264978714493948,1.8280031267989125,6.646381006155732
23.55,15.23,6171,95123825656777.53,7.923092144742088,0.26130981878865805,1.8349446968022955,0.09005522506712728,3.284463620446298,0.47796561911265056,0.07066562415374998,0.3726028469245723,0.14784666789410844,0.7795599349097836,0.11344404748618968,1.8357333800199749,6.675667151809496
23.56,14.78,6138,95745474776340.56,7.989815564633228,0.26170349663408343,1.8292734676858011,0.09038116121000085,3.3079383379962226,0.5194845886058213,0.07238865538480041,0.36440059099538097,0.1393470701009151,0.7014656430392853,0.11015942673711263,1.830731092846438,6.739420352164573
23.57,15.24,6175,95198425959034.9,7.937073201089302,0.2631399876795283,1.835408266997185,0.09073561375934086,3.297454304271928,0.47683389708123136,0.0677961071911582,0.36074751079908013,0.14217971416492806,0.7565475378475972,0.10940182259136189,1.836198192163365,6.688855506614702
23.58,15.69,6210,94445506242000.92,7.8827450348447385,0.2637381489340715,1.8360211562420288,0.09118417948274653,3.2617848275605623,0.4803371775566694,0.06792672184771101,0.35259330095809666,0.14141466665818747,0.7340537385667972,0.10809827122219942,1.8368180554260511,6.635313118404512
23.59,15.86,6222,94236898541964.89,7.857296493026921,0.265410250426286,1.844580214426554,0.09141434457368429,3.2790787524097103,0.4326260914705396,0.06435262472261918,0.35793271778235985,0.14874882951205773,0.8273488928180697,0.109156487174736,1.8453795889745286,6.612065871760576
23.6,16.51,6263,92946589227495.47,7.774910694064359,0.2036038299392208,1.8545023112862862,0.06507068808473868,3.3876789357956962,0.1566154309105087,0.16427516471249476,0.45802811067965227,1.0489079125693745,2.924540117259411,0.13520410858299678,1.855332897937586,6.53222927209584
23.61,13.62,6078,97651550587431.23,8.177642408494895,0.27572712913413533,1.8579206698881503,0.09452696818085263,3.4108411236638734,0.5806314681244762,0.07676830622630074,0.3503005027568271,0.13221520093334502,0.6033095379558888,0.10270208727298903,1.8596621099930983,6.917311116992085
23.62,15.75,6215,94673886227375.48,7.894297830391477,0.1998253288037992,1.8403935276379393,0.06384054656227367,3.4708244244594635,0.18579364152361386,0.1801243937912954,0.43749677259875863,0.9694863199524625,2.354745668425655,0.12604981384700645,1.8412027449219373,6.647404629200484
23.63,16.18,6255,93997248508783.34,7.854200001075913,0.26562458821480833,1.8432611260941463,0.09167973675180252,3.2692270339327423,0.44748237502370114,0.06534668795029194,0.3555379341100955,0.14603186985147923,0.7945294696607084,0.10875290410234933,1.8440605015216942,6.6113735822001765
23.64,15.25,6192,95514842250606.8,7.964055364297005,0.26159375740025304,1.8362151911752291,0.08992092145821373,3.3076596637525424,0.4847449337088656,0.07199426811007062,0.3751919774340474,0.14851989799920193,0.7739987596433242,0.11343125217677076,1.8370039864244145,6.7194346854983324
23.65,15.49,6210,95014012139312.97,7.928674196820387,0.25970237006666225,1.8287657488930356,0.08969196230310307,3.281123505590386,0.4913296269840298,0.07078112774383334,0.36706269679082737,0.14406036977317066,0.7470803237411091,0.11187103934534164,1.8295479926996994,6.68220147415467
23.66,15.29,6192,95377502128906.5,7.951028646568082,0.260734576260819,1.8267045834974518,0.09026832034512451,3.287564853963884,0.5129278121904886,0.07000154692353928,0.3498209817396868,0.13647446143462866,0.6820082152413526,0.10640732495905,1.8274861593340748,6.701769237479538
23.67,14.66,6154,96525602265813.4,8.049957459499705,0.26583198579436407,1.8316430239540866,0.09201632335701938,3.339133765890631,0.5495475392921912,0.07245140336782722,0.35333878368100724,0.13183828183662422,0.6429630894828537,0.10581749892453407,1.8331700324798257,6.79688852477322
23.68,15.98,6251,94390004056466.1,7.8885623663594,0.2598975875365275,1.8309561388900966,0.08976870646153333,3.2541296172834957,0.4822077894478882,0.07139397602992012,0.3694322162661598,0.14805645531289288,0.7661266042366245,0.11352719765801982,1.8318676248437669,6.6390367313511165
23.69,15.01,6183,96016550521111.83,8.007753875288184,0.2641331426521417,1.8336905017014176,0.09119873238233836,3.32942512660721,0.5181091399961898,0.0700809559501577,0.35025328136704276,0.13526292153555347,0.6760222013640187,0.10519932662488253,1.8343939932760036,6.758150421268094
23.7,13.74,6116,97503347390318.4,8.169000766845983,0.2769250872885321,1.8613255385417535,0.0948143556042194,3.414688431082915,0.5774166759387167,0.07635481709741788,0.34745640024215163,0.13223521293922882,0.6017429262452205,0.10175347099880537,1.8621463688333377,6.911615467372051
23.71,15.33,6209,95671074872842.53,7.975859044603561,0.26085324377982283,1.8304734571803392,0.08996269440276854,3.29830117891307,0.511659002673759,0.07258802717961202,0.36825881073586736,0.1418679761331106,0.719734840609605,0.11165105633477178,1.831256023657188,6.719935784494791
23.72,15.18,6201,95846316841911.03,8.001029174888446,0.2596942090047373,1.8236585159630707,0.08977034971069035,3.308020958645761,0.5296578763234397,0.07281118233009559,0.3638919654044985,0.13746832735785255,0.687032104441481,0.11000292016090149,1.824434095061889,6.750452254012509
23.73,15.22,6204,96004563106466.58,8.009988785910267,0.26448598202119616,1.8331093904824423,0.09146325357751471,3.3222703913588205,0.5278565707429191,0.07074783847502017,0.34920572762324636,0.13402852667998016,0.6615541928970687,0.10511056792111974,1.8338177367924178,6.759822025923016
23.74,15.26,6210,95800549410245.7,7.988977368324153,0.26378523432392725,1.8300494365482582,0.09133139151231494,3.307392913576453,0.5286845881125389,0.07037353030845687,0.3489970380627697,0.1331106143262053,0.6601233436910405,0.10552028355330223,1.8308339083497038,6.7391950651489125
23.75,15.52,6235,95543394153328.64,7.977445972710983,0.26113760552231835,1.8316761022024648,0.09002006377317966,3.307124579586403,0.49409667007324537,0.07131679356447085,0.37167861180476924,0.14433773365422353,0.7522386494725237,0.11238724240961381,1.8324595816840823,6.722102737329939
23.76,15.08,6205,96140323062767.97,8.032358122253525,0.25938618358933746,1.8226417170830398,0.08955950278864379,3.3357645352398473,0.5335706250828021,0.07274991911461143,0.36370133799016774,0.13634543525202825,0.6816367335321858,0.10903087857309358,1.8234160650030364,6.782742856118855
23.77,15.29,6223,95934863330363.14,8.001730380461963,0.2594565364155971,1.8275427378959932,0.08936344324942945,3.3275206668374913,0.513243092903235,0.0725169070107965,0.36710426376590655,0.1412915400392316,0.7152639145893368,0.1103236615250856,1.8282462916191702,6.755150094129484
23.78,14.83,6188,96529523408960.12,8.058617532278044,0.2622625661253094,1.8255402043585283,0.09069888925025935,3.341687472901178,0.5575702895007748,0.07365437200378391,0.3556081853185929,0.13209881048312486,0.6377818044017188,0.10641575198229469,1.8263183419169768,6.80896366537568
23.79,13.67,6120,97899941478329.06,8.225101432260432,0.27984852525712095,1.867511504540802,0.09574185950809767,3.4443747876456583,0.6010370344586332,0.07885579789835388,0.34275733752848225,0.1311995657129198,0.5702765684600635,0.09951220719588648,1.86834341350956,6.9677142482541115
23.8,14.51,6168,97280511661768.5,8.124474324229034,0.2666722847087413,1.8366667407571986,0.09187898688447618,3.377511362731422,0.5709308635742758,0.07547635107269914,0.35510265011169373,0.13219875800755335,0.621971367756503,0.10513736653265297,1.8374572749350502,6.8738112198704595
23.81,15.03,6206,96470960764523.1,8.051732834050812,0.26061473837239024,1.8261817770253068,0.0897997829783128,3.341278350468446,0.540834155637339,0.07383970677558331,0.3647883116767823,0.13652929646902173,0.6744920006890137,0.1091762712991688,1.826959772712501,6.804601473996381
23.82,14.82,6195,96871975396112.92,8.094944069500281,0.2628503591248721,1.8281979804113353,0.09061274278889278,3.363451815391614,0.5608242009952309,0.07484317178825545,0.3606133194979938,0.133452107907326,0.6430059880762178,0.10721524769517377,1.8289773122436015,6.84855575165219
23.83,13.68,6125,98117782554746.12,8.241698903111995,0.28157382891403265,1.873669136246086,0.0959981785365692,3.4584622906632387,0.6025766147220442,0.07990997483330699,0.342523887591159,0.1326138002719667,0.5684320951438814,0.0990393587681629,1.8744670319340841,6.987019887386118
23.84,16.0,6283,94981827457426.45,7.941289738253622,0.2633382323942526,1.8317405112302767,0.09120402176817867,3.297559645679411,0.49736468523470867,0.06798434738744355,0.3501413889940157,0.13668913255343296,0.7039932656834741,0.10618197291830168,1.8325264006242243,6.693152427158977
23.85,14.63,6187,97100984088618.75,8.119660266481532,0.26819874052001574,1.8409453575410313,0.09226202639807098,3.385031057569261,0.5592110739078352,0.07448375246052905,0.3564169502328437,0.13319434456121818,0.6373567457134899,0.10529207684398065,1.8417400194424471,6.8677383218635
23.86,15.79,6277,95714834356202.16,7.989505146137796,0.26002595554227775,1.8235218573239378,0.09011218908372794,3.3026824198550977,0.5369360936397654,0.0736709545934612,0.36045964959179294,0.13720618797306558,0.6713269118272912,0.1091414807021039,1.8246485167941153,6.7487493575411195
23.87,15.22,6233,96521602374129.62,8.060617621618325,0.2621811829177161,1.8293682557989934,0.09042919398321045,3.3450740303617743,0.5431820477266991,0.07419313219177885,0.3647900193114176,0.13658980907467136,0.6715796680654676,0.10905289868038139,1.8300713502992556,6.812056648124297
23.88,15.98,6297,95361348358865.73,7.962672954031877,0.26228450868860537,1.8306833734976788,0.0906613688827135,3.303699570841552,0.503496781384497,0.06924751108225947,0.3524279522782185,0.137533175270446,0.6999606855661024,0.1066767557766896,1.8314648824919884,6.718194444823568
23.89,15.33,6251,96316776266569.94,8.048083757034986,0.2627309756359667,1.8281626960396762,0.09081368059188372,3.340972024150491,0.5407310837797794,0.07271611206364526,0.3603566378797849,0.13447740336166794,0.6664248619865644,0.10785981902120619,1.8289432215230133,6.800829618568754
23.9,15.12,6235,96803517573801.9,8.080295039663898,0.26349628917474816,1.8310124885672108,0.09077286545292468,3.3552540190086475,0.5535249668275664,0.07422204760811336,0.36057554433850014,0.1340897918905164,0.6514169476493124,0.10746594514028383,1.8317937603743695,6.834402429510197
23.91,16.01,6304,95300129789782.55,7.96631576766069,0.2562317502337631,1.8172930781017507,0.088611569753401,3.3019195550280718,0.5090930623038801,0.07072042107290433,0.36394390763674267,0.13891452527925233,0.7148867949402595,0.11022191836337714,1.8180590776313266,6.7207441041567435
23.92,14.6,6201,97754466068882.83,8.168889949919265,0.2740668846988343,1.85025723177389,0.0943211448954675,3.403843852868731,0.5968214290447249,0.07698979816184931,0.3456744806294302,0.12899972155001124,0.5791924750133692,0.10155415335462543,1.8510632179403341,6.920488789126045
23.93,14.62,6206,97664660883018.05,8.171812829591953,0.2755979391927457,1.8563426729972206,0.09450273811641088,3.405999193200572,0.5958765329745327,0.07748620348174377,0.3441083188548631,0.13003734699022873,0.5774825820663255,0.10103006469931342,1.857155098085503,6.920013012443351
23.94,13.72,6152,98399272896731.67,8.279606941917857,0.28545502499174197,1.8779368738434008,0.09758695802553355,3.477911094030892,0.6257453462272793,0.08172775778545213,0.3353328962453047,0.1306086545880079,0.5358935520129418,0.09641790349984322,1.8787451705460665,7.0236428849406
23.95,15.24,6253,96745460161598.34,8.085802620032911,0.26337168485483203,1.8262613546967499,0.09106713896073779,3.349066175512876,0.5705000276566795,0.074684723772163,0.3563501680058494,0.13091099062506517,0.6246277839276406,0.10640284465304062,1.8270396268444427,6.838974128229363
23.96,14.39,6193,97708362997151.14,8.189781783755972,0.2762124809429311,1.8575569257756352,0.0947285266941515,3.4150290827252676,0.5931828844635142,0.07732444945107173,0.3472479244551683,0.130355159389006,0.5853977475584546,0.10168227445315249,1.8583692484769554,6.93264486399708
23.97,15.04,6240,97104833665737.16,8.134548557866358,0.2712243109607623,1.8422293888144354,0.0937852229686522,3.3813584077717107,0.5855012963932912,0.0752836315077403,0.3486243990871526,0.12857978619601723,0.5954289106355379,0.10310187712898894,1.8430254491999771,6.886485052109077
23.98,15.32,6264,96803403485258.81,8.084198413466872,0.26461144902171485,1.8294716583409893,0.09155523118267989,3.357373105403228,0.5622483272542332,0.0738556477893616,0.3551745442505494,0.13135770123148113,0.6317040478983039,0.10578941723186651,1.8302520946563585,6.838000483469955
23.99,15.52,6278,96396472899867.47,8.067792692073452,0.2663843509473352,1.8335378595742062,0.09217170831306135,3.341028735913882,0.5598377555749168,0.07327493167071567,0.35528549176762336,0.13088601285111096,0.6346222423008402,0.10634014845443734,1.834324934620057,6.824039340797316
24.0,14.69,6221,97622685582247.0,8.16167381557983,0.2739479168300626,1.8505850719660577,0.09434265594311128,3.3996686596494845,0.5858811192930711,0.07614680281986731,0.3498476291695546,0.12996971623142023,0.5971307448713888,0.10290639006144348,1.8513895592120506,6.913136457773339
24.01,14.84,6237,97439203143029.42,8.160835405282672,0.27436339287497324,1.8515402429723338,0.09433540838808362,3.400852691317741,0.5896721817600459,0.07657675514907747,0.3478111123636411,0.1298632655868421,0.589838088216234,0.10227173710040156,1.852349564691039,6.915916208616561
24.02,14.44,6212,98107735164439.64,8.217930064302497,0.2775632916280504,1.8630241229168811,0.09494649618177449,3.4443141140293894,0.5939192345165405,0.07826643701291854,0.3476444337778037,0.13177959639011966,0.5853395774608844,0.10093284824452493,1.8638079264230274,6.9717824720696315
24.03,14.59,6223,97788250698997.94,8.19689442906499,0.27785392716216456,1.860732639759738,0.09526388188773183,3.4256101564824655,0.6019406594583783,0.07805088596568006,0.3412856624707875,0.12966541591642883,0.5669755932052735,0.09962770043314893,1.8615162769640061,6.949865515995605
24.04,15.14,6263,97146963907454.8,8.136564708307404,0.27164240171171794,1.8459103289300216,0.09355361084375381,3.3900492888020732,0.5777784893900986,0.07528878777586395,0.34986332015217164,0.1303073568130558,0.6055319236987975,0.10320301870177272,1.8467089585807097,6.889981702745247
24.05,14.05,6221,98245706716615.02,8.265452106840426,0.28376848789435055,1.8810213375187632,0.09639809076246908,3.4827840551005798,0.5977418054236799,0.08062533170802627,0.34297440174792837,0.13488320705773452,0.5737835276634663,0.09847707934852813,1.8818252122925057,7.009598998279324
24.06,14.44,6221,98054693836301.94,8.224714124355623,0.2789200321629597,1.8643703448993367,0.09548750333296428,3.4452754670602173,0.6019530346349468,0.07860944520970328,0.3437277698928269,0.13059066187343973,0.5710209104623585,0.09976786273816379,1.865191485459868,6.973123268978339
24.07,15.18,6272,97217924195010.94,8.139885693572031,0.2724972968070976,1.8459061090747846,0.09403037566428114,3.381227054520361,0.595070211507818,0.07652783278932164,0.34401577331227506,0.12860303088506425,0.5781095518805942,0.10174287847731507,1.8467044458055397,6.885360963236654
24.08,14.99,6260,97181244772141.23,8.16721666069355,0.2727263200129739,1.8507483072520592,0.09360147067263284,3.4060889630273548,0.5878165249892573,0.07682238886480952,0.3468830255238021,0.13069110104758197,0.5901212551486905,0.10184203327898111,1.851551781627317,6.91943930729866
24.09,14.17,6228,98582899895868.66,8.289718300141553,0.28376622206180985,1.8798297194221005,0.09640993600120806,3.497080811862608,0.6029019075441224,0.08115740684472555,0.3446615926270092,0.1346112955178968,0.5716710932811001,0.09855694253843571,1.8806312320267065,7.039292237280074
24.1,15.01,6264,97230183010521.83,8.172509840928107,0.2761770299842417,1.8531480096572832,0.09505734886288966,3.4022478341134623,0.6007251072237402,0.07739876105344742,0.3444578154729685,0.1288422277056921,0.5734033942161754,0.1012441868635138,1.854868724325738,6.925550528968001
24.11,13.64,6167,98738856391067.19,8.348336153196358,0.2952888072090848,1.9037458904202655,0.10013853297669134,3.5282501473224315,0.6399445583652706,0.08504346490840832,0.3272726391298771,0.1328919260219208,0.5114078006474349,0.09275777664977705,1.9045859703181112,7.089490914066108
24.12,14.47,6231,98192489119035.06,8.237979117083691,0.2795930473472488,1.8681581482646443,0.09544785023148769,3.4536110892915612,0.5989287389881581,0.07899475453200983,0.34658227030689387,0.13189341133548727,0.5786702953884242,0.10035358971990915,1.8689469903951172,6.987504331578821
24.13,14.12,6239,98701384551950.88,8.295776333882996,0.28805147158477085,1.885317120934772,0.0982441893725461,3.493264826043295,0.6164120669425183,0.08144564602274812,0.3390040523952056,0.13212857176325055,0.5499633614843209,0.09704504790699886,1.8861254126646538,7.044157418554055
24.14,15.61,6322,96904017178770.0,8.112799998120405,0.2651956266164345,1.8343075943601341,0.09132429469510195,3.37520261813378,0.5654218018382552,0.07523093924185172,0.3590703285340594,0.1330527740480943,0.6350486086080834,0.10638482164149211,1.8350905188305,6.86869362120501
24.15,14.74,6258,98034982217199.67,8.221534146309072,0.27828448726139193,1.8619743751709374,0.09530556436323506,3.4413103503584765,0.6078322947590344,0.07898153473625236,0.3433051024119768,0.12993968141749254,0.5648023400074106,0.09975999472881462,1.8627907187637223,6.975429265809698
24.16,14.23,6243,98505310502123.84,8.28899348739671,0.2853335500286682,1.879133442205603,0.09738899447349904,3.4847345459372376,0.6187383731350168,0.0812590679050124,0.338766569869227,0.1313302543258952,0.5475118152972609,0.09721445504771266,1.8799357892424906,7.035202090045955
24.17,15.07,6285,97491324336711.23,8.174050649074163,0.2730147858315784,1.850824885290617,0.09372288372952615,3.409375753646432,0.5864322264233395,0.07699545856074044,0.352335991592198,0.1312947261277524,0.6008128061806928,0.10334325608298346,1.8516273103669683,6.925741150751245
24.18,13.33,6133,98904268805078.22,8.430761117274857,0.303152261855735,1.9114657226682983,0.10343485090425127,3.57665116690599,0.6827774197982884,0.09095216113225685,0.3144597876652522,0.1332090934687422,0.46055973520353444,0.08792017252755406,1.9152838983513503,7.173927820443615
24.19,14.83,6270,98200730771640.83,8.24035841765763,0.2802422259559926,1.8637896954461046,0.09622115225690749,3.444536582375947,0.6183490182376474,0.07976340422374266,0.34247901360823063,0.12899414710979218,0.5538603660831029,0.09942673141012136,1.8646078110429376,6.990485692124389
24.2,15.93,6358,96598017644346.16,8.090436849960668,0.2678615347124217,1.8351418245762805,0.09260524695417462,3.3614914708051145,0.5727239090804882,0.07492468014772587,0.3510052025448706,0.13082163841914318,0.612869826071015,0.10441948331369735,1.8370077160337674,6.850287340836478
24.21,15.47,6325,97460441091863.19,8.161694484835511,0.2749182514401026,1.8444859793362895,0.09535151623090506,3.39126349514402,0.6070374004617518,0.07621490789884128,0.34232800525422225,0.1255522441300442,0.5639323128918012,0.10094408934734937,1.8461820598411645,6.917047828551873
24.22,15.51,6329,97180659330706.83,8.145562409096408,0.2709144026723866,1.8436345677462873,0.09330815845235538,3.3928202983454523,0.5866497512695621,0.07618510219966763,0.34846386559313175,0.12986471405603822,0.593989624710528,0.10270625466461167,1.844429803718836,6.903003941414334
24.23,14.84,6282,98140978866364.73,8.236691575926258,0.2788156710273901,1.8625340114074103,0.09549704213265384,3.4467935924820305,0.61995319592492,0.08016901613203266,0.33974233362514816,0.12931462674763208,0.5480128755821317,0.09856764686060016,1.8633164801321314,6.985088584153954
24.24,14.87,6284,98142850593414.77,8.233178753120118,0.2774341054408723,1.8608516086576765,0.0950067381557538,3.4536934229459466,0.6037048642815356,0.07895248375570951,0.3451913240243544,0.1307799364009933,0.5717882105110481,0.09994845568252887,1.8616335132548865,6.98843292625144
24.25,14.87,6286,98324928091068.14,8.26109266535492,0.2801975724004969,1.8681286943356266,0.09576329242023227,3.4694656937047124,0.6150641367059113,0.08068341001038061,0.341464889198572,0.13117885631000273,0.5551695649617124,0.09842002179706066,1.8689197339020114,7.0123830413343935
24.26,15.49,6339,97489105699450.08,8.171359141651061,0.27361746772203976,1.8513678297096423,0.0940255520159801,3.4141579425775097,0.5897756029514565,0.07688289415254983,0.3469867454891112,0.13035957026333275,0.5883368924598787,0.10163172041981,1.852170316326165,6.925276208674832
24.27,15.18,6316,97957933465742.06,8.209420250264563,0.27729923764319303,1.8590375631696117,0.09508258316414593,3.4312415733828048,0.5997414356556935,0.07815787193446866,0.3464348742022066,0.1303192797559821,0.5776403856829594,0.10096487431535231,1.8598483012553726,6.962305163098635
24.28,14.04,6258,99030357367396.39,8.370516454472979,0.29231854410891994,1.8982907523415504,0.0989879034561268,3.545080207084984,0.6350158594691583,0.08505124295078474,0.33447013083156407,0.13393562016212218,0.5267114605785822,0.09434769068499839,1.8991259411125108,7.118180869737809
24.29,14.25,6275,98948533036217.58,8.341255183674624,0.2882544394731338,1.8877515127508635,0.0978799647602027,3.5219182836060376,0.6368058254475152,0.08411508178796354,0.3352453401767855,0.13208905827589074,0.5264482936241858,0.09518827899480194,1.8885640883213637,7.0923743753516435
24.3,14.07,6266,99183184892416.44,8.369752599367727,0.29513078812137455,1.8969905887107026,0.10058992882650904,3.530333875121906,0.6563135628350497,0.08519693838227761,0.32723028991425895,0.1298113328852386,0.49858834015365494,0.09269103192200465,1.897812166486377,7.120720305377113
24.31,15.72,6363,97026338092716.81,8.157562316164658,0.2740049679510431,1.8493909725385775,0.09441694186049229,3.396907523740558,0.5916547603622508,0.07666756368524716,0.3468107358907522,0.1295815884897235,0.5861707859468778,0.10209601923718432,1.8510920083689515,6.916363017904761
24.32,13.14,6132,99142582178103.69,8.516537659146934,0.3071912278643791,1.9136176101342257,0.10532217645920282,3.6273078844960853,0.7257254042209382,0.09575406477162661,0.3026801520342487,0.1319425559787562,0.41707255977785973,0.08344484716281474,1.9163442571725382,7.261817968614388
24.33,15.34,6336,98069270082812.66,8.222687320979508,0.2773773165090675,1.8620109253102703,0.09489965673798088,3.444363271808227,0.604611410485184,0.07916334553587133,0.3436427682341838,0.13093260259898987,0.5683696375468997,0.09976960648920685,1.8627933556490142,6.976691238015291
24.34,15.62,6361,97421297062589.17,8.185071834480265,0.2776960155828516,1.8608284133623343,0.09530004070610452,3.4246397538258364,0.5926302363641611,0.07759629180130526,0.34448255676472544,0.13093542489051077,0.5812773895543305,0.10058942882383082,1.8616406141037105,6.9425267602715985
24.35,15.08,6319,98149881217480.84,8.265944615673217,0.283415067738239,1.8710464689038042,0.09708151216530549,3.4671459825859077,0.620180259494751,0.08019624199203626,0.33973171964805254,0.12931118132874886,0.5477951199620986,0.09798598655908622,1.8718405992730425,7.010836086747707
24.36,14.73,6299,98814579293869.77,8.314187359543455,0.28579090607069996,1.8811912739235046,0.09728000842087109,3.507560888709812,0.6322758748808027,0.08324136546107619,0.3361485389646092,0.13165355308988966,0.5316485292562844,0.09583541088241947,1.8819959633495704,7.07000287617499
24.37,15.16,6331,98359755149341.7,8.268498239705764,0.28174704624197905,1.8725359061416464,0.09606303792731997,3.474074420865064,0.6161740054219363,0.08106280890818898,0.34223447978469534,0.13155830689851927,0.5554185615966452,0.09851098114918247,1.8733308020954387,7.023470622690223
24.38,13.92,6256,99379643879112.36,8.40974097565921,0.2971518746172191,1.9060803748271533,0.10096588813795557,3.574220019595038,0.6655999496311025,0.08941827609065625,0.3222843771622509,0.13434237208133026,0.4842013244455195,0.09016914890392393,1.9069479116800592,7.159222733516531
24.39,14.7,6306,99134317012019.75,8.336707933493036,0.2881838610400482,1.8859653755008434,0.09797357046196542,3.5189619799220635,0.6399082688856689,0.08394777287991331,0.3334879806505287,0.13118719816841762,0.5211496660783302,0.09476885017607228,1.8867736419986492,7.093461750674166
24.4,14.99,6330,98636149864443.53,8.300801331873776,0.28431753492198786,1.8773065724610012,0.09694700238765887,3.491619825046044,0.6351605113160285,0.08288856903159128,0.3362179670904608,0.13050019255738887,0.5293433094476071,0.09629283368100566,1.878105158818638,7.057253571132141
24.41,14.63,6305,99031797499424.22,8.343429284779631,0.2941738532379069,1.8994772147102763,0.10001806179592164,3.5262074720238723,0.6444251475347466,0.08554999544254091,0.3264509933254024,0.13275396804394288,0.5065770548747875,0.09257849854706234,1.9003050982782113,7.092185778739422
24.42,15.58,6375,98208949356824.8,8.263697779703781,0.28044381115272615,1.8657664932766427,0.09599223697603748,3.4669891189554307,0.6206866546227989,0.08029144752376173,0.3407170389886148,0.12935906858277163,0.5489356609345402,0.09827462022472959,1.8665493871074448,7.0244972424671435
24.43,14.73,6313,99081901916888.17,8.335757686778427,0.28857051525125893,1.8889632048229903,0.09801402745000988,3.5182964182948644,0.6353985913955413,0.0840284267356066,0.33583386251203345,0.1322452203601096,0.5285404580051608,0.09545354415441627,1.8897755743052185,7.0907917776766665
24.44,14.79,6322,98963330590093.67,8.31677811749661,0.29008069185517366,1.8855217377560356,0.09919145772046555,3.498174729937684,0.6508313735814468,0.08417429932050875,0.3287568580205784,0.1293334997932071,0.5051336972455229,0.09397954173273523,1.886631664236567,7.06941037311109
24.45,15.18,6349,98166722895017.53,8.291554042992773,0.28425409340395585,1.8792646710669978,0.09675014694974755,3.494839106435545,0.6123120124583746,0.08139418378267596,0.3425165359668621,0.1329292617596804,0.5593823557236624,0.09800638184920663,1.88006133227334,7.044032873207093
24.46,12.09,5971,97594775639654.06,8.775891225142502,0.29736332792548004,1.8668816201257141,0.1123550545086137,4.026241738672545,0.6271024285038692,0.3125342418698171,0.18499447775350125,0.49837829940390477,0.2949988221140493,0.045947185926917065,1.942483599590093,7.516042851080576
24.47,15.1,6348,98353956325190.88,8.297864474469767,0.28567827189552536,1.8815826722959517,0.09728066230533013,3.4876396112405437,0.6267302451492089,0.08261641358660898,0.3373586403964343,0.1318213285955907,0.5382836443709806,0.09672978805182132,1.8823852330481574,7.0395126584678085
24.48,14.56,6314,99291242035573.61,8.36794264368815,0.2957381619746417,1.9044416918061629,0.1002693362847077,3.539383782253968,0.6437029994797281,0.08557257375589078,0.3288477711393433,0.13293797578239447,0.5108687879427842,0.0929110238873064,1.9052791797822097,7.1169113900896
24.49,15.77,6403,98066142310231.25,8.234589877853253,0.28119979570886317,1.866377915876154,0.09647435289562849,3.457643281903438,0.6111433604040418,0.07901930169080672,0.34001272473440847,0.1292974886261795,0.5563550989241178,0.09833655383537163,1.8671662041065977,6.997525874468167
24.5,15.07,6351,98910055564806.5,8.335424254340097,0.28861664590995434,1.8877042873561864,0.09805170954009414,3.523876215005582,0.6268485228302729,0.08324022499663124,0.33986624311601044,0.1327916106762041,0.5421824104832954,0.09644670311311491,1.888511152869084,7.090706568925613
24.51,15.31,6369,98544681654721.88,8.290069547207352,0.284971038864938,1.881745743991282,0.09685332432424067,3.494915848636591,0.615472764362203,0.08217635390195431,0.3394582213585276,0.1335174497723085,0.5515406058792846,0.09712915448048752,1.8825481751289261,7.041102660722116
24.52,14.96,6343,98889098290017.75,8.332593388033983,0.289643556019232,1.8914801240195174,0.09822581828011333,3.5256202617162877,0.6239328486745407,0.08326577151832823,0.337581069747097,0.13345309786977058,0.5410535291806505,0.09575083097087746,1.8922908988178826,7.089438193430801
24.53,13.75,6259,99699293862205.1,8.501317369426834,0.3091308685407698,1.9157525063478003,0.10612972299286143,3.618803686895426,0.7218670173428954,0.09538840351185524,0.2979541489651971,0.13214124100442812,0.4127549005659381,0.0823349854660981,1.9186889847049522,7.245252235880143
24.54,14.74,6335,99277491756041.05,8.371839115055128,0.29504296612284936,1.9001657526665938,0.10037436270302091,3.5384157126377733,0.6615198537501651,0.08667276733093926,0.32345409057408886,0.13102065922827585,0.4889559833169378,0.09141212249845126,1.9009973203652808,7.123990522669429
24.55,15.66,6408,98270275067807.78,8.262879568125223,0.2841739700023711,1.8768219884034476,0.0969714111822348,3.4734310614375947,0.6146868845905079,0.08087688641276185,0.33785020371645097,0.1315741208089065,0.5496297581516157,0.09726699558465411,1.877617999747983,7.018622287008795
24.56,14.44,6338,99677527245933.86,8.41763544215061,0.29763511991749303,1.9086167918372954,0.10089895041059008,3.571957293104319,0.6641382763959872,0.08893228993993092,0.3223140412931388,0.13390628593571038,0.48531164781257324,0.09023457304917044,1.90948057962788,7.16946644132193
24.57,15.41,6393,98585710201415.1,8.288846868187207,0.28660513660815373,1.8859545969157891,0.09730812908518673,3.4975961825915207,0.6136362659475876,0.0819414443149249,0.33773257173612314,0.13353422680843272,0.5503790934106392,0.096561339304151,1.8867600415777346,7.045080749804973
24.58,14.68,6341,99446033168466.67,8.387835519690384,0.2964365335465609,1.9044103241848553,0.10076441141279827,3.54327022152872,0.6623187931734388,0.0880464235651384,0.3236440702173964,0.13293662277537402,0.4886530075142304,0.09134049902571707,1.905250592247267,7.1183749801757505
24.59,14.82,6354,99609835980262.1,8.410923980254996,0.29905287720965046,1.9061413661919622,0.10177889814971243,3.560696939953978,0.681646452397341,0.08958522280561858,0.31691661607368365,0.1314247620457036,0.46492813827328283,0.08900409706808123,1.9070005878351985,7.171322038633797
24.6,13.77,6274,99919293517057.75,8.518714060413762,0.30153864243057016,1.9060829879212304,0.10284907091503302,3.6310656279508886,0.7278550560978254,0.09654376383272457,0.30385846032698893,0.13264146896267334,0.4174711129383838,0.08368299872852056,1.9083995478794895,7.258639511913331
24.61,14.14,6330,99930863176316.27,8.482340432142712,0.30204338210255216,1.9060252093779926,0.10329018511340114,3.607556184548497,0.7192891383412866,0.09455891929584569,0.3055892701011526,0.13146162545134887,0.4248489985624631,0.08470811110580072,1.9083265099674607,7.23560396508764
24.62,13.76,6270,99985632079621.48,8.540203483809037,0.3088724267260587,1.9089770586187402,0.10642189816016302,3.6416235270027912,0.7462442403545657,0.09955576560113703,0.29176423072775237,0.13340909077413415,0.3909768611267611,0.08011927333078457,1.9148764643643812,7.29082777625593
24.63,13.9,6299,100164833374501.89,8.52685793692966,0.3037813428973441,1.9121238283309812,0.10337429241485015,3.6370857251392787,0.7207633627937711,0.09666248781728687,0.3069635256231655,0.13411126703584195,0.42588669384267197,0.0843982102212921,1.9145809159759173,7.275149087613037
24.64,15.69,6423,98430146203119.45,8.289289407492037,0.28717458649989275,1.8817956373310387,0.09811882566301397,3.4808471241060914,0.6381457336059925,0.08328083217738734,0.33127443531330303,0.13050440955984993,0.5191203480141737,0.09517063619919157,1.8825982677220316,7.0353940813685645
24.65,15.51,6415,98759406426512.55,8.32133473141951,0.2883641166918642,1.8878528330505548,0.09806289239560048,3.50782964779094,0.6340293185086064,0.08381213596456814,0.33564022518830666,0.1321896851106428,0.5293765057707668,0.09568315992758557,1.8886629167013727,7.069309773985488
24.66,14.9,6376,99591359767549.5,8.408180861499238,0.30009527918016754,1.904368139553838,0.1027274583308282,3.5583361770186697,0.6901948222376658,0.08984535048504938,0.3143285963902364,0.1301738981375776,0.45542010206793265,0.08833583471407548,1.9052317036525015,7.163383689929595
24.67,15.26,6401,99277462166486.89,8.352741557404565,0.29313222591551363,1.8933015776528912,0.10008643549760474,3.5272862683602457,0.6504104896890591,0.08462732570836572,0.33066911698790163,0.13011371595317195,0.5084006519421054,0.09374603925799935,1.894115611089269,7.10970798519659
24.68,14.28,6362,100107363045030.47,8.491586016013672,0.30641000323044487,1.9100890493117206,0.10539063311268447,3.604888297120985,0.7271403242812745,0.09397698249484514,0.30291679577402064,0.12924187994626013,0.41658643546337765,0.08402945412093427,1.911971332805592,7.245702287351231
24.69,15.14,6399,99290287110243.84,8.381981993577199,0.2985675490621228,1.9056002079415424,0.1017697728705739,3.551614311005543,0.6561105464535976,0.08690494139326667,0.3233337170540298,0.1324547240750883,0.492803718522298,0.0910385218496562,1.9064486680273884,7.140523313548825
24.7,13.52,6245,99978591244520.2,8.59838356301551,0.3153033728601349,1.912061759244444,0.10946125997050411,3.676440758693465,0.7708761982657293,0.10256730779088902,0.2861192527886008,0.13305289230830936,0.371161093613079,0.07782506820272604,1.9182194310842247,7.348980691122375
24.71,14.41,6367,99920416487722.98,8.471970645534773,0.3018603519861427,1.9085906740999974,0.10296742249428757,3.607381874837116,0.7055204948216066,0.09419972688855233,0.30840726189658685,0.1335180587664871,0.43713437690363444,0.08549337791151163,1.9112330950777559,7.218033517331887
24.72,15.02,6392,99506136250601.03,8.4097693099687,0.29679227546204273,1.9002928626054694,0.1010576526127117,3.5579705743372876,0.6644278299238983,0.08667303060039126,0.3261229472913347,0.13044762229528908,0.49083276257210345,0.09165982137220985,1.9011208876797352,7.167371884549063
24.73,15.37,6423,99269193152527.05,8.364284527273371,0.29360121631620634,1.897777149879874,0.09970658789458298,3.5351679327552628,0.6492630285032848,0.08564260729843597,0.329665788364659,0.13190741431229158,0.507753828405449,0.09325321869722943,1.8985966423152378,7.117516739069566
24.74,13.02,6174,99328763353297.34,8.694944391618584,0.3199889250651542,1.900928532390898,0.11225051644321507,3.6998265064232667,0.8301105804809665,0.1309967187783358,0.20059209444134551,0.15780634756207568,0.24164502797340848,0.0542166218045894,2.0419776835185988,7.442335331628639
24.75,15.68,6450,98905112058452.77,8.351357217011097,0.29954061090644835,1.8948868338704867,0.10338770343187316,3.5182790063551352,0.6767238754888323,0.08591259217581444,0.31382729599253795,0.12695368862781053,0.46374497392432684,0.08919909291607221,1.8979409967843406,7.106027293053151
24.76,14.58,6379,100246552828032.12,8.487238418495197,0.30311521928585344,1.9155913352186775,0.10300300945546706,3.6144244457403816,0.6891063075594814,0.09257896771833919,0.3158579389059688,0.13434642333519503,0.45835879811433156,0.08738817027375106,1.9166858152454724,7.24021022755246
24.77,15.27,6420,99417178049185.36,8.404674921976824,0.2988432055723531,1.9073686588196639,0.10165702876192183,3.5537096174632223,0.6707071230001513,0.08948495921559739,0.31911001157599045,0.13341882939206118,0.4757814560677007,0.08979631031411726,1.9083446400088726,7.157678226870626
24.78,15.31,6425,99248021561699.19,8.3839199305434,0.29520047261099497,1.900783006204098,0.10031922468472564,3.5511017987115006,0.6558213692764412,0.08649048443417545,0.3266337354398656,0.13188116228905322,0.4980529008992741,0.0919809551949153,1.9016124332141005,7.142961090418883
24.79,15.54,6442,99232502844396.66,8.37755828408475,0.2981872074996991,1.9000466686348387,0.10196064809424339,3.543078637463336,0.6805608092904158,0.08863188861538206,0.31356744463652253,0.13023360646904392,0.46074860667258,0.08850140703086988,1.9027646130457574,7.1423458041627885
24.8,15.56,6452,99150315980110.34,8.361009336989618,0.2937207833403462,1.8994345622243065,0.09971756212654855,3.547878257933456,0.6457530117669971,0.0856427799066452,0.3257933497072759,0.132624669720545,0.5045169651099202,0.09182765755244426,1.9002599891893783,7.12107444186694
24.81,14.63,6385,100132027751189.47,8.49259104548835,0.3110133958979749,1.9141578866790563,0.1072063331315634,3.5986601427761378,0.7344121988847432,0.0960677436282078,0.2973895899729272,0.13080902492373284,0.40493552588659926,0.08263897622283109,1.9206838075497759,7.236979385097143
24.82,14.49,6396,100399650959949.69,8.513338729429089,0.30334325779124927,1.9070116970108144,0.1038093709874267,3.6210603972756266,0.7278164897213679,0.09570045477582934,0.3052831297100059,0.13148981388490746,0.4194506912406976,0.08430766024772507,1.9097034783914528,7.254769023299501
24.83,14.29,6390,100482194112791.2,8.546068190634271,0.30499244699793215,1.907070552627553,0.10471145909878934,3.652374176072909,0.7446863207002751,0.09829721993101408,0.297965252884207,0.1319981543887889,0.40012182928781564,0.08158125058385557,1.9101024142920835,7.301701138884615
24.84,14.91,6408,100107567346561.08,8.47557952247134,0.3101131560625786,1.9175694733398403,0.10660889129838359,3.594656352610738,0.7247340606431073,0.09425801066434704,0.3001471533085546,0.1300587564226046,0.41414798835618827,0.083498149438002,1.9188627691926072,7.231776517072348
24.85,15.84,6480,98883026700502.4,8.33265853172478,0.29012317841302526,1.8922515152395383,0.09850818361335381,3.5243313774301877,0.6356783084161298,0.08393488154486868,0.33160546374904804,0.13203987053452035,0.5216560945351173,0.09409031905247302,1.8930615062351572,7.091300575546407
24.86,15.13,6428,99827996638591.12,8.447981507148398,0.30229585888564664,1.9124060317251383,0.10280364678741617,3.5923700996366823,0.6786046468653971,0.09092487264047548,0.3177757137610708,0.13398799000342043,0.4682781281102874,0.08845851205398055,1.9156289488150422,7.208983807061146
24.87,15.4,6450,99742061076224.16,8.424926093649155,0.30006130548476406,1.9106334622434455,0.10185357039853644,3.5717681959874894,0.6710641272029669,0.08879547019687264,0.32094462314744215,0.13232039472438673,0.47826222582506,0.08985594964085018,1.9114913821026165,7.180495357055259
24.88,13.52,6270,100435767806956.06,8.67088936126642,0.3087144355143212,1.9066321031590812,0.10599020480525044,3.7315884729944773,0.7866596439083197,0.10968647069699937,0.28613530532866405,0.13943319902880724,0.363734567477077,0.07667922317785751,1.9089676219093803,7.418305350664084
24.89,13.46,6261,100371457985275.06,8.708988025681466,0.31564739994448693,1.9064733164045378,0.10953559529445694,3.7408133679292725,0.8170167402540514,0.12176467743845167,0.25620362849444417,0.14903571914645095,0.3135843072380349,0.0684887491824447,1.9347069435897022,7.456066810003452
24.9,15.52,6462,99430315715187.56,8.410960999098501,0.30091466626937713,1.9072358360419073,0.10273231823256589,3.567180993828171,0.6843997999176755,0.0912391333928175,0.3125633160788683,0.13331262429327476,0.4566969717356224,0.08762193917820708,1.9109304795263002,7.16813548670423
24.91,14.99,6425,100238332628706.19,8.497649301739989,0.30208332033152097,1.9069708589697576,0.10317926458031686,3.6211039334475523,0.722224506022096,0.09516905377853685,0.3062028795184734,0.13177211931330562,0.42397187711753626,0.08456064370042705,1.9096326443937572,7.256093871100712
24.92,13.62,6299,100391789983084.5,8.66692689930419,0.31218685937375623,1.9172683509590205,0.10689279569440732,3.7314127493733347,0.7723351334783695,0.10820139407704754,0.2896627392427743,0.14009642885173487,0.37504798977384185,0.07762816892647997,1.9187575856074677,7.422673844159983
24.93,14.9,6423,100278725253964.4,8.501995230273852,0.30671931733047936,1.9146787675922072,0.10495949017993539,3.621590756831323,0.7227217043569121,0.09495572030840077,0.30091842069759406,0.13138628566979832,0.41636831837692695,0.08309012279479083,1.915702927972425,7.255151494310507
24.94,14.35,6421,100826585443315.97,8.584372278885025,0.3054562213841505,1.913302237110468,0.10399564886602808,3.6761983673472813,0.7365013687516507,0.09993274880057863,0.30382114011787204,0.13568576114116646,0.41251945075518376,0.0826454695199452,1.9164006574679417,7.338309429635956
24.95,15.1,6445,100293620189250.25,8.493950865613382,0.30669462380719853,1.910299159216261,0.10545595613754853,3.6170161884666316,0.7248829624772226,0.09632698810909683,0.2996276186428768,0.1328862631560659,0.4133462009079731,0.08283834050792525,1.915699038639782,7.243137406249022
24.96,12.43,6112,99058482911157.53,8.895381269167572,0.29533403971436545,1.8628185800196995,0.11352347712826982,4.068985693705421,0.7038771068683369,0.30532893395254423,0.1422311228621349,0.43378159478861594,0.2020681188154338,0.03495493313779931,2.004259252505613,7.640975079485648
24.97,14.59,6423,100647108250683.78,8.562729852964736,0.3079087898343499,1.9094314790972406,0.10592538499051526,3.65613955308655,0.7605548124614013,0.10117054885576757,0.29075058776500295,0.1330220349646424,0.38228748671517837,0.07952393051286798,1.911496817433393,7.31794493251352
24.98,15.23,6461,100043920922559.33,8.47723917334751,0.3036422959359101,1.9166875572537496,0.10309628549004878,3.6117411942273554,0.6912215017756129,0.09274098085793281,0.3141666932205364,0.13416969903236423,0.4545094335368671,0.08698482984402894,1.918020942411204,7.2345422266441455
24.99,16.02,6525,99017352714900.08,8.374318334302265,0.2972595646700437,1.9089290161668835,0.10065526494509382,3.557868601038664,0.6407318383686549,0.08649784847382752,0.326933657385999,0.13499851777938285,0.5102503696685238,0.09189031244452249,1.9097886278998557,7.1331316005389995
25.0,15.9,6514,99196085984084.4,8.406705981251987,0.3008814789350372,1.9093244141005161,0.10272247583820072,3.5703384497627026,0.6713275867938564,0.08949246819043291,0.31423387340086695,0.13330670443297787,0.4680782967695297,0.08801234891940064,1.91093935399955,7.163379546230694
25.01,15.24,6465,100412130784834.11,8.505016778787564,0.3021626336303473,1.9065468957580636,0.10329242465210525,3.62312482470953,0.7140351071488007,0.09361541085551695,0.31045289132518966,0.1311075742890721,0.4347865927277062,0.08568650166505898,1.9102623431596055,7.265013971418439
25.02,13.58,6304,100883153905244.05,8.726649743685904,0.31231688977059063,1.9103741432365542,0.10736904840448228,3.7709993487108457,0.797657844874836,0.1125851432079284,0.28564068267282017,0.14114465736320142,0.35809925835762485,0.07574668045765358,1.9132455160376856,7.483442310152442
25.03,14.65,6431,100770858315162.22,8.566207719204638,0.3062970523184668,1.9123058109106197,0.10480478853504818,3.6637518886717646,0.7441584904530583,0.09792871011487529,0.3005125861818812,0.13159657703462388,0.40382874083573683,0.08202318151266168,1.91448600299363,7.324892325179949
25.04,13.57,6304,100611937434516.97,8.718765703017588,0.3115379382728068,1.9021282892519709,0.10777547297243639,3.7582290475201603,0.8282927502051851,0.11934733337295751,0.26758134980191045,0.1440883471977664,0.3230516622723368,0.07119878709321137,1.9084420903788888,7.466291713687382
25.05,15.39,6484,99684406349619.98,8.499436598611847,0.3026182175912732,1.9068443743310928,0.10353606452933554,3.616795959462585,0.7220794061801491,0.09430285079325948,0.30632258281617286,0.13059900335910174,0.42422284889225814,0.08469446058043288,1.907847536161978,7.2552217524963885
25.06,15.14,6468,100506097952419.61,8.534866031344885,0.30201808893899573,1.9042318278349508,0.1033635916888936,3.6446695091446584,0.7328651843054687,0.09765626883940871,0.30112845378228165,0.13325270586016022,0.4108920170190088,0.08262160753580956,1.9066971811519329,7.290656963404834
25.07,15.35,6488,99880203446433.56,8.498709853604169,0.3059479358615968,1.9149498094747857,0.1045754440718725,3.627369618999958,0.7064018271903838,0.09376499282803527,0.3074277617106011,0.13273605647506978,0.4352023874759112,0.08475225686963683,1.9181023578119138,7.25802995685351
25.08,15.0,6463,100670931668639.89,8.56163467054298,0.305907907186607,1.9086899950971519,0.10482506355231468,3.661321439312584,0.7546887935972546,0.10115414587945204,0.29240354886752773,0.13403424926623955,0.3874491728885683,0.07986284561850071,1.9098807789428216,7.321689875444068
25.09,14.46,6450,100972514743007.38,8.634283466622957,0.312003897074148,1.908394591984153,0.10776107097957131,3.7000759771650995,0.7959512303455303,0.10922005140821785,0.27941286695632295,0.13721952708183432,0.3510426974715864,0.07551544040736204,1.911029864240263,7.390632561092011
25.1,12.66,6170,99788986965320.39,8.908666252023794,0.294819083749997,1.8631025934422674,0.11378800734214675,4.089843737292698,0.7021383975995693,0.30891208885034893,0.14479632162353087,0.4399589737670521,0.20622191026520167,0.035403876266280006,1.9927271037389898,7.658608485221627
25.11,14.42,6456,101015280447180.4,8.638508303712712,0.3138769972542878,1.9106340201575172,0.10865018511742419,3.706368801761567,0.7973776409628777,0.11020781436442623,0.275517947173631,0.13821282251072928,0.3455300638238712,0.07433635504450678,1.912205140054936,7.396794819794005
25.12,14.01,6397,100955368065449.11,8.691652969521844,0.30895653146422974,1.8984717674191929,0.10683643378443242,3.7461428841902125,0.8141299076140137,0.11566523628281823,0.2745417141342043,0.1420722113277973,0.33722101542591526,0.07328650364428126,1.9011539385743135,7.448422692303084
25.13,14.4,6454,101558772774824.02,8.665132204422488,0.3087724750901692,1.904998073508762,0.10652525026269057,3.716992337310384,0.8091036083799831,0.1092256018194755,0.2811596479364857,0.13499581597240806,0.3474952342623139,0.07564170770928541,1.9061007763359035,7.4138801542632375
25.14,14.56,6466,101164709832529.31,8.624223303553693,0.3123097860063056,1.9113544242593636,0.10792124558005092,3.69243476904245,0.7905911124995628,0.10479509202994464,0.2838966468040743,0.13255283340919494,0.35909415412791057,0.0768860290191928,1.9128305850753284,7.376084341416975
25.15,14.21,6430,101385227949022.12,8.682277355273218,0.3106395310285715,1.902042412761438,0.10735762041527985,3.7329780610420578,0.8183367975806703,0.11278463926084341,0.27553505463241584,0.13782178632841605,0.3367012890621652,0.07381105651488894,1.9054385436264112,7.438466955246512
25.16,13.12,6250,100324035666118.97,8.847925253452324,0.2951915402006039,1.8649052775533057,0.11325406981658222,4.057006719825478,0.6748108520783693,0.3110095226900249,0.15544155268804613,0.460883996948386,0.2303483297716645,0.03831434439791434,1.97596635884038,7.595966079439304
25.17,14.54,6470,101255240223706.62,8.637386441908715,0.30919578115332386,1.912058901295453,0.10601543061271855,3.7053340035814157,0.7690791394492514,0.10350696995556181,0.2925540865189756,0.13458559028097503,0.3803952955068808,0.07895484893836978,1.915321977669386,7.38513851870961
25.18,14.13,6425,101124627822090.3,8.700304122518688,0.31001556267346364,1.9036124508071568,0.10711050792222758,3.7444528169036406,0.8149230700784181,0.11157091183731974,0.27805438235480684,0.1369097475993452,0.3412032283342406,0.07425768088185854,1.9062513354144621,7.451290192134177
25.19,14.22,6436,101356585220093.48,8.70333887894626,0.31262813960563113,1.9054475913643802,0.10803595446569485,3.749249640718463,0.8154106234562493,0.11585394599824987,0.2728836646764805,0.1420804962132873,0.3346579708758504,0.07278354092852249,1.9090972880413934,7.465588920417246
25.2,14.83,6471,101012380880543.66,8.610466401509115,0.3045439035258169,1.899111759842241,0.1047953854288599,3.697339903584897,0.7884523700710898,0.10975578033147204,0.2814752411689464,0.13920407179646888,0.3569971400346828,0.07612912215510165,1.9001267897168388,7.3687484403647705
25.21,14.35,6459,101258413555314.55,8.673175471603528,0.31215306358975636,1.9023220650343278,0.10814721277136617,3.7359156526141675,0.8119328027328563,0.11689129034365718,0.2686374304887301,0.14396670506502124,0.3308616545415246,0.07190671724634734,1.9049233284391287,7.430480238534385
25.22,14.52,6481,101231337526945.25,8.67659183160035,0.30844954222628496,1.9015729934867738,0.10652905429785031,3.7403978369483184,0.8022934712125978,0.11010134975670732,0.28109670911929774,0.13723326152747894,0.3503664422127781,0.07515155375788485,1.9042371574906358,7.4371485741131975
25.23,14.75,6484,101333778369389.4,8.64061962543558,0.3099368089578754,1.905566457855171,0.10696365457291739,3.7061388987561723,0.8045980193225047,0.10965255374820418,0.27828831659228215,0.13628240576646566,0.3458724852773179,0.07508847460781334,1.9068424659292502,7.395777794281257
25.24,14.17,6436,101518626932225.08,8.738414373281692,0.32113052322359403,1.906402093809588,0.11231809124290074,3.743001895962129,0.8355538854746067,0.12634342421766187,0.22076277319504156,0.1512091875988309,0.26421129388877784,0.058980139292260515,2.0039377009868784,7.495711386288724
25.25,15.38,6525,100756613688888.6,8.58565711014296,0.30802405209069106,1.9104076599168847,0.10579366978816424,3.669257474757759,0.7600011996076688,0.10077616560315442,0.2936244449819157,0.13260000859890425,0.3863473441008933,0.08002285121768418,1.9134128129164738,7.344113271949932
25.26,15.84,6562,100324845170974.77,8.506907364879842,0.3087809029141912,1.9235628373654874,0.10528793829921552,3.6252920024348874,0.711952038079688,0.09473732582657537,0.3062264413584549,0.13306700558383897,0.43012229051892864,0.0844694554680785,1.925190518686178,7.265688806660261
25.27,14.65,6493,101352067538042.97,8.667103188643578,0.30767892561577403,1.9080508231396265,0.10550982468435395,3.7306758750098,0.7881968738841293,0.10711914934271839,0.28677297892048853,0.13590405251780496,0.3638341998329801,0.07686890754607172,1.9092620943561929,7.426144657426407
25.28,14.67,6493,101536431733751.77,8.679930127158526,0.32121207660653034,1.9063831060144747,0.11249594386938712,3.7136966044567665,0.8261167383293925,0.1180470172396026,0.2459495930957529,0.14289386930752931,0.29771772158148296,0.06622770228472392,1.95446992073503,7.440262460125599
25.29,13.94,6409,101496227410061.92,8.773235114325315,0.2961515234876604,1.8670647334964756,0.11300097739170266,4.038887457299388,0.6258438464387627,0.32305151824012907,0.18478991989363808,0.51618549911194,0.2952652182251972,0.04575267863918108,1.9244712812797913,7.529767064059784
25.3,14.82,6500,101539036618032.83,8.659905606924992,0.31106960811551954,1.9027721831859512,0.10766753773851934,3.721510923290423,0.8098659675588579,0.1118865415338761,0.2751921533386253,0.13815439346232886,0.33979962655811363,0.07394635109529936,1.9050447418354857,7.42060310606133
25.31,15.34,6533,100980615546675.64,8.579836481930975,0.30918875686246966,1.912073572222378,0.10624517258907218,3.668460050719642,0.7490273473553843,0.09933813174042119,0.2954710194492797,0.1326228369246565,0.39447293946277,0.08054361104227295,1.9177515172483042,7.333396895902449
25.32,13.88,6405,101523807238492.28,8.79612160376266,0.2944239244751653,1.865807106007218,0.11301333472019337,4.048539387875241,0.64771245914067,0.31879654328846857,0.17158185593571035,0.4921883758595918,0.2649043622896348,0.04238117491201194,1.9386864365796457,7.554145283494904
25.33,14.18,6455,101684357568506.02,8.754668631702456,0.29524612306842146,1.8652274893388578,0.1125467318919596,4.020260498692341,0.6358443719556528,0.31566119865297565,0.18034418465879978,0.4964441183651643,0.2836294423808755,0.04485883059504722,1.9288312701056456,7.511361296117891
25.34,13.87,6402,101584492624199.88,8.802644106066689,0.29284124183686505,1.8614912290601628,0.1128103613946573,4.03923942507483,0.6688509949764698,0.3128745123349622,0.16120782686629562,0.4677790938263748,0.2410220334231048,0.039910441026483376,1.9524965929103681,7.5601266276036
25.35,15.19,6525,101392536672734.55,8.635780075314766,0.30720697183408974,1.9096530244609848,0.1054093816345536,3.7073459348987505,0.7754434682590835,0.1034903378338033,0.29152709756324263,0.13345955194663672,0.37594887247904507,0.07863498650583962,1.9106728217933464,7.388272234888502
25.36,14.32,6485,101821169294171.66,8.747906234545674,0.29311697541865583,1.8622159419873625,0.11201182507424812,4.006130355806537,0.6495715212083275,0.31300613691082624,0.17195719794949113,0.48186554781307966,0.2647240409025596,0.04292351538193313,1.9386576823849686,7.505311473165405
25.37,14.03,6443,101820984776444.83,8.780713101379575,0.2920609172932159,1.8621722289456635,0.11215128082061691,4.022978893196529,0.6629684960036984,0.31425446906520643,0.1644173499421575,0.474011164873592,0.2480017541304712,0.040869553210983116,1.945947726521017,7.534775210187523
25.38,15.25,6540,101266059656966.0,8.631057191389088,0.31008946631801637,1.910707953633127,0.1067844374900865,3.702793336220846,0.7740185799321416,0.10381073303924598,0.2897118054863234,0.13411917456599956,0.3742956732533766,0.0782414191611379,1.914830516516999,7.38270260874693
25.39,13.41,6333,101294008587854.28,8.883151327421484,0.29266751596825524,1.8593172992792288,0.11244026295101697,4.07212497006076,0.7069396738662704,0.30713331199102717,0.14682828562112152,0.43445476798792115,0.20769563662782428,0.03605692033045113,1.985852499555726,7.637374993560184
25.4,14.68,6521,101687608826843.48,8.724180875984748,0.3113587003953248,1.907001509821343,0.10740189571841725,3.762877313938258,0.8167280563493159,0.11260414824200038,0.2770251383876976,0.1378722664987517,0.33918895798188853,0.07362056088343759,1.9081385138522768,7.48376811589215
25.41,14.37,6497,101704784642249.94,8.752689225783685,0.2953499276359951,1.8678177139768286,0.11269378229033573,4.025921839128764,0.61915149993778,0.3210101636878252,0.1788424062301958,0.5184678769575529,0.28885080024544574,0.04442272189489363,1.9355658952290524,7.512803396867456
25.42,14.12,6461,101873118698124.17,8.795848235870562,0.2954840570555107,1.8670890956612305,0.11250648256989662,4.049699993314902,0.6297230043500952,0.32253086588081087,0.18268079146408053,0.512178947970431,0.29009705886894827,0.04510970979718087,1.9338137857512578,7.5535511187939575
25.43,15.12,6538,101548677539600.97,8.660264117321773,0.3097680204978207,1.9059755914691217,0.10687322200445593,3.732103697662078,0.7850697525093666,0.1082900014863711,0.28396249013001185,0.1379367898715205,0.3617035164357882,0.0760864416248391,1.908649258583186,7.422972680484618
25.44,15.12,6541,101676197196899.11,8.667020589324729,0.3135965003242996,1.9154629816356727,0.10826905458381257,3.7261158251002007,0.7896230360652747,0.10619434774342969,0.28543436079475765,0.1344873982813377,0.36148180556774184,0.0766037273645625,1.916878849525493,7.426133646682694
25.45,14.78,6530,101858611940652.14,8.719679345818344,0.3112463083438273,1.9035624543378853,0.10752917151370894,3.761532976377599,0.8213414063543605,0.1163552046449567,0.27358601824591855,0.14166484697443377,0.33309658581596246,0.07273258534858974,1.9046601413384971,7.476516383919523
25.46,13.3,6318,101284705010826.95,8.937309600526541,0.29441036446585334,1.860701672892527,0.11504204123792937,4.104391112811197,0.7271094845391399,0.3071561433061063,0.13286147307641794,0.422434516173021,0.18272553982792406,0.03237056835585483,2.0030798418487854,7.689978225052006
25.47,12.86,6260,100531236014976.44,9.006719034198618,0.294245674982646,1.8558250928961497,0.11417972690777456,4.0810669111875555,0.7791933792336352,0.2869724385438414,0.08805446437059346,0.36829424657854404,0.11300720298367807,0.021576334396578262,2.1234344450034923,7.75731151200819
25.48,14.57,6536,101934210778316.19,8.779312399682576,0.29355222933895475,1.8621651742898617,0.11173618796834088,4.02373013702457,0.6503934293857156,0.31221176985137306,0.17081257660808608,0.4800352459683536,0.2626296159993734,0.042451300358427355,1.9502547183460748,7.537487463732263
25.49,15.36,6567,101409893667780.0,8.656996543514179,0.3096496859342804,1.9131411880794973,0.10617963087034689,3.718362565958115,0.7827844089973223,0.10534107663192774,0.29038671605973515,0.13457227228996596,0.37096640239896306,0.07809532042901009,1.914345199315673,7.415971478334881
25.5,14.05,6464,101987640218014.95,8.853622598028863,0.2921916747677542,1.8620188564025428,0.11272623086981244,4.068189832023769,0.6857886476721209,0.31479227733248877,0.15558158643927714,0.459022292656837,0.2268652112679204,0.038243443119241376,1.9588981876683558,7.612007649867399
25.51,15.41,6579,101470246573053.11,8.664062211524488,0.30525770326794505,1.9101772269447415,0.10400547841370943,3.734627872362722,0.7718673767964838,0.10528080033774632,0.2952356571996841,0.13639752566651803,0.3824953172979198,0.07905356766185716,1.911263737571419,7.421731866659079
25.52,15.13,6561,101939480585952.95,8.725959789456796,0.293530459446982,1.8604319878969187,0.11241234546242254,4.000814692913175,0.6383958555192565,0.315829625556899,0.17860441810269598,0.49472380314876957,0.27977064161455634,0.04464201214294331,1.9245806354633028,7.490123938955518
25.53,15.44,6583,101613278420028.45,8.676035259896073,0.31774734371114727,1.9001907675760275,0.11103809750089956,3.692505156434765,0.8311692260215905,0.13021033532021253,0.20441256395324212,0.15665923526002898,0.24593374917363975,0.05535877549067776,2.0249288954311613,7.434724959801095
25.54,14.61,6553,102059568584597.9,8.78058038766521,0.29650488755359217,1.869639336388305,0.11338197652388364,4.03825394404329,0.6300227899145967,0.32185565143988165,0.1744584822657965,0.5108635061971506,0.2769082088116929,0.043201463970123796,1.9425100278073022,7.533170499118346
25.55,14.8,6561,102234827567789.06,8.758872155685157,0.3165244333523285,1.9016202426924889,0.11006915497514987,3.7645443257156983,0.8451117864534556,0.13075199082288413,0.22606742615371037,0.15471561622822697,0.26750002754358815,0.060051737101204525,1.9821333196816326,7.513911461359367
25.56,14.15,6490,102075570302834.14,8.851878315509632,0.2906170288716704,1.8576504217917746,0.11260414892659211,4.054683733618472,0.7056248406901019,0.3089618244290216,0.14642607866881582,0.4378556516333192,0.20751264726679824,0.0361128236598968,1.9712404920888422,7.606995313792604
25.57,14.68,6562,102112666323179.56,8.770866954652414,0.294329446836625,1.8653231053017723,0.11149703961501235,4.0261056547823015,0.6383882282832873,0.31981114358855317,0.18102244903465178,0.5009665426453254,0.28356169649532187,0.04496217053311284,1.9320399617805624,7.530904803167785
25.58,14.78,6561,102110116875489.1,8.759435942567833,0.2969381172404629,1.86740998265434,0.11351839378626823,4.03019570228619,0.6335606788921418,0.3183493668290998,0.18241951165329354,0.5024765226683141,0.28792745151463045,0.04526318946492183,1.9252715961394433,7.522735416479728
25.59,15.33,6588,101965699416127.5,8.716416047376448,0.3101334737348371,1.9007097747254766,0.10708117612868212,3.7601958139812393,0.8277355294622852,0.11766161052193311,0.27257493209165445,0.1421487979359405,0.32930195985271404,0.07248955787838511,1.9017930241724015,7.4819558407666
25.6,14.63,6562,102269258734318.72,8.808657058077591,0.29251135172073606,1.8614883336948307,0.11235116875296411,4.049465198317236,0.6625076475850422,0.3167876592451688,0.16633852023375673,0.47816453198678677,0.2510741133933927,0.041076663729047246,1.9430214547521119,7.569808480863748
25.61,14.09,6486,102209305386612.58,8.866293400833799,0.2923103794459134,1.8593455995194115,0.11359020891752591,4.066468639252916,0.711718414816089,0.30846029260832264,0.14197633489116288,0.4334021520126468,0.19948385757006182,0.03491391364012745,1.9784685362186383,7.625833512240842
25.62,13.25,6343,101446458453831.02,8.996019578153698,0.2920690155283376,1.8575974692455972,0.11389950612557397,4.111881997564322,0.761940449533523,0.2999209088939207,0.10934614787483403,0.3936277553941899,0.14351009707094325,0.026592725165655372,2.05600803699782,7.7459977767771075
25.63,15.16,6577,102124448304075.45,8.745097450528489,0.31908273877249754,1.90255636744894,0.11143917670164324,3.721238020658449,0.8456004082456384,0.135069371088227,0.18533601433788954,0.15973191329040928,0.21917682693933999,0.0498049340861823,2.0771815195022922,7.504574448079026
25.64,15.06,6574,102196906038381.31,8.750670247566227,0.31873390601858065,1.8998707469398515,0.11144440853175785,3.749401597909948,0.8491384884657042,0.13017546683673162,0.21110757966244817,0.15330298720994706,0.24861383923827943,0.056304339279133815,2.01423676341042,7.511552153046159
25.65,14.39,6545,102486342611341.4,8.853304031401452,0.29213957178114125,1.859390951160567,0.11346124250445494,4.0637522928155745,0.7004348727363499,0.31021180772520646,0.14611592670010592,0.44288458470566905,0.2086074414446028,0.03595591369051419,1.9705380008820244,7.614970467572869
25.66,14.09,6496,102191481147844.98,8.90153116775318,0.2914784608505072,1.8577937120306014,0.11288853286484954,4.081484288385375,0.722058276294638,0.306722347169267,0.14153233511702934,0.424788908650509,0.19601234382815474,0.034676682578390905,1.9847394722803298,7.659997077526464
25.67,15.16,6591,102196584119249.05,8.756147766453225,0.2935560159662725,1.86405296339547,0.11191913041095881,4.014377728450501,0.6488404486682771,0.31378951127878757,0.17624717298936043,0.4836158287030808,0.271634071752311,0.043903983359679905,1.9302623114373534,7.5166885673348425
25.68,13.62,6420,102061571871486.75,8.951037026388647,0.29347626297448803,1.862329626749677,0.11425820517055187,4.11612863272182,0.7319752660819154,0.3099607500877364,0.1352673067194883,0.42345795609581244,0.18479764684337097,0.03286275012013942,1.9958696120259813,7.71258808445595
25.69,15.19,6598,102452143007222.31,8.760892120212453,0.2929997609454958,1.8634140696669568,0.11065526158652991,4.016729821644809,0.6457076552233019,0.3158595308601946,0.181391606643835,0.4891680132721401,0.28091908958568135,0.04515902604809925,1.929748952478312,7.526489745137238
25.7,14.38,6549,102306982204870.53,8.857794621828592,0.2938838142110363,1.862809292418072,0.11346715229415365,4.073715129126261,0.6829197930440637,0.3120045508556559,0.1538975648910826,0.4568685137458369,0.22535232754800644,0.037778185271411184,1.9691822906326317,7.618642066953635
25.71,12.89,6310,100809876706321.67,9.087822434724378,0.29510240358593015,1.8583705283309895,0.11562720629982162,4.1362546777257165,0.8069949234767996,0.2884031317629948,0.07466861775274335,0.3573791152495226,0.09252675026882001,0.018052229267903598,2.1426305814535254,7.841538565894598
25.72,14.96,6594,102540039676195.25,8.800995740117722,0.29310882322125276,1.8618937596169571,0.11256268901634786,4.034075706128544,0.667118758876002,0.31137961433422795,0.16400640575205652,0.46675289847771223,0.24584289314301916,0.04065526224579746,1.9486770496431036,7.549939866251812
25.73,12.95,6321,101025431149724.94,9.086323780558061,0.29243575083340684,1.8452082230375035,0.11599552243717326,4.115641597731909,0.8339700913740534,0.27792210916316273,0.06254587123761954,0.3332518900111356,0.07499773898913885,0.015197113196661238,2.159547520693738,7.8432688623160685
25.74,14.7,6595,102383683412597.42,8.844828803233666,0.2931417710025372,1.861693530098009,0.11339116880698656,4.066007699360399,0.6805335474670868,0.31444255699594953,0.15221970703754328,0.46205298499433217,0.2236770069662219,0.03743714185821343,1.9693940036306623,7.608074082613157
25.75,15.51,6628,102012792992758.34,8.730152795869838,0.3132441761179417,1.9098699738703249,0.10807999398392382,3.7691542715955575,0.8135777269165,0.11396590087754456,0.2776337091540007,0.1400799175138201,0.3412503808409877,0.07365941777609247,1.9109425101811566,7.490077411307329
25.76,14.35,6553,102702117709002.73,8.891308778404397,0.2948030153993124,1.8661826005780051,0.11440245367569307,4.104413452318883,0.6907950767172953,0.31720829865097633,0.15622757461759257,0.459193050648785,0.22615617841400448,0.03806331317068659,1.9571716865805142,7.655546024467912
25.77,15.23,6612,102517586754530.2,8.795998987470108,0.2955095079291591,1.8663994700704272,0.11189388551871379,4.040657552782222,0.6354782618715139,0.3162904581148842,0.18206419729281273,0.49772034244474966,0.2864994889937304,0.04505806169281809,1.9395316000070828,7.557589007627664
25.78,13.97,6492,102485152833984.34,8.955705194659648,0.2964093621261026,1.8682686250598592,0.11482646989017732,4.12082397004815,0.7169205705222125,0.3111213324412964,0.13230909301301208,0.4339690409701487,0.1845519552000534,0.03210743627359217,2.0143233265064544,7.715336331605457
25.79,15.04,6612,102728205119372.73,8.819758241605124,0.29278740287026467,1.8609173486321244,0.11246487157320756,4.048912209270843,0.6690510767604816,0.312818981615117,0.16315550931644482,0.46755620382493657,0.24386106679095002,0.04029613409321785,1.9558383772709682,7.578527253413723
25.8,14.38,6568,102817979511842.6,8.91307816206704,0.293762322977571,1.8621605901961462,0.11500268069538958,4.080051521735533,0.7229613388606694,0.3042806846880152,0.11929921184103577,0.4208809909082245,0.1650146493712126,0.029239633667735996,2.0298811974202042,7.671350888030562
25.81,14.61,6604,102482241585471.58,8.866856235912728,0.2936206291909677,1.8571144938457684,0.11468493907071237,4.082436500439061,0.6983377106955074,0.30923518974140174,0.15079623480046078,0.44281611175403923,0.21593597551860075,0.03693780289889208,1.9597611363438812,7.625218092931409
25.82,12.81,6312,100781641106935.23,9.150946360522115,0.29806693096582926,1.866116194036455,0.11893626637124581,4.186975677072273,0.8103079593878524,0.2951359969294185,0.05865134984675467,0.3642269503959694,0.07238155465122528,0.014008046468463462,2.170642391907834,7.907335961059463
25.83,14.67,6614,102688688157850.86,8.885959963340076,0.29142131397898774,1.8573523883721412,0.11375599546985601,4.068196366942839,0.7317533070384289,0.30222544525245604,0.12823553639212604,0.4130154826025054,0.1752442184526972,0.03152147163645698,2.003816579633085,7.650119656163255
25.84,14.21,6545,102661672123775.88,8.929141323413514,0.2944449383880774,1.8584990031223327,0.11477060644379299,4.068164735478985,0.735956979162465,0.2950952671403542,0.10438822050043617,0.4009680939179067,0.1418401122022543,0.025659782060950764,2.0818540935887535,7.694827773233471
25.85,14.4,6578,102723802826556.64,8.917552517303992,0.2939046051285402,1.8633620120927734,0.11392832741834184,4.100409594503382,0.7092369673488262,0.31060398414231805,0.14002199467486756,0.4379410527674211,0.19742624978824616,0.034148294566125226,1.993978269411511,7.678764152846932
25.86,14.3,6560,102892697710409.69,8.951182108450727,0.2940063380692469,1.8615611532907506,0.11505474084544563,4.0992245157979115,0.7417150909491083,0.3031988638384858,0.11673781289773119,0.40878076708741173,0.15738902217609185,0.028478023696393767,2.037753873042731,7.712286828717593
25.87,13.55,6429,102124552002663.95,9.034776456192352,0.2906573959567067,1.8496092625890665,0.1150514354400164,4.095195050822967,0.8214277899088679,0.27959990020746156,0.06538841448846305,0.34038281105449497,0.07960336293920306,0.015967106249389185,2.144009259419671,7.797173596546428
25.88,14.86,6633,102898211887177.92,8.87072374261428,0.29256900045194095,1.8578234315182762,0.1136040535087962,4.077108644586994,0.7073934579609931,0.3069827079049466,0.14690663162371606,0.43396317063745615,0.20767315554085425,0.0360320620395431,1.9718065162447203,7.635190886441461
25.89,13.51,6425,102154408691696.3,9.069503317729838,0.2914169871431994,1.8483980483002107,0.1150524137904823,4.107359536175108,0.8290548497956716,0.27904401349379593,0.061413839675928714,0.33658088311354667,0.07407693193166259,0.014952146052721516,2.163012713119339,7.830952154157061
25.9,14.97,6632,102841123342423.33,8.85359510314025,0.2933044030314737,1.8633975150366924,0.11232400528857932,4.072800794390256,0.6779905983024245,0.3148781438687522,0.1603221263362387,0.46442848124613323,0.23646659221773667,0.039364097197452236,1.9610869734492473,7.618754002423017
25.91,15.41,6653,102607740127932.66,8.812338298352742,0.29575621491431514,1.866112146841682,0.11335639572820146,4.060863149270524,0.6484865335287422,0.3155355900036855,0.1676011540748248,0.4865723090450271,0.2584497062149038,0.04127229801007501,1.9554059501448833,7.581352421574723
25.92,15.46,6663,102651054276051.89,8.823515556712163,0.29380948867500367,1.8618331496682843,0.11286005033145305,4.059415843227314,0.6636281559386047,0.31563197179143787,0.1670739863755737,0.47561570281029253,0.25175843562464895,0.04115714990232354,1.9464529134993334,7.584580204207092
25.93,13.68,6458,102597322553843.56,9.075383674176486,0.29187240455585256,1.852754549900312,0.11544179698641177,4.127558756048736,0.8188029326979064,0.28751001873348553,0.07484563593780313,0.3511345737199027,0.09140860755248063,0.01813314851741856,2.124393972877265,7.82699925625649
25.94,15.12,6645,103264526312246.36,8.899284101164332,0.29153101832070527,1.8616574460951612,0.11292282089607657,4.097249589709194,0.712081676982798,0.314592635845011,0.14788217214295551,0.4417929094566644,0.20767585646853817,0.03609303482862795,1.9663822016470018,7.668035385683495
25.95,14.43,6599,103123443306042.52,8.962462705857789,0.2939911329724963,1.8641873623782785,0.11495381307331293,4.125114251493789,0.7264735942580066,0.3123837322130439,0.13078434706026437,0.43000011931899756,0.1800262915183348,0.03170441812924446,2.0057157188836707,7.723975970320522
25.96,14.97,6648,102991677825334.44,8.876684042494999,0.2927989163964901,1.8608246638451031,0.11322773607488432,4.063768332113825,0.7079546171033111,0.30661424763136386,0.1344166767792404,0.4330987329186667,0.18986623369902414,0.033076855222532266,2.0081008340888085,7.636694077981963
25.97,14.4,6601,103080575074553.52,8.956415334959559,0.29504748281213183,1.8621078328218676,0.11620857591064532,4.136406949799957,0.7213423442795451,0.31394148781998976,0.13571675435069455,0.4352184372782732,0.18814472133373,0.03281030033982948,1.9890166161778426,7.718642423884895
25.98,13.59,6455,102333867004766.34,9.090631871937571,0.2909751860009524,1.8523986930586296,0.11637694859136567,4.145875168855881,0.8314542841333896,0.2891882175916748,0.07173062232061804,0.347810123912093,0.08627127635211071,0.017301684059246106,2.1162271976474836,7.845990558351773
25.99,14.77,6651,103048240062468.4,8.919501782033855,0.29269872286457815,1.860207859616344,0.11443745105060733,4.091083874426582,0.7236612397128153,0.30772986824057436,0.12312340753221916,0.42524022478072315,0.17013956361830385,0.030095547124287813,2.0204326258790535,7.679239240836743
26.0,13.2,6402,101823638116239.38,9.14243864453087,0.29153795044536746,1.848229601512022,0.11578066910284084,4.146171802117887,0.8579434250781675,0.2758921721075615,0.052075161361036175,0.3215738521248355,0.06069766355082399,0.012559817548910035,2.1779052774653014,7.900075210901849
26.01,14.69,6648,103322518275451.52,8.950658664975423,0.2898753384548516,1.8543043536642783,0.1147649846549295,4.080614202177047,0.7744001465897293,0.29459692717096,0.09585174846269705,0.3804195136949463,0.12377547820052066,0.023489539494216144,2.064176000150625,7.715336764485791
26.02,15.15,6655,103069554436702.34,8.897495754985318,0.2944153748866215,1.8637286832508202,0.11403245618116097,4.095964203037737,0.7059031291902057,0.31058417997820525,0.14747807442205288,0.4399813049908131,0.20892112291843218,0.03600570393478464,1.9757165146893978,7.666005782311446
26.03,14.33,6592,103179140607744.58,9.014923881657147,0.29332763327593103,1.8613500637482194,0.11615928259475974,4.127661827467899,0.7704748061188434,0.3003054071159029,0.09417946358186689,0.38976667988489905,0.12223561735429411,0.022816661712725866,2.077283403023392,7.778732289471353
26.04,15.54,6690,103110844131563.28,8.860315839104903,0.2918353888805426,1.8577991733328654,0.1127997765060806,4.0649316895984535,0.7102791886801006,0.3056826084371184,0.1488534813601681,0.43036965366416413,0.20957038265020816,0.03661893796175264,1.9707799344575339,7.627643729974628
26.05,12.92,6367,101234618159803.5,9.218243490158045,0.2981319767455,1.8656159912734929,0.11877960778147209,4.223871658375186,0.8337498337464371,0.2939295783086711,0.06171830143945926,0.35253929465617384,0.0740249640136411,0.014611784266002221,2.1601552148738934,7.963942916534396
26.06,14.22,6575,102963464635415.06,9.030089293456543,0.29337824398603624,1.8576714084363875,0.11570246350449223,4.11698343176065,0.7849899518541206,0.29468390802535843,0.08460078140108689,0.3753983185763393,0.10777307556773512,0.020549215901242264,2.1076967524153236,7.79157326301488
26.07,15.01,6671,103263088980847.58,8.93246896002392,0.292677482355419,1.86162192539947,0.11485779167575601,4.11525945961776,0.7337976933429801,0.3088772843913078,0.1349655074641676,0.42092975651660614,0.18392740763370616,0.03279635434619806,1.9837883984373461,7.699570752685949
26.08,14.88,6672,103220463044302.7,8.945783659904183,0.2948326998744487,1.8654787606811267,0.1141459140477056,4.113356507873823,0.7141209626156522,0.31124061547259035,0.13789685772218796,0.43583738857432686,0.1931001398097952,0.033524168755668174,2.000838751669464,7.698786906240014
26.09,13.16,6413,101816505385297.78,9.18370488724425,0.2965134624357367,1.863879547661707,0.11886756861429151,4.212566489516477,0.8320771828411152,0.29320661903053896,0.06315555806411154,0.35237911227103874,0.07590108149398812,0.014992180710092626,2.1474076971642013,7.939176896857648
26.1,13.33,6432,102151493890999.03,9.157267130875724,0.29354298002508983,1.8514699869563276,0.11699563586232202,4.169259391812018,0.8492969070211922,0.2831559491766629,0.05343352794827006,0.3334004243225125,0.06291501535744642,0.012816071855161574,2.1745317448862194,7.918017394330838
26.11,13.56,6469,102658135043433.6,9.145664037511306,0.2895903557266654,1.8472433080708264,0.11658595610542474,4.16688733080736,0.8671664462928084,0.2797657335206492,0.053941935946063994,0.32262057038376596,0.06220482374135807,0.01294537904762892,2.1517134031997105,7.909001352499835
26.12,14.44,6630,103347304333927.48,9.026214090323382,0.29147938327688705,1.8540388888378103,0.11485054839571876,4.11098908766761,0.7958426770031015,0.29117088314387324,0.08543051244799252,0.36586487701354886,0.10734598045143486,0.020781011728849403,2.1009243019162813,7.786510479573104
26.13,14.45,6633,103526278191859.16,9.015041343874039,0.2934836598272249,1.855065428055744,0.11676946114784177,4.135684216411241,0.7753173743001222,0.29959426081338614,0.10109352917218815,0.38641499693442244,0.13038986681221368,0.024444208958466496,2.0580277441231494,7.774177008294845
26.14,14.13,6580,103127290974897.77,9.058257223542649,0.2924328879510879,1.8514059997194754,0.11519638142853264,4.1048975471485845,0.8161432466562434,0.28087082445670936,0.06566261361301177,0.34414402815613954,0.08045476560889639,0.01599616381622569,2.1549695906554884,7.819454176945416
26.15,14.28,6604,103444375348814.48,9.051317667217146,0.29446676941023864,1.8602062644440167,0.11568079534866585,4.1391478485333835,0.7812582480286387,0.2978543765916904,0.0909197708543167,0.38124957700385376,0.11637607805579779,0.02196581861325203,2.0988943214434115,7.814717403140032
26.16,14.57,6662,103358104304308.27,8.998319008908894,0.2921442310091647,1.8547901632513943,0.11486116778438941,4.1084111221985316,0.7777682447615891,0.29660205795127,0.10008497908587172,0.38135017718830627,0.12868226462055027,0.024360994094552373,2.0699783152812645,7.760431674329863
26.17,14.8,6691,103643906565880.47,8.986905031646813,0.29401120128796826,1.8602018322343756,0.11625900293546906,4.123231860410985,0.7505369684755315,0.3038695248608056,0.10639744890285704,0.4048694969389934,0.14176176973529817,0.025804381733762562,2.0538066315221517,7.752069277098695
26.18,13.86,6534,103025216662721.19,9.11441359502682,0.29108964547025656,1.8486215761022209,0.11503178672020843,4.123082022931222,0.8506117674914508,0.27754564015851885,0.05203409532622979,0.32628944339323207,0.06117255523008358,0.012620194077351193,2.1830770081479836,7.874375112363471
26.19,14.53,6653,103412451081709.2,9.038225382498606,0.2905918528877248,1.8543267446819065,0.11532248618019629,4.130290993763193,0.7964132584379539,0.29610018509322217,0.08422309822785008,0.37179213424193697,0.10575300867421665,0.020391565232335526,2.091573929094599,7.803634300749833
26.2,14.17,6592,103510284936779.78,9.096557631103138,0.29217544161701403,1.850050446259361,0.11578808471161345,4.119636721956267,0.8345899967680971,0.27820685253836064,0.05496814860638033,0.3333455392656287,0.06586245799643106,0.01334296014826228,2.1755701117500044,7.856886152905778
26.21,14.04,6574,103051168447881.05,9.092302008537626,0.2913463636942275,1.848456378036857,0.11420862706496868,4.113297918375354,0.8375997260080625,0.27614885044363774,0.06114040008767543,0.3296907124835659,0.07299477087828811,0.01486408261714831,2.169894841345639,7.8521118384405355
26.22,14.36,6631,103163421377503.1,9.04625876517764,0.2911570574023858,1.8523803058699881,0.11528619405612116,4.117661455736309,0.8128395785254988,0.28864603936383265,0.07965932439376743,0.35510824889634457,0.09800128647558039,0.01934576828378985,2.108970413635115,7.80883343711714
26.23,14.43,6636,103717130334314.97,9.064637673328079,0.2934024995225374,1.8558865609287258,0.11734182586769942,4.120876350264215,0.8090611136712872,0.2880344725554144,0.05755210441888312,0.3560107730903005,0.07113443403271254,0.013965986728816335,2.1641066208021105,7.831006893631872
26.24,13.2,6446,102397869991139.6,9.248229371997557,0.2959126829434836,1.8581585335563355,0.12224848603504115,4.276019044885843,0.8591337337885152,0.2960382064719191,0.059849634177422756,0.34457756089553343,0.06966276823225681,0.013996578020157194,2.125076837136452,8.008577336286741
26.25,15.42,6723,103425900400742.7,8.933294924425068,0.29436288562898577,1.862419801346219,0.11437395028349447,4.1055628485052695,0.7200069368933535,0.30615739282453336,0.13471717499750657,0.42521450438453345,0.187105384815842,0.03281332669077363,2.0033837796369665,7.697805364965004
26.26,14.98,6720,103812151323636.98,9.008241079653741,0.29304541478416724,1.8538631096546265,0.11726075764096495,4.116466504603527,0.7848612063996012,0.2946213620849199,0.0876754483134308,0.3753802069495043,0.11170821999933585,0.021298715346130374,2.0847870575180703,7.775326452155697
26.27,14.71,6699,103679302859820.47,9.036013958005759,0.29129919095285517,1.8481946502763489,0.11505382121135391,4.100312333351047,0.8178269491754769,0.2808936180648386,0.07279743818040578,0.3434633920391497,0.08901325427561327,0.01775412023817973,2.1313146644363146,7.797199987010307
26.28,15.56,6741,103557321537272.84,8.936079818766935,0.2929631863719524,1.855630249809823,0.11463972839366655,4.062694431332028,0.7568321204454543,0.28985956611873154,0.09531286629794279,0.382990571209011,0.12593660301024723,0.023460505806904293,2.0927901130849347,7.699656809875936
26.29,15.93,6771,103171135507058.23,8.875951227290454,0.2941097281404821,1.858494613174751,0.11300661600346842,4.056506739685907,0.7088062093077844,0.2966877419018896,0.13371410012560217,0.4185738471332425,0.18864690851987104,0.0329628689673903,2.022320760828159,7.644660586288538
26.3,14.26,6628,103243888430477.12,9.086282034464329,0.29419076331851385,1.855233918096834,0.11598504885731131,4.12526312573267,0.8239246102196579,0.2806686969272528,0.06464044183670797,0.340648517407954,0.07845431612908718,0.015669410620983714,2.1570105436743754,7.840445275408461
26.31,14.03,6588,103463105954191.39,9.142259098315467,0.294647496477856,1.8570559562195934,0.11776068654560257,4.174448418469245,0.8299151805403221,0.2896725377386617,0.05679138036157404,0.3490387265239182,0.06843034287503888,0.013604523201271038,2.16657915745717,7.909445645521593
26.32,14.99,6724,103717737195100.16,9.011584302222241,0.29038641722790026,1.8512471630100849,0.1140166430207815,4.098308898034425,0.8017997625539923,0.28670560840700154,0.0836492176616859,0.3575775671144516,0.10432681770226024,0.020410666873305866,2.105110609889809,7.778270456856945
26.33,14.53,6676,103878950027320.0,9.078898862962156,0.2919748665053583,1.8526212206708186,0.11449413035365945,4.1236577360388935,0.8197362564768105,0.2852173656879017,0.07225935410112437,0.3479379659425497,0.08814951581096561,0.017523121152759714,2.1400333241043383,7.84183826256256
26.34,15.14,6740,104127438202320.44,9.018726352065737,0.29214486340638834,1.8541455101625894,0.11567386879898606,4.102032563456644,0.7915293031961426,0.2877339585335686,0.07276382057149794,0.36351649568969596,0.09192814501962528,0.017738479508846786,2.1332984887425037,7.784168922973637
26.35,14.78,6719,103680597656774.69,9.041944780058248,0.29175756973304695,1.8483608816358403,0.11402437868919077,4.085629060811586,0.8255488674492208,0.27360132011934635,0.06723643191261434,0.33141747376471986,0.0814445208075463,0.01645681262587706,2.1583204033206695,7.805931504693304
26.36,14.62,6695,103815555571385.19,9.082112726753317,0.29591243393297995,1.8610051240099077,0.11633653084173569,4.140807021953701,0.7951638125231456,0.29129935795372697,0.07126822833366307,0.36633880134635505,0.08962710225396305,0.017211192879990227,2.150040707914499,7.8546857324322135
26.37,13.32,6470,102364329720908.98,9.271050166566647,0.29779448873194897,1.8676047846433255,0.1221880144004189,4.292729321995678,0.8478543633777799,0.30100180067636617,0.062071887170669936,0.35501592452411346,0.07321055342969611,0.014459771980641186,2.1293473576644666,8.019121868132023
26.38,14.35,6643,104587633827267.27,9.199023976133176,0.2911715419628012,1.8507637583646326,0.12091519215504491,4.2468699915266965,0.8600371061532498,0.29582462343691507,0.059525656530959446,0.3439672792259758,0.06921289337991957,0.014016359495281069,2.1113560546639047,7.97794830124716
26.39,14.6,6696,103702779898532.17,9.082692140427966,0.292180330973113,1.8532179988308974,0.11591543160978529,4.1330683626359885,0.8228209694613277,0.28411052719434254,0.06473262238629982,0.34528838925962213,0.0786715759427935,0.015662122352366473,2.14686288213932,7.848333397652077
26.4,14.44,6677,103912400630857.33,9.123605750295553,0.29376262619370613,1.8573964398060312,0.11818245030431501,4.179547562490637,0.8166405771094005,0.2967188476953247,0.07252799606398973,0.3633408086891757,0.08881262834221569,0.017353073503671178,2.118855216083946,7.885897125192703
26.41,13.46,6504,102711256282915.12,9.26221047912672,0.2965019746298772,1.859798987367763,0.1203100934176072,4.24330689209776,0.8644437580756844,0.2931666548799332,0.05814998459038518,0.3391390731220546,0.06726867311741754,0.013703930936194347,2.1437844481176405,7.986916217800091
26.42,13.3,6480,102450121353680.33,9.290466189371045,0.29982077692117887,1.8758505807358938,0.1228879317236131,4.326231131516793,0.8347244207225217,0.3105348612140906,0.06519873810678209,0.37202081729596154,0.07810809949749319,0.01507056283512138,2.124144618467723,8.054368635328649
26.43,14.28,6649,103860848394602.0,9.174210766052926,0.2966129302853687,1.8619692401762675,0.11918456246053209,4.202541395643205,0.8327141441542993,0.2905104792676704,0.05753041786747791,0.34887179629056436,0.06908783556919829,0.013689435142059508,2.1608060408272127,7.9415402031385645
26.44,14.17,6631,103651588966185.95,9.182687631938451,0.2951795980395323,1.8568020918536754,0.11895340982495979,4.206857572364483,0.841647773038744,0.28760760851726175,0.056510370697232075,0.34171968100012085,0.06714254169912798,0.013432917498433438,2.159475072232177,7.948471440282787
26.45,13.29,6485,102412085991991.5,9.303437343633819,0.29942783763809555,1.8719501551034643,0.12242622961146227,4.321082647189825,0.8455851347407014,0.3044598189386836,0.06285195998499318,0.3600581495937085,0.07432954696426484,0.014545419543379564,2.131179904975715,8.06328873955781
26.46,16.28,6837,103609384868573.48,8.930311278246897,0.29395800570581715,1.8583923306264156,0.11422541428503166,4.085945639934641,0.7348609461323533,0.29747433096890347,0.11766990956128702,0.4048035652657018,0.16012540900505806,0.028798696784220867,2.0463002427866424,7.699333241112439
26.47,14.98,6758,104269103281227.28,9.080871615694104,0.2908696323223877,1.8502914974339102,0.11526417597686935,4.1249792739599505,0.8291909289986794,0.2823618316110507,0.06375788900786322,0.3405269181514411,0.07689168655626329,0.015456535602579188,2.1492289215053204,7.845804948524505
26.48,14.43,6688,103783083232983.55,9.138757541826337,0.29223926748142987,1.8511207030306196,0.11667614403606667,4.157106123357125,0.8525461854600999,0.27794018566025386,0.053161741438755565,0.3260118811161601,0.062356435751413725,0.01278816076887258,2.166859982352768,7.902159237252345
26.49,14.44,6688,103937113650469.53,9.142501017268557,0.2939415849789255,1.8567157204602691,0.11723270731463895,4.167826877889319,0.8403161569662541,0.2838592263607374,0.057442778138676986,0.33780050997179245,0.0683585310867512,0.013782429026362845,2.1599248341566324,7.905132708689886
26.5,14.22,6649,103953064221975.97,9.183182940849639,0.29594656884678855,1.8602909158951482,0.11948590993143993,4.209229067475688,0.8359157938468347,0.2904274698868789,0.05783772788324334,0.34743627530991966,0.06919085428100068,0.013740693831597324,2.1549847119110583,7.94300624045716
26.51,15.18,6773,104488887083869.73,9.091885617844529,0.2892906718032847,1.8478602592560787,0.11529157877082212,4.135404431646556,0.8398704290493954,0.2828853371166015,0.06423017310731018,0.33682021337122725,0.07647628834844071,0.015531775469355058,2.1365783500701565,7.8578668703385155
26.52,15.13,6772,104140955122304.19,9.061457122493918,0.29309281311782115,1.8518913837882327,0.11839176765348632,4.128264231392647,0.8177654553773311,0.2838138868581005,0.0614580954176852,0.34706025424752607,0.07515369475875863,0.014887151590331382,2.1419194668173946,7.8232713683251935
26.53,14.68,6732,104132307548889.0,9.129185699490694,0.2916180738370045,1.8527791626716676,0.1166485343577232,4.165546793161055,0.8411554596235165,0.28504251834533434,0.0622275043377335,0.33887019941939556,0.07397860125117088,0.014938616087544106,2.1418454152573956,7.897960438943862
26.54,14.69,6732,104432905001562.88,9.152088309652408,0.29163719404976735,1.8506820872987992,0.11724820328596287,4.178801357314864,0.8553022758196038,0.2803371907412746,0.053918054158374105,0.32776387794904216,0.0630397646337448,0.012902755969482062,2.15723928749399,7.9239932188874045
26.55,13.03,6473,102189861704370.62,9.399062923879463,0.2923697130987775,1.8821364169798729,0.12223390807276968,4.443192426977781,0.8057373322990548,0.32950078751225,0.11527609536172088,0.4089431807411321,0.14306907566613208,0.025944430104309173,2.0451348921042074,8.163201399371463
26.56,14.14,6649,103930239228027.31,9.21647093006,0.29533808116651933,1.8572756440104743,0.11864856433323248,4.220215028793027,0.8627388676918057,0.2847027313017261,0.057271910607152,0.3299987307439008,0.06638383032443962,0.013570851299378375,2.1554153000228533,7.972707460698579
26.57,14.22,6664,104035244002186.08,9.214827556954004,0.29290463794495336,1.8528120230517409,0.12010153447415574,4.2389851419012965,0.8739464340072753,0.28591073546035667,0.05983176116558219,0.32714903835625303,0.06846158853379349,0.014114642812535567,2.1205090709474512,7.975708320155091
26.58,12.68,6417,100476569812807.44,9.465729053513485,0.2981567122238771,1.9042691548516497,0.1264565642973337,4.577174751569953,0.7452017957841692,0.3529716996990158,0.17086063815346697,0.47365921780634845,0.22928103383550202,0.03732884310236624,1.9377549440711384,8.22268103958908
26.59,14.29,6678,104383712381075.62,9.217069032321136,0.2919344062029571,1.8512756467973321,0.11787567309175609,4.222609106088202,0.8743086230460881,0.28302934218458764,0.054785475867244166,0.3237178894547722,0.06266148408370006,0.012974318600377642,2.1509969056737996,7.989550258626276
26.6,15.03,6789,104461684468676.62,9.098440535526898,0.29199342547760476,1.8504756399141071,0.11536264631526488,4.131975085585297,0.8370611373327083,0.2808270352172324,0.06343091966241181,0.33549166565310456,0.07577812041846091,0.015351234784472758,2.1552731372954073,7.866084276013637
26.61,14.35,6691,104113029392993.52,9.206774345122774,0.29922068590943957,1.8662433059120862,0.12184041702887803,4.249865232472542,0.8261443966943264,0.29840668424302125,0.06112532161312258,0.36120402854155265,0.0739886657316868,0.01438288469621901,2.1398046536923725,7.9760028893834
26.62,14.62,6739,104240185756919.66,9.16537167085059,0.29456546331814665,1.858824130866812,0.11840614533263216,4.20100407810787,0.838707202141779,0.287679601086806,0.05618488768411537,0.34300361359979753,0.06698987148391938,0.013374156901418915,2.1567927189054714,7.936468810902551
26.63,14.44,6709,104374042197018.8,9.198233684961503,0.2926083528757596,1.8525791067378097,0.11875796409677596,4.221419365485699,0.8668862940819263,0.28580795379042734,0.05862305488339487,0.3296948581856534,0.0676248491683439,0.01388704836167111,2.133425465291393,7.962590054663213
26.64,14.63,6743,104529001973833.61,9.18943605888339,0.2941627041848051,1.8554612521845857,0.11848558280338885,4.205166406635716,0.8555558182499741,0.28399044640123505,0.055110810892609795,0.33193678348437045,0.06441521373244599,0.01310550060650285,2.1579184651041445,7.9579046501321695
26.65,13.93,6617,103910012959864.52,9.292697517862177,0.29461669539154756,1.8636312800297024,0.12097481043875083,4.311371847162432,0.8653720080421636,0.3014465487778215,0.0612002550526875,0.34834330897739657,0.07072132503008537,0.01419507693194383,2.1216626371688427,8.05492987902628
26.66,14.07,6643,104076432418777.23,9.266114071869069,0.2989162371552075,1.8665573733725396,0.1223015155625609,4.291250890143716,0.8550564598745722,0.2964743960822697,0.06011258896918558,0.34673078328156176,0.07030247918132033,0.01400817395861289,2.1333704206862474,8.034152325605397
26.67,13.8,6596,103615475290767.2,9.294842554723552,0.2961200848580067,1.8690773214473886,0.12172664236041737,4.319600002547863,0.8479978930048553,0.30619620448942597,0.06365086281879344,0.36108132698824147,0.07506016623844253,0.014735360399400352,2.1223379120205506,8.056995617532769
26.68,14.43,6715,104378129691346.36,9.213367933467724,0.29436199332480745,1.8643477383897804,0.12069347837986512,4.262172249996231,0.8327004832622791,0.30206481408108155,0.0625049114186969,0.36275325900818406,0.07506289797481656,0.014665036453829893,2.124750902076633,7.977583309480087
26.69,14.61,6748,104619052474533.88,9.188983796017204,0.2918672852499451,1.8508000395032702,0.11992971453591666,4.218329681781217,0.874293033833389,0.2829166883069058,0.05571629965069824,0.3235948101592907,0.06372726019147935,0.01320814252412146,2.1277664798513394,7.95754308245152
26.7,14.46,6727,104217841168065.12,9.218076302260005,0.29489288626996785,1.858367194735476,0.12162267998875613,4.259335989608142,0.8518838045558859,0.29483083028028867,0.060016503253868814,0.3460927754507475,0.07045151337881969,0.014090577357667038,2.1248222346557895,7.983604189325453
26.71,13.81,6607,103440744797648.8,9.331506138414996,0.29577348462424735,1.8738677813406377,0.12193154695513714,4.345058776614142,0.8413374172249732,0.3110629218122882,0.06559544561021974,0.3697243406079372,0.07796568210002663,0.015096561170418632,2.1309666286843516,8.092959494974206
26.72,15.06,6814,104423992812724.75,9.155046585259457,0.2931344145618954,1.8538698833300051,0.11638928086416789,4.170658855274398,0.8482222122593179,0.2798403041067362,0.05845671742440453,0.32991390706611634,0.06891674914843327,0.014016182922867835,2.159594246055078,7.917017632045596
26.73,13.56,6572,103323776723646.58,9.363419577955426,0.29833376548255075,1.8822928053277386,0.12229654803000471,4.372318562237254,0.825905367783152,0.32140394087835117,0.06818598664796358,0.3891534713487155,0.08255907917269566,0.015594926508070758,2.1352442065945123,8.123154677972845
26.74,13.29,6531,102878578084507.55,9.419438200153168,0.2920114179013088,1.8801113471323037,0.1215188221066179,4.41261172672914,0.8241517536215406,0.32847683727278765,0.07425798592481579,0.3985635361805318,0.09010232108165345,0.016828579200613175,2.14653673523258,8.182985820862159
26.75,13.81,6614,104075781770272.75,9.327352248695131,0.2997202025721768,1.8762994172856633,0.12272965288253221,4.347673606206397,0.8434409288404691,0.30920600342132715,0.06453022852063237,0.36660066265270286,0.07650829633006559,0.014842473093774584,2.1308503483724857,8.092908739730657
26.76,14.61,6761,104832364694217.86,9.241126383272736,0.29832794074462443,1.8694088470921006,0.12210175823737704,4.289667877636603,0.8238949928618537,0.3024041108056148,0.06284067153719809,0.3670420544190882,0.07627267076708023,0.014649309300798417,2.133504999415966,8.013230653772354
26.77,14.19,6688,104214859502430.52,9.294474614062727,0.30060816768536947,1.878772562330287,0.12288917331655184,4.3334841128181685,0.8199689608688299,0.3140363588404062,0.06638483678483739,0.3829856663204139,0.08096018258361483,0.015319044689347146,2.127214909895648,8.063223327834878
26.78,13.25,6541,102689308243026.89,9.433280964237545,0.2998749311252373,1.8934654067893506,0.1237980461102576,4.461166424687647,0.7997553179580887,0.33159382041944757,0.10235861952819875,0.4146190878305917,0.12798741968923408,0.022944362479228844,2.084294592182363,8.20341031935583
26.79,13.94,6644,103974196610230.48,9.33413079960868,0.294005466266551,1.8740798913044845,0.12113742812831677,4.3475910100622395,0.8402337524317158,0.3127743970761564,0.06518813709341385,0.37224688507329984,0.07758333547629244,0.01499408222681016,2.13598878165667,8.096939433871185
26.8,14.51,6745,104649475403255.72,9.26767981150051,0.2945629647192012,1.859656350328057,0.12093846128540486,4.284401119232977,0.8742665982315161,0.2916998926712847,0.060481308396913416,0.3336509632889339,0.06917947971391818,0.014116630706076652,2.121008515361524,8.036906436690469
26.81,13.53,6578,103575529732756.7,9.395823852360955,0.2939237642666075,1.8812146422887375,0.12163652512804225,4.3947415565302235,0.8242500471823382,0.32603228277835244,0.07115889050656199,0.3955502142740291,0.08633167902120899,0.016191825979124018,2.145807271810059,8.16324944658168
26.82,13.28,6546,102769032514179.66,9.429883147826677,0.2910098575025953,1.8790114015242403,0.12214599499207124,4.461014661210113,0.8359110495820706,0.32348383875976006,0.11792483799884604,0.38698356592067046,0.14107342887476457,0.026434532713877534,2.025719233519587,8.190778735096131
26.83,14.73,6789,104696755941913.6,9.223132956596759,0.2973034441656357,1.8665126450000378,0.12195746946848589,4.272447277209914,0.8288539243742968,0.3012151260643223,0.0626752764020686,0.3634115942585542,0.07561679393553246,0.014669643025530362,2.1289304460164398,7.991774130647912
26.84,14.89,6818,104838633957995.88,9.224033865095217,0.2990585944296732,1.863673886014388,0.12080540040056381,4.247900611229184,0.8451400463235402,0.29017747785321385,0.0625135982270702,0.34334839428745617,0.07396833045483028,0.01471635142823671,2.1395306112992296,7.987218796651777
26.85,14.13,6686,104332607625376.7,9.322295492931476,0.29382052295857575,1.8661204820622035,0.12171496799550119,4.332894462028164,0.8555975546187055,0.3070855230093673,0.06318339106512605,0.358913511792608,0.07384709168936737,0.014582259415464932,2.1264789560927504,8.083268475609817
26.86,14.19,6698,104543412994635.16,9.310691594493692,0.291599465786526,1.8743075014707626,0.12120705946059185,4.3368009632159925,0.8205484694874289,0.31873634237321136,0.06932246436250446,0.3884430405096192,0.08448308288943375,0.015984700462503536,2.1371360039653657,8.074472191849173
26.87,13.7,6614,103738739255056.39,9.398923058843872,0.2962354619177027,1.880919071713921,0.12346704760846902,4.390112184738068,0.8361873241159393,0.32185257442968734,0.06738866219421914,0.3849048713695422,0.08059038955830373,0.015350100261330754,2.1449786300960914,8.165091093026668
26.88,14.44,6751,104634823820138.19,9.280508345439802,0.2933876487667565,1.8601037660596307,0.12194281453254041,4.305774167007728,0.8639230315502284,0.2987084345039371,0.06142681342067043,0.3457581562190013,0.07110218292299235,0.01426614844116607,2.118602410958899,8.049243839495213
26.89,14.31,6728,104666037047575.72,9.318827341859935,0.2953136097963477,1.8734602905363638,0.1217001985302653,4.340574135418214,0.8281099445871337,0.314602204607909,0.06712126428944236,0.3799039084897821,0.08105356629053241,0.01546368341960717,2.1309259861876884,8.0795453902247
26.9,14.7,6798,105234579357538.27,9.29197267000064,0.29680590976887744,1.8710186622958596,0.12175709110668068,4.320121001405636,0.8374509619591182,0.3059449262689565,0.06359913672755078,0.36532876570257233,0.0759437144579404,0.014721610044454209,2.1275860373914846,8.059123532624504
26.91,13.28,6571,102842668110758.67,9.47620017261989,0.28864055881740125,1.8824729989243316,0.12245348802056237,4.53935615210546,0.8076332855008101,0.3360638454211235,0.15292546077003316,0.4161094539494266,0.18935012154087322,0.0336887998310295,1.9582120561810243,8.238238503811882
26.92,13.7,6622,103779533171150.52,9.41922778161227,0.2992379651473901,1.8891804265681322,0.1237864745531601,4.416003600587403,0.8194143592806471,0.3277368861175843,0.07244941177808895,0.39996478265928864,0.08841608760882749,0.016406103420851366,2.1463098944314374,8.188223579089607
26.93,13.93,6666,104171950041390.33,9.37472028623776,0.293328208889829,1.8771848491780734,0.12164025936058791,4.37402725576999,0.8337320789786952,0.3194443988191553,0.06857395638754671,0.38314994333727476,0.08224939176089807,0.015677532941087074,2.141993575584847,8.138907804518551
26.94,13.47,6595,102939549118168.0,9.438720701696074,0.2969094117722602,1.8987456092845836,0.1262155174049663,4.561815245529443,0.737284548736889,0.34896551322871766,0.17140504944671303,0.4733118493077918,0.23248154290004183,0.03757386922118101,1.9391245824737944,8.198171784480886
26.95,14.58,6784,104934303509169.55,9.302134469436538,0.29912679802840014,1.874977257242151,0.12273629652783555,4.33673555774384,0.8276731961979312,0.31114343690051716,0.06590488150826458,0.37592547194932935,0.07962669542883684,0.015196887297078174,2.127640795562447,8.074121558535401
26.96,14.23,6721,104670253398824.2,9.35992585879882,0.2913538653281993,1.869246037124985,0.12139243097111771,4.359633859082906,0.8501652065650742,0.31136229646285185,0.06719552208794596,0.3662374019290323,0.07903819348175432,0.015413111343731337,2.135016881627002,8.128114048139771
26.97,13.6,6616,103567343940710.72,9.459647758699232,0.2911901018835955,1.8955685621545943,0.12387512343229641,4.563913981348452,0.7659800534193687,0.35160583124819267,0.1695803714941756,0.459027398531605,0.22139006196984026,0.0371567852039296,1.9338520217260697,8.219513516546309
26.98,14.35,6746,104741285447622.0,9.355023430029044,0.2965259352542908,1.8795276473555145,0.12285499567208007,4.36965731400964,0.8249220415275932,0.32072416724943614,0.06847189338496741,0.3887933054322541,0.08300407788616115,0.01566985428478302,2.1371202869118195,8.122258818844973
26.99,13.45,6596,103418052605148.95,9.473377212639143,0.28872438770834286,1.8905563931583385,0.12321486506772263,4.567792985251482,0.7690332898319243,0.3486541083806849,0.1701512162398119,0.4533667306611458,0.2212533819920841,0.03725020306068974,1.9343550822538298,8.233462712937241
