t,vx_y0.2500,vx_y0.5000,vx_y0.7500,vx_y1.0000,vx_y1.2500,A_drv,f_drive,H,B0y,rho0,yd_bottom
2.8595101230e+00,-1.3847565371e-03,-3.2218442848e-04,1.5372476254e-03,-2.0677122625e-03,6.3818111542e-04,1.0000000000e-03,2.0000000000e+00,1.0000000000e+00,5.0000000000e-01,1.0000000000e+00,3.9062500000e-03
2.8612379246e+00,-1.3831785463e-03,-2.8616585196e-04,1.5389865548e-03,-2.0713502599e-03,6.4286598474e-04,1.0000000000e-03,2.0000000000e+00,1.0000000000e+00,5.0000000000e-01,1.0000000000e+00,3.9062500000e-03
2.8629657262e+00,-1.3810112500e-03,-2.5009470962e-04,1.5404612746e-03,-2.0734193109e-03,6.4706598459e-04,1.0000000000e-03,2.0000000000e+00,1.0000000000e+00,5.0000000000e-01,1.0000000000e+00,3.9062500000e-03
2.8646935277e+00,-1.3781446834e-03,-2.1397690550e-04,1.5417300465e-03,-2.0739304742e-03,6.5080758325e-04,1.0000000000e-03,2.0000000000e+00,1.0000000000e+00,5.0000000000e-01,1.0000000000e+00,3.9062500000e-03
2.8664213293e+00,-1.3744808105e-03,-1.7781845951e-04,1.5428370837e-03,-2.0728298776e-03,6.5412314106e-04,1.0000000000e-03,2.0000000000e+00,1.0000000000e+00,5.0000000000e-01,1.0000000000e+00,3.9062500000e-03
2.8681491309e+00,-1.3699525774e-03,-1.4162573093e-04,1.5438201383e-03,-2.0702642729e-03,6.5710217010e-04,1.0000000000e-03,2.0000000000e+00,1.0000000000e+00,5.0000000000e-01,1.0000000000e+00,3.9062500000e-03
2.8698769324e+00,-1.3644831004e-03,-1.0540558847e-04,1.5446898437e-03,-2.0661544168e-03,6.5938711872e-04,1.0000000000e-03,2.0000000000e+00,1.0000000000e+00,5.0000000000e-01,1.0000000000e+00,3.9062500000e-03
2.8716047340e+00,-1.3580229642e-03,-6.9165544977e-05,1.5454519567e-03,-2.0605063304e-03,6.6098263118e-04,1.0000000000e-03,2.0000000000e+00,1.0000000000e+00,5.0000000000e-01,1.0000000000e+00,3.9062500000e-03
2.8733325355e+00,-1.3505369277e-03,-3.2913877345e-05,1.5461478274e-03,-2.0533769290e-03,6.6195626659e-04,1.0000000000e-03,2.0000000000e+00,1.0000000000e+00,5.0000000000e-01,1.0000000000e+00,3.9062500000e-03
2.8750603370e+00,-1.3419156088e-03,3.3402566820e-06,1.5467569135e-03,-2.0447985038e-03,6.6275356854e-04,1.0000000000e-03,2.0000000000e+00,1.0000000000e+00,5.0000000000e-01,1.0000000000e+00,3.9062500000e-03
2.8767881386e+00,-1.3320764355e-03,3.9586701946e-05,1.5472577368e-03,-2.0347945929e-03,6.6356955632e-04,1.0000000000e-03,2.0000000000e+00,1.0000000000e+00,5.0000000000e-01,1.0000000000e+00,3.9062500000e-03
2.8785159401e+00,-1.3209600357e-03,7.5814190579e-05,1.5476937040e-03,-2.0233875825e-03,6.6431431914e-04,1.0000000000e-03,2.0000000000e+00,1.0000000000e+00,5.0000000000e-01,1.0000000000e+00,3.9062500000e-03
2.8802437416e+00,-1.3085182648e-03,1.1201023283e-04,1.5480687433e-03,-2.0106013774e-03,6.6492888982e-04,1.0000000000e-03,2.0000000000e+00,1.0000000000e+00,5.0000000000e-01,1.0000000000e+00,3.9062500000e-03
2.8819715432e+00,-1.2947207447e-03,1.4816102398e-04,1.5483879748e-03,-1.9964691288e-03,6.6536936399e-04,1.0000000000e-03,2.0000000000e+00,1.0000000000e+00,5.0000000000e-01,1.0000000000e+00,3.9062500000e-03
2.8836993447e+00,-1.2795631616e-03,1.8425137527e-04,1.5487106573e-03,-1.9810378194e-03,6.6559989378e-04,1.0000000000e-03,2.0000000000e+00,1.0000000000e+00,5.0000000000e-01,1.0000000000e+00,3.9062500000e-03
2.8854271462e+00,-1.2630612511e-03,2.2026467247e-04,1.5489954563e-03,-1.9643601186e-03,6.6558949675e-04,1.0000000000e-03,2.0000000000e+00,1.0000000000e+00,5.0000000000e-01,1.0000000000e+00,3.9062500000e-03
2.8871549478e+00,-1.2452561757e-03,2.5618286105e-04,1.5492489430e-03,-1.9464902206e-03,6.6531076067e-04,1.0000000000e-03,2.0000000000e+00,1.0000000000e+00,5.0000000000e-01,1.0000000000e+00,3.9062500000e-03
2.8888827493e+00,-1.2262128777e-03,2.9198645496e-04,1.5494632288e-03,-1.9274818965e-03,6.6473954510e-04,1.0000000000e-03,2.0000000000e+00,1.0000000000e+00,5.0000000000e-01,1.0000000000e+00,3.9062500000e-03
2.8906105509e+00,-1.2059919501e-03,3.2765456531e-04,1.5496205878e-03,-1.9073876604e-03,6.6385520501e-04,1.0000000000e-03,2.0000000000e+00,1.0000000000e+00,5.0000000000e-01,1.0000000000e+00,3.9062500000e-03
2.8923383524e+00,-1.1846543001e-03,3.6316494515e-04,1.5496945373e-03,-1.8862584386e-03,6.6264108977e-04,1.0000000000e-03,2.0000000000e+00,1.0000000000e+00,5.0000000000e-01,1.0000000000e+00,3.9062500000e-03
2.8940661540e+00,-1.1622641343e-03,3.9849404720e-04,1.5496504840e-03,-1.8641435272e-03,6.6108522219e-04,1.0000000000e-03,2.0000000000e+00,1.0000000000e+00,5.0000000000e-01,1.0000000000e+00,3.9062500000e-03
2.8957939556e+00,-1.1388856348e-03,4.3361709442e-04,1.5494479406e-03,-1.8410907562e-03,6.5918119002e-04,1.0000000000e-03,2.0000000000e+00,1.0000000000e+00,5.0000000000e-01,1.0000000000e+00,3.9062500000e-03
2.8975217572e+00,-1.1145825739e-03,4.6850816437e-04,1.5489785333e-03,-1.8171468245e-03,6.5639835171e-04,1.0000000000e-03,2.0000000000e+00,1.0000000000e+00,5.0000000000e-01,1.0000000000e+00,3.9062500000e-03
2.8992495588e+00,-1.0894198052e-03,5.0314028941e-04,1.5479339079e-03,-1.7923577674e-03,6.5281542616e-04,1.0000000000e-03,2.0000000000e+00,1.0000000000e+00,5.0000000000e-01,1.0000000000e+00,3.9062500000e-03
2.9009773604e+00,-1.0634621088e-03,5.3748557333e-04,1.5462457985e-03,-1.7667695136e-03,6.4852075748e-04,1.0000000000e-03,2.0000000000e+00,1.0000000000e+00,5.0000000000e-01,1.0000000000e+00,3.9062500000e-03
2.9027051621e+00,-1.0367757034e-03,5.7151532278e-04,1.5438244126e-03,-1.7404284757e-03,6.4358786782e-04,1.0000000000e-03,2.0000000000e+00,1.0000000000e+00,5.0000000000e-01,1.0000000000e+00,3.9062500000e-03
2.9044329637e+00,-1.0094307631e-03,6.0520019196e-04,1.5406584208e-03,-1.7133821196e-03,6.3808107824e-04,1.0000000000e-03,2.0000000000e+00,1.0000000000e+00,5.0000000000e-01,1.0000000000e+00,3.9062500000e-03
2.9061607653e+00,-9.8149653554e-04,6.3851033942e-04,1.5365944232e-03,-1.6856794601e-03,6.3205858072e-04,1.0000000000e-03,2.0000000000e+00,1.0000000000e+00,5.0000000000e-01,1.0000000000e+00,3.9062500000e-03
2.9078885670e+00,-9.5303884627e-04,6.7141559572e-04,1.5314533754e-03,-1.6573714427e-03,6.2557383811e-04,1.0000000000e-03,2.0000000000e+00,1.0000000000e+00,5.0000000000e-01,1.0000000000e+00,3.9062500000e-03
2.9096163687e+00,-9.2411923668e-04,7.0388563997e-04,1.5250949116e-03,-1.6285111808e-03,6.1867609600e-04,1.0000000000e-03,2.0000000000e+00,1.0000000000e+00,5.0000000000e-01,1.0000000000e+00,3.9062500000e-03
2.9113441703e+00,-8.9479361612e-04,7.3589018121e-04,1.5174178103e-03,-1.5991540315e-03,6.1141053159e-04,1.0000000000e-03,2.0000000000e+00,1.0000000000e+00,5.0000000000e-01,1.0000000000e+00,3.9062500000e-03
2.9130719720e+00,-8.6511164582e-04,7.6739913929e-04,1.5083249475e-03,-1.5693572231e-03,6.0381833265e-04,1.0000000000e-03,2.0000000000e+00,1.0000000000e+00,5.0000000000e-01,1.0000000000e+00,3.9062500000e-03
2.9147997737e+00,-8.3511680749e-04,7.9838282388e-04,1.4977311880e-03,-1.5391792288e-03,5.9593684087e-04,1.0000000000e-03,2.0000000000e+00,1.0000000000e+00,5.0000000000e-01,1.0000000000e+00,3.9062500000e-03
2.9165275754e+00,-8.0484644184e-04,8.2881211462e-04,1.4855662318e-03,-1.5086805380e-03,5.8779979888e-04,1.0000000000e-03,2.0000000000e+00,1.0000000000e+00,5.0000000000e-01,1.0000000000e+00,3.9062500000e-03
2.9182553770e+00,-7.7433272621e-04,8.5865864479e-04,1.4717759019e-03,-1.4779246881e-03,5.7943769097e-04,1.0000000000e-03,2.0000000000e+00,1.0000000000e+00,5.0000000000e-01,1.0000000000e+00,3.9062500000e-03
2.9199831787e+00,-7.4360424645e-04,8.8789498559e-04,1.4563225118e-03,-1.4469776187e-03,5.7087814661e-04,1.0000000000e-03,2.0000000000e+00,1.0000000000e+00,5.0000000000e-01,1.0000000000e+00,3.9062500000e-03
2.9217109804e+00,-7.1268665529e-04,9.1649482137e-04,1.4391845062e-03,-1.4159061933e-03,5.6214637093e-04,1.0000000000e-03,2.0000000000e+00,1.0000000000e+00,5.0000000000e-01,1.0000000000e+00,3.9062500000e-03
2.9234387821e+00,-6.8160294678e-04,9.4443310442e-04,1.4203555035e-03,-1.3847764524e-03,5.5326557022e-04,1.0000000000e-03,2.0000000000e+00,1.0000000000e+00,5.0000000000e-01,1.0000000000e+00,3.9062500000e-03
2.9251665838e+00,-6.5037372764e-04,9.7168619457e-04,1.3998428636e-03,-1.3536519527e-03,5.4425734733e-04,1.0000000000e-03,2.0000000000e+00,1.0000000000e+00,5.0000000000e-01,1.0000000000e+00,3.9062500000e-03
2.9268943855e+00,-6.1901722496e-04,9.9823200700e-04,1.3776659062e-03,-1.3225923858e-03,5.3514205082e-04,1.0000000000e-03,2.0000000000e+00,1.0000000000e+00,5.0000000000e-01,1.0000000000e+00,3.9062500000e-03
2.9286221872e+00,-5.8754923381e-04,1.0240501640e-03,1.3538539117e-03,-1.2916525624e-03,5.2593906902e-04,1.0000000000e-03,2.0000000000e+00,1.0000000000e+00,5.0000000000e-01,1.0000000000e+00,3.9062500000e-03
2.9303499890e+00,-5.5598310381e-04,1.0491221333e-03,1.3284440215e-03,-1.2608817721e-03,5.1666706711e-04,1.0000000000e-03,2.0000000000e+00,1.0000000000e+00,5.0000000000e-01,1.0000000000e+00,3.9062500000e-03
2.9320777907e+00,-5.2432967514e-04,1.0734313285e-03,1.3014791481e-03,-1.2303234818e-03,5.0734417009e-04,1.0000000000e-03,2.0000000000e+00,1.0000000000e+00,5.0000000000e-01,1.0000000000e+00,3.9062500000e-03
2.9338055924e+00,-4.9259740900e-04,1.0969631503e-03,1.2730059781e-03,-1.2000153102e-03,4.9798809793e-04,1.0000000000e-03,2.0000000000e+00,1.0000000000e+00,5.0000000000e-01,1.0000000000e+00,3.9062500000e-03
2.9355333941e+00,-4.6079276444e-04,1.1197050269e-03,1.2430731381e-03,-1.1699892038e-03,4.8861626074e-04,1.0000000000e-03,2.0000000000e+00,1.0000000000e+00,5.0000000000e-01,1.0000000000e+00,3.9062500000e-03
2.9372611959e+00,-4.2892061976e-04,1.1416465351e-03,1.2117295664e-03,-1.1402717444e-03,4.7924582229e-04,1.0000000000e-03,2.0000000000e+00,1.0000000000e+00,5.0000000000e-01,1.0000000000e+00,3.9062500000e-03
2.9389889976e+00,-3.9698466885e-04,1.1627795057e-03,1.1790231180e-03,-1.1108845189e-03,4.6989373935e-04,1.0000000000e-03,2.0000000000e+00,1.0000000000e+00,5.0000000000e-01,1.0000000000e+00,3.9062500000e-03
2.9407167993e+00,-3.6498780146e-04,1.1830980586e-03,1.1449994128e-03,-1.0818444958e-03,4.6057678339e-04,1.0000000000e-03,2.0000000000e+00,1.0000000000e+00,5.0000000000e-01,1.0000000000e+00,3.9062500000e-03
2.9424446011e+00,-3.3293240140e-04,1.2025985332e-03,1.1097009191e-03,-1.0531643531e-03,4.5131154894e-04,1.0000000000e-03,2.0000000000e+00,1.0000000000e+00,5.0000000000e-01,1.0000000000e+00,3.9062500000e-03
2.9441724028e+00,-3.0082056632e-04,1.2212793434e-03,1.0731662565e-03,-1.0248527678e-03,4.4211445206e-04,1.0000000000e-03,2.0000000000e+00,1.0000000000e+00,5.0000000000e-01,1.0000000000e+00,3.9062500000e-03
2.9459002045e+00,-2.6865425559e-04,1.2391409972e-03,1.0353923645e-03,-9.9691467848e-04,4.3300172037e-04,1.0000000000e-03,2.0000000000e+00,1.0000000000e+00,5.0000000000e-01,1.0000000000e+00,3.9062500000e-03
2.9476280063e+00,-2.3643534960e-04,1.2561863365e-03,9.9636583907e-04,-9.6935148957e-04,4.2398937623e-04,1.0000000000e-03,2.0000000000e+00,1.0000000000e+00,5.0000000000e-01,1.0000000000e+00,3.9062500000e-03
2.9493558080e+00,-2.0416567976e-04,1.2724205664e-03,9.5610691353e-04,-9.4216117841e-04,4.1509321419e-04,1.0000000000e-03,2.0000000000e+00,1.0000000000e+00,5.0000000000e-01,1.0000000000e+00,3.9062500000e-03
2.9510836098e+00,-1.7184707670e-04,1.2878509971e-03,9.1465521020e-04,-9.1533828002e-04,4.0641514670e-04,1.0000000000e-03,2.0000000000e+00,1.0000000000e+00,5.0000000000e-01,1.0000000000e+00,3.9062500000e-03
2.9528114115e+00,-1.3948144570e-04,1.3024867079e-03,8.7205994405e-04,-8.8887375105e-04,3.9793936838e-04,1.0000000000e-03,2.0000000000e+00,1.0000000000e+00,5.0000000000e-01,1.0000000000e+00,3.9062500000e-03
2.9545392133e+00,-1.0707086916e-04,1.3163382776e-03,8.2837340072e-04,-8.6275473556e-04,3.8961931003e-04,1.0000000000e-03,2.0000000000e+00,1.0000000000e+00,5.0000000000e-01,1.0000000000e+00,3.9062500000e-03
2.9562670150e+00,-7.4617733765e-05,1.3294181160e-03,7.8364675643e-04,-8.3696427080e-04,3.8143373690e-04,1.0000000000e-03,2.0000000000e+00,1.0000000000e+00,5.0000000000e-01,1.0000000000e+00,3.9062500000e-03
2.9579948167e+00,-4.2124870202e-05,1.3417411129e-03,7.3792754980e-04,-8.1148097883e-04,3.7337816542e-04,1.0000000000e-03,2.0000000000e+00,1.0000000000e+00,5.0000000000e-01,1.0000000000e+00,3.9062500000e-03
2.9597226185e+00,-9.5956954235e-06,1.3533243120e-03,6.9125831208e-04,-7.8627879019e-04,3.6545859149e-04,1.0000000000e-03,2.0000000000e+00,1.0000000000e+00,5.0000000000e-01,1.0000000000e+00,3.9062500000e-03
2.9614504202e+00,2.2965653294e-05,1.3641856433e-03,6.4367600726e-04,-7.6132674113e-04,3.5768701693e-04,1.0000000000e-03,2.0000000000e+00,1.0000000000e+00,5.0000000000e-01,1.0000000000e+00,3.9062500000e-03
2.9631782219e+00,5.5554209301e-05,1.3743435561e-03,5.9521203619e-04,-7.3658887660e-04,3.5007828028e-04,1.0000000000e-03,2.0000000000e+00,1.0000000000e+00,5.0000000000e-01,1.0000000000e+00,3.9062500000e-03
2.9649060237e+00,8.8164092776e-05,1.3838172466e-03,5.4589263019e-04,-7.1202428214e-04,3.4264779766e-04,1.0000000000e-03,2.0000000000e+00,1.0000000000e+00,5.0000000000e-01,1.0000000000e+00,3.9062500000e-03
2.9666338254e+00,1.2078844568e-04,1.3926278810e-03,4.9573951186e-04,-6.8758722033e-04,3.3540993252e-04,1.0000000000e-03,2.0000000000e+00,1.0000000000e+00,5.0000000000e-01,1.0000000000e+00,3.9062500000e-03
2.9683616271e+00,1.5341937840e-04,1.4007997827e-03,4.4477074466e-04,-6.6322737614e-04,3.2837680846e-04,1.0000000000e-03,2.0000000000e+00,1.0000000000e+00,5.0000000000e-01,1.0000000000e+00,3.9062500000e-03
2.9700894289e+00,1.8604792103e-04,1.4083588764e-03,3.9300175531e-04,-6.3889026684e-04,3.2155744759e-04,1.0000000000e-03,2.0000000000e+00,1.0000000000e+00,5.0000000000e-01,1.0000000000e+00,3.9062500000e-03
2.9718172306e+00,2.1866397391e-04,1.4153275550e-03,3.4045275973e-04,-6.1451817151e-04,3.1495716003e-04,1.0000000000e-03,2.0000000000e+00,1.0000000000e+00,5.0000000000e-01,1.0000000000e+00,3.9062500000e-03
2.9735450324e+00,2.5125625567e-04,1.4217281533e-03,2.8712219980e-04,-5.9005158930e-04,3.0857713484e-04,1.0000000000e-03,2.0000000000e+00,1.0000000000e+00,5.0000000000e-01,1.0000000000e+00,3.9062500000e-03
2.9752728341e+00,2.8381224864e-04,1.4275848950e-03,2.3299176863e-04,-5.6543107089e-04,3.0241419578e-04,1.0000000000e-03,2.0000000000e+00,1.0000000000e+00,5.0000000000e-01,1.0000000000e+00,3.9062500000e-03
2.9770006358e+00,3.1631814391e-04,1.4329257923e-03,1.7804522528e-04,-5.4060042608e-04,2.9646069141e-04,1.0000000000e-03,2.0000000000e+00,1.0000000000e+00,5.0000000000e-01,1.0000000000e+00,3.9062500000e-03
2.9787284376e+00,3.4875879109e-04,1.4377841297e-03,1.2227782363e-04,-5.1551059831e-04,2.9070449066e-04,1.0000000000e-03,2.0000000000e+00,1.0000000000e+00,5.0000000000e-01,1.0000000000e+00,3.9062500000e-03
2.9804562393e+00,3.8111765799e-04,1.4421879394e-03,6.5701134696e-05,-4.9013079900e-04,2.8512906631e-04,1.0000000000e-03,2.0000000000e+00,1.0000000000e+00,5.0000000000e-01,1.0000000000e+00,3.9062500000e-03
2.9821840410e+00,4.1337680254e-04,1.4461493540e-03,8.3452990457e-06,-4.6445342623e-04,2.7971363958e-04,1.0000000000e-03,2.0000000000e+00,1.0000000000e+00,5.0000000000e-01,1.0000000000e+00,3.9062500000e-03
2.9839118428e+00,4.4551685947e-04,1.4496928483e-03,-4.9746382559e-05,-4.3842790692e-04,2.7443337307e-04,1.0000000000e-03,2.0000000000e+00,1.0000000000e+00,5.0000000000e-01,1.0000000000e+00,3.9062500000e-03
2.9856396445e+00,4.7751704493e-04,1.4528503289e-03,-1.0852514892e-04,-4.1131480645e-04,2.6925955916e-04,1.0000000000e-03,2.0000000000e+00,1.0000000000e+00,5.0000000000e-01,1.0000000000e+00,3.9062500000e-03
2.9873674463e+00,5.0935518129e-04,1.4556588292e-03,-1.6793865101e-04,-3.8302947052e-04,2.6415964575e-04,1.0000000000e-03,2.0000000000e+00,1.0000000000e+00,5.0000000000e-01,1.0000000000e+00,3.9062500000e-03
2.9890952480e+00,5.4100773986e-04,1.4581588266e-03,-2.2793031629e-04,-3.5429160753e-04,2.5909753546e-04,1.0000000000e-03,2.0000000000e+00,1.0000000000e+00,5.0000000000e-01,1.0000000000e+00,3.9062500000e-03
2.9908230497e+00,5.7244989756e-04,1.4603634176e-03,-2.8844019047e-04,-3.2484095096e-04,2.5403752303e-04,1.0000000000e-03,2.0000000000e+00,1.0000000000e+00,5.0000000000e-01,1.0000000000e+00,3.9062500000e-03
2.9925508515e+00,6.0365560715e-04,1.4622375586e-03,-3.4940615457e-04,-2.9527140016e-04,2.4894953105e-04,1.0000000000e-03,2.0000000000e+00,1.0000000000e+00,5.0000000000e-01,1.0000000000e+00,3.9062500000e-03
2.9942786532e+00,6.3459767901e-04,1.4638431141e-03,-4.1076454176e-04,-2.6532255522e-04,2.4381955719e-04,1.0000000000e-03,2.0000000000e+00,1.0000000000e+00,5.0000000000e-01,1.0000000000e+00,3.9062500000e-03
2.9960064550e+00,6.6524787451e-04,1.4652274378e-03,-4.7245036496e-04,-2.3445465517e-04,2.3863905417e-04,1.0000000000e-03,2.0000000000e+00,1.0000000000e+00,5.0000000000e-01,1.0000000000e+00,3.9062500000e-03
2.9977342568e+00,6.9557702568e-04,1.4664295538e-03,-5.3439759726e-04,-2.0248831331e-04,2.3334742299e-04,1.0000000000e-03,2.0000000000e+00,1.0000000000e+00,5.0000000000e-01,1.0000000000e+00,3.9062500000e-03
2.9994620585e+00,7.2555518240e-04,1.4674879880e-03,-5.9653948178e-04,-1.6963436734e-04,2.2766134861e-04,1.0000000000e-03,2.0000000000e+00,1.0000000000e+00,5.0000000000e-01,1.0000000000e+00,3.9062500000e-03
3.0011898603e+00,7.5515177395e-04,1.4683548093e-03,-6.5880874864e-04,-1.3597474970e-04,2.2120961754e-04,1.0000000000e-03,2.0000000000e+00,1.0000000000e+00,5.0000000000e-01,1.0000000000e+00,3.9062500000e-03
3.0029176621e+00,7.8433576816e-04,1.4690636162e-03,-7.2113773602e-04,-1.0141536384e-04,2.1410682138e-04,1.0000000000e-03,2.0000000000e+00,1.0000000000e+00,5.0000000000e-01,1.0000000000e+00,3.9062500000e-03
3.0046454638e+00,8.1307584648e-04,1.4696854822e-03,-7.8345848219e-04,-6.5934342744e-05,2.0654960516e-04,1.0000000000e-03,2.0000000000e+00,1.0000000000e+00,5.0000000000e-01,1.0000000000e+00,3.9062500000e-03
3.0063732656e+00,8.4134059148e-04,1.4702034875e-03,-8.4570282759e-04,-2.9568047663e-05,1.9891993584e-04,1.0000000000e-03,2.0000000000e+00,1.0000000000e+00,5.0000000000e-01,1.0000000000e+00,3.9062500000e-03
3.0081010674e+00,8.6909868599e-04,1.4705991391e-03,-9.0780253062e-04,7.6473524261e-06,1.9135780569e-04,1.0000000000e-03,2.0000000000e+00,1.0000000000e+00,5.0000000000e-01,1.0000000000e+00,3.9062500000e-03
3.0098288691e+00,8.9631916572e-04,1.4708494416e-03,-9.6968940096e-04,4.5689384197e-05,1.8356339166e-04,1.0000000000e-03,2.0000000000e+00,1.0000000000e+00,5.0000000000e-01,1.0000000000e+00,3.9062500000e-03
3.0115566709e+00,9.2297168918e-04,1.4709128567e-03,-1.0312954642e-03,8.4532076420e-05,1.7519864809e-04,1.0000000000e-03,2.0000000000e+00,1.0000000000e+00,5.0000000000e-01,1.0000000000e+00,3.9062500000e-03
3.0132844727e+00,9.4902676085e-04,1.4709368385e-03,-1.0925531738e-03,1.2414724705e-04,1.6623211183e-04,1.0000000000e-03,2.0000000000e+00,1.0000000000e+00,5.0000000000e-01,1.0000000000e+00,3.9062500000e-03
3.0150122745e+00,9.7445588685e-04,1.4709358755e-03,-1.1533956838e-03,1.6450332471e-04,1.5663637389e-04,1.0000000000e-03,2.0000000000e+00,1.0000000000e+00,5.0000000000e-01,1.0000000000e+00,3.9062500000e-03
3.0167400763e+00,9.9923177106e-04,1.4709379190e-03,-1.2137572031e-03,2.0556465780e-04,1.4639232676e-04,1.0000000000e-03,2.0000000000e+00,1.0000000000e+00,5.0000000000e-01,1.0000000000e+00,3.9062500000e-03
3.0184678781e+00,1.0233285446e-03,1.4709256956e-03,-1.2735734649e-03,2.4729132198e-04,1.3548881549e-04,1.0000000000e-03,2.0000000000e+00,1.0000000000e+00,5.0000000000e-01,1.0000000000e+00,3.9062500000e-03
3.0201956798e+00,1.0467219890e-03,1.4708711942e-03,-1.3327823794e-03,2.8963929615e-04,1.2392185363e-04,1.0000000000e-03,2.0000000000e+00,1.0000000000e+00,5.0000000000e-01,1.0000000000e+00,3.9062500000e-03
3.0219234816e+00,1.0693898395e-03,1.4707454377e-03,-1.3913249857e-03,3.3256088241e-04,1.1169397582e-04,1.0000000000e-03,2.0000000000e+00,1.0000000000e+00,5.0000000000e-01,1.0000000000e+00,3.9062500000e-03
3.0236512834e+00,1.0913120658e-03,1.4705218863e-03,-1.4491467394e-03,3.7600527067e-04,9.8813735512e-05,1.0000000000e-03,2.0000000000e+00,1.0000000000e+00,5.0000000000e-01,1.0000000000e+00,3.9062500000e-03
3.0253790852e+00,1.1124708814e-03,1.4699910483e-03,-1.5062119022e-03,4.1991917049e-04,8.5295277451e-05,1.0000000000e-03,2.0000000000e+00,1.0000000000e+00,5.0000000000e-01,1.0000000000e+00,3.9062500000e-03
3.0271068870e+00,1.1328506560e-03,1.4690581650e-03,-1.5625118470e-03,4.6424745054e-04,7.1157922284e-05,1.0000000000e-03,2.0000000000e+00,1.0000000000e+00,5.0000000000e-01,1.0000000000e+00,3.9062500000e-03
3.0288346888e+00,1.1524380688e-03,1.4676281394e-03,-1.6178760034e-03,5.0893374044e-04,5.6425721436e-05,1.0000000000e-03,2.0000000000e+00,1.0000000000e+00,5.0000000000e-01,1.0000000000e+00,3.9062500000e-03
3.0305624906e+00,1.1712224486e-03,1.4656565672e-03,-1.6721927688e-03,5.5392096231e-04,4.1126961388e-05,1.0000000000e-03,2.0000000000e+00,1.0000000000e+00,5.0000000000e-01,1.0000000000e+00,3.9062500000e-03
3.0322902923e+00,1.1891959139e-03,1.4630839966e-03,-1.7253933059e-03,5.9915177055e-04,2.5293615878e-05,1.0000000000e-03,2.0000000000e+00,1.0000000000e+00,5.0000000000e-01,1.0000000000e+00,3.9062500000e-03
3.0340180941e+00,1.2063536821e-03,1.4598305668e-03,-1.7773635565e-03,6.4456888876e-04,8.9710763048e-06,1.0000000000e-03,2.0000000000e+00,1.0000000000e+00,5.0000000000e-01,1.0000000000e+00,3.9062500000e-03
3.0357458959e+00,1.2226941953e-03,1.4558044737e-03,-1.8278589962e-03,6.9011534161e-04,-7.7273507642e-06,1.0000000000e-03,2.0000000000e+00,1.0000000000e+00,5.0000000000e-01,1.0000000000e+00,3.9062500000e-03
3.0374736977e+00,1.2382180429e-03,1.4509651130e-03,-1.8769906357e-03,7.3573458763e-04,-2.4808486250e-05,1.0000000000e-03,2.0000000000e+00,1.0000000000e+00,5.0000000000e-01,1.0000000000e+00,3.9062500000e-03
3.0392014994e+00,1.2529276844e-03,1.4451992131e-03,-1.9248330141e-03,7.8137056466e-04,-4.2265875326e-05,1.0000000000e-03,2.0000000000e+00,1.0000000000e+00,5.0000000000e-01,1.0000000000e+00,3.9062500000e-03
3.0409293012e+00,1.2668281386e-03,1.4383749099e-03,-1.9714355744e-03,8.2696766444e-04,-6.0083070248e-05,1.0000000000e-03,2.0000000000e+00,1.0000000000e+00,5.0000000000e-01,1.0000000000e+00,3.9062500000e-03
3.0426571030e+00,1.2799283007e-03,1.4303662123e-03,-2.0168295537e-03,8.7247065557e-04,-7.8236321727e-05,1.0000000000e-03,2.0000000000e+00,1.0000000000e+00,5.0000000000e-01,1.0000000000e+00,3.9062500000e-03
3.0443849047e+00,1.2922398888e-03,1.4210762815e-03,-2.0610326521e-03,9.1782457329e-04,-9.6696707537e-05,1.0000000000e-03,2.0000000000e+00,1.0000000000e+00,5.0000000000e-01,1.0000000000e+00,3.9062500000e-03
3.0461127065e+00,1.3037772268e-03,1.4104338230e-03,-2.1040525039e-03,9.6297459266e-04,-1.1543174772e-04,1.0000000000e-03,2.0000000000e+00,1.0000000000e+00,5.0000000000e-01,1.0000000000e+00,3.9062500000e-03
3.0478405083e+00,1.3145583315e-03,1.3983874113e-03,-2.1458894365e-03,1.0078659092e-03,-1.3440656923e-04,1.0000000000e-03,2.0000000000e+00,1.0000000000e+00,5.0000000000e-01,1.0000000000e+00,3.9062500000e-03
3.0495683100e+00,1.3245991650e-03,1.3849029287e-03,-2.1865387526e-03,1.0524436518e-03,-1.5358469007e-04,1.0000000000e-03,2.0000000000e+00,1.0000000000e+00,5.0000000000e-01,1.0000000000e+00,3.9062500000e-03
3.0512961118e+00,1.3339169395e-03,1.3699817580e-03,-2.2259926469e-03,1.0966528428e-03,-1.7292849523e-04,1.0000000000e-03,2.0000000000e+00,1.0000000000e+00,5.0000000000e-01,1.0000000000e+00,3.9062500000e-03
3.0530239135e+00,1.3425323497e-03,1.3536344622e-03,-2.2642418125e-03,1.1404384092e-03,-1.9239947559e-04,1.0000000000e-03,2.0000000000e+00,1.0000000000e+00,5.0000000000e-01,1.0000000000e+00,3.9062500000e-03
3.0547517153e+00,1.3504741064e-03,1.3358741879e-03,-2.3012767660e-03,1.1837452381e-03,-2.1195829713e-04,1.0000000000e-03,2.0000000000e+00,1.0000000000e+00,5.0000000000e-01,1.0000000000e+00,3.9062500000e-03
3.0564795170e+00,1.3577689140e-03,1.3167160802e-03,-2.3370889120e-03,1.2265182676e-03,-2.3156476188e-04,1.0000000000e-03,2.0000000000e+00,1.0000000000e+00,5.0000000000e-01,1.0000000000e+00,3.9062500000e-03
3.0582073188e+00,1.3644439821e-03,1.2961840629e-03,-2.3716713685e-03,1.2687025983e-03,-2.5117771525e-04,1.0000000000e-03,2.0000000000e+00,1.0000000000e+00,5.0000000000e-01,1.0000000000e+00,3.9062500000e-03
3.0599351205e+00,1.3705282022e-03,1.2743140485e-03,-2.4050195736e-03,1.3102436181e-03,-2.7075494586e-04,1.0000000000e-03,2.0000000000e+00,1.0000000000e+00,5.0000000000e-01,1.0000000000e+00,3.9062500000e-03
3.0616629223e+00,1.3760361288e-03,1.2511537960e-03,-2.4371316963e-03,1.3510873487e-03,-2.9025311554e-04,1.0000000000e-03,2.0000000000e+00,1.0000000000e+00,5.0000000000e-01,1.0000000000e+00,3.9062500000e-03
3.0633907240e+00,1.3809961558e-03,1.2267594968e-03,-2.4680088743e-03,1.3911809026e-03,-3.0962774834e-04,1.0000000000e-03,2.0000000000e+00,1.0000000000e+00,5.0000000000e-01,1.0000000000e+00,3.9062500000e-03
3.0651185258e+00,1.3854462607e-03,1.2012006099e-03,-2.4976552970e-03,1.4304722640e-03,-3.2883329858e-04,1.0000000000e-03,2.0000000000e+00,1.0000000000e+00,5.0000000000e-01,1.0000000000e+00,3.9062500000e-03
3.0668463275e+00,1.3894327550e-03,1.1745561224e-03,-2.5261920084e-03,1.4689095933e-03,-3.4782331015e-04,1.0000000000e-03,2.0000000000e+00,1.0000000000e+00,5.0000000000e-01,1.0000000000e+00,3.9062500000e-03
3.0685741293e+00,1.3929766881e-03,1.1469089955e-03,-2.5536583552e-03,1.5064406922e-03,-3.6655067154e-04,1.0000000000e-03,2.0000000000e+00,1.0000000000e+00,5.0000000000e-01,1.0000000000e+00,3.9062500000e-03
3.0703019310e+00,1.3961041513e-03,1.1183410021e-03,-2.5799932966e-03,1.5430128755e-03,-3.8496796495e-04,1.0000000000e-03,2.0000000000e+00,1.0000000000e+00,5.0000000000e-01,1.0000000000e+00,3.9062500000e-03
3.0720297328e+00,1.3988475062e-03,1.0889306055e-03,-2.6051558427e-03,1.5785732723e-03,-4.0302790121e-04,1.0000000000e-03,2.0000000000e+00,1.0000000000e+00,5.0000000000e-01,1.0000000000e+00,3.9062500000e-03
3.0737575345e+00,1.4011886094e-03,1.0587523000e-03,-2.6291229301e-03,1.6130694652e-03,-4.2068382736e-04,1.0000000000e-03,2.0000000000e+00,1.0000000000e+00,5.0000000000e-01,1.0000000000e+00,3.9062500000e-03
3.0754853363e+00,1.4031915587e-03,1.0278762504e-03,-2.6518870330e-03,1.6464503285e-03,-4.3789028717e-04,1.0000000000e-03,2.0000000000e+00,1.0000000000e+00,5.0000000000e-01,1.0000000000e+00,3.9062500000e-03
3.0772131380e+00,1.4049150490e-03,9.9636762537e-04,-2.6734537914e-03,1.6786669236e-03,-4.5460360792e-04,1.0000000000e-03,2.0000000000e+00,1.0000000000e+00,5.0000000000e-01,1.0000000000e+00,3.9062500000e-03
3.0789409398e+00,1.4064117913e-03,9.6428802003e-04,-2.6938397769e-03,1.7096733292e-03,-4.7078247702e-04,1.0000000000e-03,2.0000000000e+00,1.0000000000e+00,5.0000000000e-01,1.0000000000e+00,3.9062500000e-03
3.0806687416e+00,1.4076570020e-03,9.3169631602e-04,-2.7130704412e-03,1.7394273142e-03,-4.8638294810e-04,1.0000000000e-03,2.0000000000e+00,1.0000000000e+00,5.0000000000e-01,1.0000000000e+00,3.9062500000e-03
3.0823965433e+00,1.4086744763e-03,8.9864871165e-04,-2.7311782599e-03,1.7678907965e-03,-5.0131172218e-04,1.0000000000e-03,2.0000000000e+00,1.0000000000e+00,5.0000000000e-01,1.0000000000e+00,3.9062500000e-03
3.0841243451e+00,1.4095014637e-03,8.6519790832e-04,-2.7482010757e-03,1.7950300636e-03,-5.1553633971e-04,1.0000000000e-03,2.0000000000e+00,1.0000000000e+00,5.0000000000e-01,1.0000000000e+00,3.9062500000e-03
3.0858521469e+00,1.4101651975e-03,8.3139235531e-04,-2.7641806397e-03,1.8208157606e-03,-5.2905794372e-04,1.0000000000e-03,2.0000000000e+00,1.0000000000e+00,5.0000000000e-01,1.0000000000e+00,3.9062500000e-03
3.0875799487e+00,1.4107298951e-03,7.9727579390e-04,-2.7791613460e-03,1.8452226722e-03,-5.4189365226e-04,1.0000000000e-03,2.0000000000e+00,1.0000000000e+00,5.0000000000e-01,1.0000000000e+00,3.9062500000e-03
3.0893077505e+00,1.4111743720e-03,7.6288705640e-04,-2.7931891550e-03,1.8682293430e-03,-5.5406607191e-04,1.0000000000e-03,2.0000000000e+00,1.0000000000e+00,5.0000000000e-01,1.0000000000e+00,3.9062500000e-03
3.0910355523e+00,1.4114670033e-03,7.2825989720e-04,-2.8063106969e-03,1.8898175582e-03,-5.6559772178e-04,1.0000000000e-03,2.0000000000e+00,1.0000000000e+00,5.0000000000e-01,1.0000000000e+00,3.9062500000e-03
3.0927633541e+00,1.4115626403e-03,6.9342336611e-04,-2.8185725469e-03,1.9099718407e-03,-5.7650863489e-04,1.0000000000e-03,2.0000000000e+00,1.0000000000e+00,5.0000000000e-01,1.0000000000e+00,3.9062500000e-03
3.0944911559e+00,1.4115821225e-03,6.5840248914e-04,-2.8300206750e-03,1.9286791394e-03,-5.8681748361e-04,1.0000000000e-03,2.0000000000e+00,1.0000000000e+00,5.0000000000e-01,1.0000000000e+00,3.9062500000e-03
3.0962189577e+00,1.4115819759e-03,6.2321900071e-04,-2.8407000752e-03,1.9459285111e-03,-5.9653045902e-04,1.0000000000e-03,2.0000000000e+00,1.0000000000e+00,5.0000000000e-01,1.0000000000e+00,3.9062500000e-03
3.0979467595e+00,1.4115458326e-03,5.8789190998e-04,-2.8506545803e-03,1.9617105919e-03,-6.0563297553e-04,1.0000000000e-03,2.0000000000e+00,1.0000000000e+00,5.0000000000e-01,1.0000000000e+00,3.9062500000e-03
3.0996745613e+00,1.4114530422e-03,5.5243790102e-04,-2.8599268552e-03,1.9760169192e-03,-6.1411696853e-04,1.0000000000e-03,2.0000000000e+00,1.0000000000e+00,5.0000000000e-01,1.0000000000e+00,3.9062500000e-03
3.1014023630e+00,1.4113252360e-03,5.1687162605e-04,-2.8685585315e-03,1.9888392484e-03,-6.2198438277e-04,1.0000000000e-03,2.0000000000e+00,1.0000000000e+00,5.0000000000e-01,1.0000000000e+00,3.9062500000e-03
3.1031301646e+00,1.4111389045e-03,4.8120591475e-04,-2.8765903894e-03,2.0001690528e-03,-6.2924284517e-04,1.0000000000e-03,2.0000000000e+00,1.0000000000e+00,5.0000000000e-01,1.0000000000e+00,3.9062500000e-03
3.1048579661e+00,1.4108588997e-03,4.4545188366e-04,-2.8840624376e-03,2.0099973565e-03,-6.3590637036e-04,1.0000000000e-03,2.0000000000e+00,1.0000000000e+00,5.0000000000e-01,1.0000000000e+00,3.9062500000e-03
3.1065857675e+00,1.4104507757e-03,4.0961908425e-04,-2.8910680909e-03,2.0183148988e-03,-6.4199523773e-04,1.0000000000e-03,2.0000000000e+00,1.0000000000e+00,5.0000000000e-01,1.0000000000e+00,3.9062500000e-03
3.1083135687e+00,1.4097135039e-03,3.7371572562e-04,-2.8976016401e-03,2.0251125464e-03,-6.4753321537e-04,1.0000000000e-03,2.0000000000e+00,1.0000000000e+00,5.0000000000e-01,1.0000000000e+00,3.9062500000e-03
3.1100413699e+00,1.4085021702e-03,3.3774896393e-04,-2.9036576533e-03,2.0303818955e-03,-6.5254549831e-04,1.0000000000e-03,2.0000000000e+00,1.0000000000e+00,5.0000000000e-01,1.0000000000e+00,3.9062500000e-03
3.1117691709e+00,1.4067514777e-03,3.0172523179e-04,-2.9092319589e-03,2.0341159985e-03,-6.5705752827e-04,1.0000000000e-03,2.0000000000e+00,1.0000000000e+00,5.0000000000e-01,1.0000000000e+00,3.9062500000e-03
3.1134969719e+00,1.4043832474e-03,2.6565057221e-04,-2.9143407605e-03,2.0363099967e-03,-6.6109473893e-04,1.0000000000e-03,2.0000000000e+00,1.0000000000e+00,5.0000000000e-01,1.0000000000e+00,3.9062500000e-03
3.1152247728e+00,1.4012659901e-03,2.2953095282e-04,-2.9190575451e-03,2.0369559388e-03,-6.6468538947e-04,1.0000000000e-03,2.0000000000e+00,1.0000000000e+00,5.0000000000e-01,1.0000000000e+00,3.9062500000e-03
3.1169525736e+00,1.3973338655e-03,1.9337253643e-04,-2.9233855267e-03,2.0360584459e-03,-6.6787799600e-04,1.0000000000e-03,2.0000000000e+00,1.0000000000e+00,5.0000000000e-01,1.0000000000e+00,3.9062500000e-03
3.1186803743e+00,1.3925156958e-03,1.5718189229e-04,-2.9273356319e-03,2.0336630276e-03,-6.7060262566e-04,1.0000000000e-03,2.0000000000e+00,1.0000000000e+00,5.0000000000e-01,1.0000000000e+00,3.9062500000e-03
3.1204081749e+00,1.3867332352e-03,1.2096616070e-04,-2.9307085312e-03,2.0297170070e-03,-6.7259060249e-04,1.0000000000e-03,2.0000000000e+00,1.0000000000e+00,5.0000000000e-01,1.0000000000e+00,3.9062500000e-03
3.1221359754e+00,1.3799622042e-03,8.4733186444e-05,-2.9332751768e-03,2.0242343818e-03,-6.7394597615e-04,1.0000000000e-03,2.0000000000e+00,1.0000000000e+00,5.0000000000e-01,1.0000000000e+00,3.9062500000e-03
3.1238637759e+00,1.3721329197e-03,4.8491633782e-05,-2.9350298939e-03,2.0172589479e-03,-6.7470053688e-04,1.0000000000e-03,2.0000000000e+00,1.0000000000e+00,5.0000000000e-01,1.0000000000e+00,3.9062500000e-03
3.1255915763e+00,1.3631432136e-03,1.2251093551e-05,-2.9359613727e-03,2.0088165756e-03,-6.7554435859e-04,1.0000000000e-03,2.0000000000e+00,1.0000000000e+00,5.0000000000e-01,1.0000000000e+00,3.9062500000e-03
3.1273193767e+00,1.3529170606e-03,-2.3977812643e-05,-2.9359798525e-03,1.9989283144e-03,-6.7635699862e-04,1.0000000000e-03,2.0000000000e+00,1.0000000000e+00,5.0000000000e-01,1.0000000000e+00,3.9062500000e-03
3.1290471770e+00,1.3414012300e-03,-6.0183330350e-05,-2.9355293441e-03,1.9876165792e-03,-6.7706345826e-04,1.0000000000e-03,2.0000000000e+00,1.0000000000e+00,5.0000000000e-01,1.0000000000e+00,3.9062500000e-03
3.1307749772e+00,1.3285463090e-03,-9.6352478505e-05,-2.9345451122e-03,1.9749061516e-03,-6.7761167546e-04,1.0000000000e-03,2.0000000000e+00,1.0000000000e+00,5.0000000000e-01,1.0000000000e+00,3.9062500000e-03
3.1325027773e+00,1.3143317044e-03,-1.3247097205e-04,-2.9327938578e-03,1.9608398746e-03,-6.7796133193e-04,1.0000000000e-03,2.0000000000e+00,1.0000000000e+00,5.0000000000e-01,1.0000000000e+00,3.9062500000e-03
3.1342305775e+00,1.2987604773e-03,-1.6852316550e-04,-2.9302384895e-03,1.9454703979e-03,-6.7807879552e-04,1.0000000000e-03,2.0000000000e+00,1.0000000000e+00,5.0000000000e-01,1.0000000000e+00,3.9062500000e-03
3.1359583775e+00,1.2818541054e-03,-2.0449201864e-04,-2.9268166815e-03,1.9288544143e-03,-6.7793491062e-04,1.0000000000e-03,2.0000000000e+00,1.0000000000e+00,5.0000000000e-01,1.0000000000e+00,3.9062500000e-03
3.1376861776e+00,1.2636658848e-03,-2.4035908404e-04,-2.9224588428e-03,1.9110498025e-03,-6.7750423714e-04,1.0000000000e-03,2.0000000000e+00,1.0000000000e+00,5.0000000000e-01,1.0000000000e+00,3.9062500000e-03
3.1394139776e+00,1.2442598804e-03,-2.7610451557e-04,-2.9170918148e-03,1.8921142977e-03,-6.7676503813e-04,1.0000000000e-03,2.0000000000e+00,1.0000000000e+00,5.0000000000e-01,1.0000000000e+00,3.9062500000e-03
3.1411417775e+00,1.2236969248e-03,-3.1170709686e-04,-2.9106404119e-03,1.8721048699e-03,-6.7569964632e-04,1.0000000000e-03,2.0000000000e+00,1.0000000000e+00,5.0000000000e-01,1.0000000000e+00,3.9062500000e-03
3.1428695774e+00,1.2020385825e-03,-3.4714428834e-04,-2.9030284297e-03,1.8510774008e-03,-6.7429503761e-04,1.0000000000e-03,2.0000000000e+00,1.0000000000e+00,5.0000000000e-01,1.0000000000e+00,3.9062500000e-03
3.1445973773e+00,1.1793503520e-03,-3.8239229097e-04,-2.8941794385e-03,1.8290865363e-03,-6.7254358255e-04,1.0000000000e-03,2.0000000000e+00,1.0000000000e+00,5.0000000000e-01,1.0000000000e+00,3.9062500000e-03
3.1463251772e+00,1.1556949345e-03,-4.1742612633e-04,-2.8840174375e-03,1.8061856926e-03,-6.7002520297e-04,1.0000000000e-03,2.0000000000e+00,1.0000000000e+00,5.0000000000e-01,1.0000000000e+00,3.9062500000e-03
3.1480529771e+00,1.1311357020e-03,-4.5221973111e-04,-2.8724674098e-03,1.7824272060e-03,-6.6669908314e-04,1.0000000000e-03,2.0000000000e+00,1.0000000000e+00,5.0000000000e-01,1.0000000000e+00,3.9062500000e-03
3.1497807769e+00,1.1057374101e-03,-4.8674606555e-04,-2.8594557995e-03,1.7578626086e-03,-6.6265579955e-04,1.0000000000e-03,2.0000000000e+00,1.0000000000e+00,5.0000000000e-01,1.0000000000e+00,3.9062500000e-03
3.1515085767e+00,1.0795640034e-03,-5.2097723511e-04,-2.8449109394e-03,1.7325429942e-03,-6.5796985630e-04,1.0000000000e-03,2.0000000000e+00,1.0000000000e+00,5.0000000000e-01,1.0000000000e+00,3.9062500000e-03
3.1532363765e+00,1.0526832182e-03,-5.5488462445e-04,-2.8287634504e-03,1.7065194268e-03,-6.5270597119e-04,1.0000000000e-03,2.0000000000e+00,1.0000000000e+00,5.0000000000e-01,1.0000000000e+00,3.9062500000e-03
3.1549641763e+00,1.0251652472e-03,-5.8843904357e-04,-2.8109466359e-03,1.6798433419e-03,-6.4692259000e-04,1.0000000000e-03,2.0000000000e+00,1.0000000000e+00,5.0000000000e-01,1.0000000000e+00,3.9062500000e-03
3.1566919760e+00,9.9707852005e-04,-6.2161088595e-04,-2.7913968863e-03,1.6525668944e-03,-6.4067352786e-04,1.0000000000e-03,2.0000000000e+00,1.0000000000e+00,5.0000000000e-01,1.0000000000e+00,3.9062500000e-03
3.1584197758e+00,9.6848767230e-04,-6.5437029837e-04,-2.7700541073e-03,1.6247432137e-03,-6.3400858345e-04,1.0000000000e-03,2.0000000000e+00,1.0000000000e+00,5.0000000000e-01,1.0000000000e+00,3.9062500000e-03
3.1601475756e+00,9.3945282521e-04,-6.8668736167e-04,-2.7468621760e-03,1.5964265399e-03,-6.2697370575e-04,1.0000000000e-03,2.0000000000e+00,1.0000000000e+00,5.0000000000e-01,1.0000000000e+00,3.9062500000e-03
3.1618753753e+00,9.1002799682e-04,-7.1853227589e-04,-2.7217694285e-03,1.5676722284e-03,-6.1961104522e-04,1.0000000000e-03,2.0000000000e+00,1.0000000000e+00,5.0000000000e-01,1.0000000000e+00,3.9062500000e-03
3.1636031750e+00,8.8026087337e-04,-7.4987554365e-04,-2.6947291729e-03,1.5385365648e-03,-6.1195904794e-04,1.0000000000e-03,2.0000000000e+00,1.0000000000e+00,5.0000000000e-01,1.0000000000e+00,3.9062500000e-03
3.1653309747e+00,8.5019299072e-04,-7.8068815019e-04,-2.6657002196e-03,1.5090759498e-03,-6.0405264615e-04,1.0000000000e-03,2.0000000000e+00,1.0000000000e+00,5.0000000000e-01,1.0000000000e+00,3.9062500000e-03
3.1670587745e+00,8.1985970486e-04,-8.1094174166e-04,-2.6346474185e-03,1.4793466144e-03,-5.9592354324e-04,1.0000000000e-03,2.0000000000e+00,1.0000000000e+00,5.0000000000e-01,1.0000000000e+00,3.9062500000e-03
3.1687865742e+00,7.8929183572e-04,-8.4060880330e-04,-2.6015421867e-03,1.4494065658e-03,-5.8760056589e-04,1.0000000000e-03,2.0000000000e+00,1.0000000000e+00,5.0000000000e-01,1.0000000000e+00,3.9062500000e-03
3.1705143739e+00,7.5851691700e-04,-8.6966283148e-04,-2.5663630131e-03,1.4193154747e-03,-5.7911004938e-04,1.0000000000e-03,2.0000000000e+00,1.0000000000e+00,5.0000000000e-01,1.0000000000e+00,3.9062500000e-03
3.1722421736e+00,7.2755970534e-04,-8.9807848917e-04,-2.5290959214e-03,1.3891334696e-03,-5.7047622427e-04,1.0000000000e-03,2.0000000000e+00,1.0000000000e+00,5.0000000000e-01,1.0000000000e+00,3.9062500000e-03
3.1739699733e+00,6.9644243945e-04,-9.2583173847e-04,-2.4897348749e-03,1.3589195010e-03,-5.6172157923e-04,1.0000000000e-03,2.0000000000e+00,1.0000000000e+00,5.0000000000e-01,1.0000000000e+00,3.9062500000e-03
3.1756977729e+00,6.6518502038e-04,-9.5289996298e-04,-2.4482821069e-03,1.3287296966e-03,-5.5286718334e-04,1.0000000000e-03,2.0000000000e+00,1.0000000000e+00,5.0000000000e-01,1.0000000000e+00,3.9062500000e-03
3.1774255726e+00,6.3380495765e-04,-9.7926209734e-04,-2.4047483599e-03,1.2986159592e-03,-5.4393295836e-04,1.0000000000e-03,2.0000000000e+00,1.0000000000e+00,5.0000000000e-01,1.0000000000e+00,3.9062500000e-03
3.1791533723e+00,6.0231731949e-04,-1.0048987572e-03,-2.3591530218e-03,1.2686249251e-03,-5.3493789854e-04,1.0000000000e-03,2.0000000000e+00,1.0000000000e+00,5.0000000000e-01,1.0000000000e+00,3.9062500000e-03
3.1808811720e+00,5.7073473049e-04,-1.0297923500e-03,-2.3115241446e-03,1.2387973168e-03,-5.2590024016e-04,1.0000000000e-03,2.0000000000e+00,1.0000000000e+00,5.0000000000e-01,1.0000000000e+00,3.9062500000e-03
3.1826089716e+00,5.3906727110e-04,-1.0539271436e-03,-2.2618983384e-03,1.2091676642e-03,-5.1683758663e-04,1.0000000000e-03,2.0000000000e+00,1.0000000000e+00,5.0000000000e-01,1.0000000000e+00,3.9062500000e-03
3.1843367713e+00,5.0732273103e-04,-1.0772892899e-03,-2.2103205342e-03,1.1797643347e-03,-5.0776699621e-04,1.0000000000e-03,2.0000000000e+00,1.0000000000e+00,5.0000000000e-01,1.0000000000e+00,3.9062500000e-03
3.1860645710e+00,4.7550702472e-04,-1.0998668615e-03,-2.1568436112e-03,1.1506097999e-03,-4.9870504024e-04,1.0000000000e-03,2.0000000000e+00,1.0000000000e+00,5.0000000000e-01,1.0000000000e+00,3.9062500000e-03
3.1877923706e+00,4.4362461865e-04,-1.1216499681e-03,-2.1015278885e-03,1.1217210575e-03,-4.8966783874e-04,1.0000000000e-03,2.0000000000e+00,1.0000000000e+00,5.0000000000e-01,1.0000000000e+00,3.9062500000e-03
3.1895201703e+00,4.1167893624e-04,-1.1426308374e-03,-2.0444404814e-03,1.0931101306e-03,-4.8067107925e-04,1.0000000000e-03,2.0000000000e+00,1.0000000000e+00,5.0000000000e-01,1.0000000000e+00,3.9062500000e-03
3.1912479700e+00,3.7967271116e-04,-1.1628038144e-03,-1.9856545215e-03,1.0647845910e-03,-4.7173002288e-04,1.0000000000e-03,2.0000000000e+00,1.0000000000e+00,5.0000000000e-01,1.0000000000e+00,3.9062500000e-03
3.1929757697e+00,3.4760825331e-04,-1.1821652627e-03,-1.9252482336e-03,1.0367480886e-03,-4.6285950028e-04,1.0000000000e-03,2.0000000000e+00,1.0000000000e+00,5.0000000000e-01,1.0000000000e+00,3.9062500000e-03
3.1947035694e+00,3.1548764392e-04,-1.2007134360e-03,-1.8633038475e-03,1.0090008517e-03,-4.5407389857e-04,1.0000000000e-03,2.0000000000e+00,1.0000000000e+00,5.0000000000e-01,1.0000000000e+00,3.9062500000e-03
3.1964313691e+00,2.8331285940e-04,-1.2184485074e-03,-1.7999062844e-03,9.8154010525e-04,-4.4538713954e-04,1.0000000000e-03,2.0000000000e+00,1.0000000000e+00,5.0000000000e-01,1.0000000000e+00,3.9062500000e-03
3.1981591688e+00,2.5108580141e-04,-1.2353728183e-03,-1.7351414726e-03,9.5436036080e-04,-4.3681264911e-04,1.0000000000e-03,2.0000000000e+00,1.0000000000e+00,5.0000000000e-01,1.0000000000e+00,3.9062500000e-03
3.1998869686e+00,2.1880832588e-04,-1.2514908365e-03,-1.6690939315e-03,9.2745355890e-04,-4.2836396608e-04,1.0000000000e-03,2.0000000000e+00,1.0000000000e+00,5.0000000000e-01,1.0000000000e+00,3.9062500000e-03
3.2016147684e+00,1.8648229875e-04,-1.2668088731e-03,-1.6020897185e-03,9.0080906791e-04,-4.2016623530e-04,1.0000000000e-03,2.0000000000e+00,1.0000000000e+00,5.0000000000e-01,1.0000000000e+00,3.9062500000e-03
3.2033425682e+00,1.5410968136e-04,-1.2813347443e-03,-1.5341834712e-03,8.7441356319e-04,-4.1214627022e-04,1.0000000000e-03,2.0000000000e+00,1.0000000000e+00,5.0000000000e-01,1.0000000000e+00,3.9062500000e-03
3.2050703681e+00,1.2169264578e-04,-1.2950775402e-03,-1.4653938334e-03,8.4825082399e-04,-4.0426384723e-04,1.0000000000e-03,2.0000000000e+00,1.0000000000e+00,5.0000000000e-01,1.0000000000e+00,3.9062500000e-03
3.2067981680e+00,8.9233710643e-05,-1.3080482026e-03,-1.3957525741e-03,8.2230149134e-04,-3.9650109377e-04,1.0000000000e-03,2.0000000000e+00,1.0000000000e+00,5.0000000000e-01,1.0000000000e+00,3.9062500000e-03
3.2085259679e+00,5.6735884687e-05,-1.3202599779e-03,-1.3253031328e-03,7.9654283058e-04,-3.8885455421e-04,1.0000000000e-03,2.0000000000e+00,1.0000000000e+00,5.0000000000e-01,1.0000000000e+00,3.9062500000e-03
3.2102537679e+00,2.4202808232e-05,-1.3317279176e-03,-1.2540984882e-03,7.7094853762e-04,-3.8132949293e-04,1.0000000000e-03,2.0000000000e+00,1.0000000000e+00,5.0000000000e-01,1.0000000000e+00,3.9062500000e-03
3.2119815680e+00,-8.3611191835e-06,-1.3424676972e-03,-1.1821986996e-03,7.4548862093e-04,-3.7393588344e-04,1.0000000000e-03,2.0000000000e+00,1.0000000000e+00,5.0000000000e-01,1.0000000000e+00,3.9062500000e-03
3.2137093681e+00,-4.0950638579e-05,-1.3524952984e-03,-1.1096683951e-03,7.2012938246e-04,-3.6668558945e-04,1.0000000000e-03,2.0000000000e+00,1.0000000000e+00,5.0000000000e-01,1.0000000000e+00,3.9062500000e-03
3.2154371683e+00,-7.3559555359e-05,-1.3618273858e-03,-1.0365743208e-03,6.9483351146e-04,-3.5959036300e-04,1.0000000000e-03,2.0000000000e+00,1.0000000000e+00,5.0000000000e-01,1.0000000000e+00,3.9062500000e-03
3.2171649686e+00,-1.0618068006e-04,-1.3704831229e-03,-9.6298274373e-04,6.6956028257e-04,-3.5266040426e-04,1.0000000000e-03,2.0000000000e+00,1.0000000000e+00,5.0000000000e-01,1.0000000000e+00,3.9062500000e-03
3.2188927689e+00,-1.3880577882e-04,-1.3784851943e-03,-8.8879704704e-04,6.4426585541e-04,-3.4590332111e-04,1.0000000000e-03,2.0000000000e+00,1.0000000000e+00,5.0000000000e-01,1.0000000000e+00,3.9062500000e-03
3.2206205693e+00,-1.7142552604e-04,-1.3858535004e-03,-8.1402338528e-04,6.1890386488e-04,-3.3932338882e-04,1.0000000000e-03,2.0000000000e+00,1.0000000000e+00,5.0000000000e-01,1.0000000000e+00,3.9062500000e-03
3.2223483698e+00,-2.0402945481e-04,-1.3926064094e-03,-7.3893390760e-04,5.9342615206e-04,-3.3292104813e-04,1.0000000000e-03,2.0000000000e+00,1.0000000000e+00,5.0000000000e-01,1.0000000000e+00,3.9062500000e-03
3.2240761703e+00,-2.3660590395e-04,-1.3987635124e-03,-6.6370933654e-04,5.6778339687e-04,-3.2669259942e-04,1.0000000000e-03,2.0000000000e+00,1.0000000000e+00,5.0000000000e-01,1.0000000000e+00,3.9062500000e-03
3.2258039709e+00,-2.6914196261e-04,-1.4043472585e-03,-5.8840359115e-04,5.4192637213e-04,-3.2063006044e-04,1.0000000000e-03,2.0000000000e+00,1.0000000000e+00,5.0000000000e-01,1.0000000000e+00,3.9062500000e-03
3.2275317716e+00,-3.0162341556e-04,-1.4093857787e-03,-5.1307726150e-04,5.1580920891e-04,-3.1472115940e-04,1.0000000000e-03,2.0000000000e+00,1.0000000000e+00,5.0000000000e-01,1.0000000000e+00,3.9062500000e-03
3.2292595724e+00,-3.3403469460e-04,-1.4138987496e-03,-4.3780706607e-04,4.8939417477e-04,-3.0894943843e-04,1.0000000000e-03,2.0000000000e+00,1.0000000000e+00,5.0000000000e-01,1.0000000000e+00,3.9062500000e-03
3.2309873733e+00,-3.6635884072e-04,-1.4179015253e-03,-3.6265024186e-04,4.6267049503e-04,-3.0329444713e-04,1.0000000000e-03,2.0000000000e+00,1.0000000000e+00,5.0000000000e-01,1.0000000000e+00,3.9062500000e-03
3.2327151742e+00,-3.9857747944e-04,-1.4214192222e-03,-2.8764569514e-04,4.3566699602e-04,-2.9773200999e-04,1.0000000000e-03,2.0000000000e+00,1.0000000000e+00,5.0000000000e-01,1.0000000000e+00,3.9062500000e-03
3.2344429752e+00,-4.3067081211e-04,-1.4244824950e-03,-2.1282889023e-04,4.0808264261e-04,-2.9223454326e-04,1.0000000000e-03,2.0000000000e+00,1.0000000000e+00,5.0000000000e-01,1.0000000000e+00,3.9062500000e-03
3.2361707762e+00,-4.6261762636e-04,-1.4271252605e-03,-1.3823111770e-04,3.7935104117e-04,-2.8677135581e-04,1.0000000000e-03,2.0000000000e+00,1.0000000000e+00,5.0000000000e-01,1.0000000000e+00,3.9062500000e-03
3.2378985773e+00,-4.9439532653e-04,-1.4293842259e-03,-6.3879584821e-05,3.5001252208e-04,-2.8130861909e-04,1.0000000000e-03,2.0000000000e+00,1.0000000000e+00,5.0000000000e-01,1.0000000000e+00,3.9062500000e-03
3.2396263785e+00,-5.2597998028e-04,-1.4312934540e-03,1.0200071169e-05,3.2008777750e-04,-2.7581123278e-04,1.0000000000e-03,2.0000000000e+00,1.0000000000e+00,5.0000000000e-01,1.0000000000e+00,3.9062500000e-03
3.2413541797e+00,-5.5734637921e-04,-1.4328499807e-03,8.3982701591e-05,2.8992231271e-04,-2.7024854783e-04,1.0000000000e-03,2.0000000000e+00,1.0000000000e+00,5.0000000000e-01,1.0000000000e+00,3.9062500000e-03
3.2430819810e+00,-5.8846811312e-04,-1.4340356106e-03,1.5744322892e-04,2.5951407639e-04,-2.6460263682e-04,1.0000000000e-03,2.0000000000e+00,1.0000000000e+00,5.0000000000e-01,1.0000000000e+00,3.9062500000e-03
3.2448097823e+00,-6.1931765627e-04,-1.4348969458e-03,2.3055904118e-04,2.2833903161e-04,-2.5886953120e-04,1.0000000000e-03,2.0000000000e+00,1.0000000000e+00,5.0000000000e-01,1.0000000000e+00,3.9062500000e-03
3.2465375836e+00,-6.4986646632e-04,-1.4354651925e-03,3.0332482425e-04,1.9620963964e-04,-2.5302334224e-04,1.0000000000e-03,2.0000000000e+00,1.0000000000e+00,5.0000000000e-01,1.0000000000e+00,3.9062500000e-03
3.2482653850e+00,-6.8008511153e-04,-1.4357539479e-03,3.7572649030e-04,1.6332545495e-04,-2.4685803453e-04,1.0000000000e-03,2.0000000000e+00,1.0000000000e+00,5.0000000000e-01,1.0000000000e+00,3.9062500000e-03
3.2499931864e+00,-7.0994342284e-04,-1.4358742535e-03,4.4765830960e-04,1.2976093221e-04,-2.3992106087e-04,1.0000000000e-03,2.0000000000e+00,1.0000000000e+00,5.0000000000e-01,1.0000000000e+00,3.9062500000e-03
3.2517209878e+00,-7.3941065560e-04,-1.4359117724e-03,5.1903506510e-04,9.5397587523e-05,-2.3236432372e-04,1.0000000000e-03,2.0000000000e+00,1.0000000000e+00,5.0000000000e-01,1.0000000000e+00,3.9062500000e-03
3.2534487892e+00,-7.6845565567e-04,-1.4358701560e-03,5.8979056311e-04,6.0230820777e-05,-2.2435438063e-04,1.0000000000e-03,2.0000000000e+00,1.0000000000e+00,5.0000000000e-01,1.0000000000e+00,3.9062500000e-03
3.2551765907e+00,-7.9704704193e-04,-1.4357528476e-03,6.5987280965e-04,2.4299683854e-05,-2.1638932526e-04,1.0000000000e-03,2.0000000000e+00,1.0000000000e+00,5.0000000000e-01,1.0000000000e+00,3.9062500000e-03
3.2569043921e+00,-8.2515339658e-04,-1.4354251501e-03,7.2924067986e-04,-1.2372091281e-05,-2.0840211530e-04,1.0000000000e-03,2.0000000000e+00,1.0000000000e+00,5.0000000000e-01,1.0000000000e+00,3.9062500000e-03
3.2586321935e+00,-8.5274346612e-04,-1.4348144110e-03,7.9786157981e-04,-4.9769118615e-05,-2.0012537630e-04,1.0000000000e-03,2.0000000000e+00,1.0000000000e+00,5.0000000000e-01,1.0000000000e+00,3.9062500000e-03
3.2603599950e+00,-8.7978642835e-04,-1.4339726057e-03,8.6555556338e-04,-8.7876412285e-05,-1.9123868234e-04,1.0000000000e-03,2.0000000000e+00,1.0000000000e+00,5.0000000000e-01,1.0000000000e+00,3.9062500000e-03
3.2620877964e+00,-9.0625215712e-04,-1.4329289450e-03,9.3234090853e-04,-1.2667794958e-04,-1.8175290023e-04,1.0000000000e-03,2.0000000000e+00,1.0000000000e+00,5.0000000000e-01,1.0000000000e+00,3.9062500000e-03
3.2638155978e+00,-9.3211142704e-04,-1.4316981872e-03,9.9823237668e-04,-1.6615486145e-04,-1.7166983543e-04,1.0000000000e-03,2.0000000000e+00,1.0000000000e+00,5.0000000000e-01,1.0000000000e+00,3.9062500000e-03
3.2655433992e+00,-9.5733605835e-04,-1.4302833707e-03,1.0632305980e-03,-2.0628460568e-04,-1.6099122436e-04,1.0000000000e-03,2.0000000000e+00,1.0000000000e+00,5.0000000000e-01,1.0000000000e+00,3.9062500000e-03
3.2672712006e+00,-9.8189914082e-04,-1.4287380169e-03,1.1273250676e-03,-2.4704067980e-04,-1.4972077769e-04,1.0000000000e-03,2.0000000000e+00,1.0000000000e+00,5.0000000000e-01,1.0000000000e+00,3.9062500000e-03
3.2689990020e+00,-1.0057752661e-03,-1.4270844163e-03,1.1904965583e-03,-2.8839265536e-04,-1.3786485248e-04,1.0000000000e-03,2.0000000000e+00,1.0000000000e+00,5.0000000000e-01,1.0000000000e+00,3.9062500000e-03
3.2707268034e+00,-1.0289407448e-03,-1.4253164739e-03,1.2527191595e-03,-3.3030640365e-04,-1.2543278047e-04,1.0000000000e-03,2.0000000000e+00,1.0000000000e+00,5.0000000000e-01,1.0000000000e+00,3.9062500000e-03
3.2724546047e+00,-1.0513739459e-03,-1.4234212134e-03,1.3139620571e-03,-3.7274443022e-04,-1.1243708192e-04,1.0000000000e-03,2.0000000000e+00,1.0000000000e+00,5.0000000000e-01,1.0000000000e+00,3.9062500000e-03
3.2741824061e+00,-1.0730554984e-03,-1.4213799946e-03,1.3741911087e-03,-4.1566626120e-04,-9.8893604381e-05,1.0000000000e-03,2.0000000000e+00,1.0000000000e+00,5.0000000000e-01,1.0000000000e+00,3.9062500000e-03
3.2759102074e+00,-1.0939682642e-03,-1.4192497620e-03,1.4333702385e-03,-4.5902884037e-04,-8.4821569320e-05,1.0000000000e-03,2.0000000000e+00,1.0000000000e+00,5.0000000000e-01,1.0000000000e+00,3.9062500000e-03
3.2776380087e+00,-1.1140972429e-03,-1.4169356609e-03,1.4914626589e-03,-5.0278690679e-04,-7.0243495538e-05,1.0000000000e-03,2.0000000000e+00,1.0000000000e+00,5.0000000000e-01,1.0000000000e+00,3.9062500000e-03
3.2793658100e+00,-1.1334299323e-03,-1.4143791702e-03,1.5484319272e-03,-5.4689333127e-04,-5.5184972753e-05,1.0000000000e-03,2.0000000000e+00,1.0000000000e+00,5.0000000000e-01,1.0000000000e+00,3.9062500000e-03
3.2810936113e+00,-1.1519565372e-03,-1.4115044507e-03,1.6042428375e-03,-5.9129939783e-04,-3.9674275352e-05,1.0000000000e-03,2.0000000000e+00,1.0000000000e+00,5.0000000000e-01,1.0000000000e+00,3.9062500000e-03
3.2828214125e+00,-1.1696700834e-03,-1.4082273747e-03,1.6588621571e-03,-6.3595502375e-04,-2.3741828673e-05,1.0000000000e-03,2.0000000000e+00,1.0000000000e+00,5.0000000000e-01,1.0000000000e+00,3.9062500000e-03
3.2845492138e+00,-1.1865668247e-03,-1.4044581597e-03,1.7122592152e-03,-6.8080891846e-04,-7.4195633096e-06,1.0000000000e-03,2.0000000000e+00,1.0000000000e+00,5.0000000000e-01,1.0000000000e+00,3.9062500000e-03
3.2862770150e+00,-1.2026458972e-03,-1.4001033920e-03,1.7644063524e-03,-7.2580868745e-04,9.2597887139e-06,1.0000000000e-03,2.0000000000e+00,1.0000000000e+00,5.0000000000e-01,1.0000000000e+00,3.9062500000e-03
3.2880048163e+00,-1.2179084571e-03,-1.3950683385e-03,1.8152792458e-03,-7.7090089209e-04,2.6263392396e-05,1.0000000000e-03,2.0000000000e+00,1.0000000000e+00,5.0000000000e-01,1.0000000000e+00,3.9062500000e-03
3.2897326176e+00,-1.2323576243e-03,-1.3892595641e-03,1.8648571202e-03,-8.1603107960e-04,4.3558940206e-05,1.0000000000e-03,2.0000000000e+00,1.0000000000e+00,5.0000000000e-01,1.0000000000e+00,3.9062500000e-03
3.2914604188e+00,-1.2459996914e-03,-1.3825877632e-03,1.9131228599e-03,-8.6114379866e-04,6.1115162292e-05,1.0000000000e-03,2.0000000000e+00,1.0000000000e+00,5.0000000000e-01,1.0000000000e+00,3.9062500000e-03
3.2931882201e+00,-1.2588443893e-03,-1.3749706769e-03,1.9600630348e-03,-9.0618261665e-04,7.8902180823e-05,1.0000000000e-03,2.0000000000e+00,1.0000000000e+00,5.0000000000e-01,1.0000000000e+00,3.9062500000e-03
3.2949160215e+00,-1.2709040778e-03,-1.3663359441e-03,2.0056678553e-03,-9.5109015175e-04,9.6891691692e-05,1.0000000000e-03,2.0000000000e+00,1.0000000000e+00,5.0000000000e-01,1.0000000000e+00,3.9062500000e-03
3.2966438228e+00,-1.2821940561e-03,-1.3566237317e-03,2.0499310681e-03,-9.9580812723e-04,1.1505697397e-04,1.0000000000e-03,2.0000000000e+00,1.0000000000e+00,5.0000000000e-01,1.0000000000e+00,3.9062500000e-03
3.2983716242e+00,-1.2927320742e-03,-1.3457889971e-03,2.0928498073e-03,-1.0402774618e-03,1.3337274117e-04,1.0000000000e-03,2.0000000000e+00,1.0000000000e+00,5.0000000000e-01,1.0000000000e+00,3.9062500000e-03
3.3000994257e+00,-1.3025346067e-03,-1.3338032561e-03,2.1344244115e-03,-1.0844384120e-03,1.5181485750e-04,1.0000000000e-03,2.0000000000e+00,1.0000000000e+00,5.0000000000e-01,1.0000000000e+00,3.9062500000e-03
3.3018272272e+00,-1.3116198426e-03,-1.3206557687e-03,2.1746582181e-03,-1.1282307716e-03,1.7035994746e-04,1.0000000000e-03,2.0000000000e+00,1.0000000000e+00,5.0000000000e-01,1.0000000000e+00,3.9062500000e-03
3.3035550287e+00,-1.3200109366e-03,-1.3063540900e-03,2.2135573446e-03,-1.1715941241e-03,1.8898493092e-04,1.0000000000e-03,2.0000000000e+00,1.0000000000e+00,5.0000000000e-01,1.0000000000e+00,3.9062500000e-03
3.3052828302e+00,-1.3277357038e-03,-1.2909239784e-03,2.2511304644e-03,-1.2144681335e-03,2.0766651596e-04,1.0000000000e-03,2.0000000000e+00,1.0000000000e+00,5.0000000000e-01,1.0000000000e+00,3.9062500000e-03
3.3070106317e+00,-1.3348208662e-03,-1.2744086936e-03,2.2873885793e-03,-1.2567928488e-03,2.2638068012e-04,1.0000000000e-03,2.0000000000e+00,1.0000000000e+00,5.0000000000e-01,1.0000000000e+00,3.9062500000e-03
3.3087384332e+00,-1.3412942631e-03,-1.2568677498e-03,2.3223447936e-03,-1.2985090075e-03,2.4510217219e-04,1.0000000000e-03,2.0000000000e+00,1.0000000000e+00,5.0000000000e-01,1.0000000000e+00,3.9062500000e-03
3.3104662347e+00,-1.3471820780e-03,-1.2383752187e-03,2.3560651526e-03,-1.3395584903e-03,2.6380406256e-04,1.0000000000e-03,2.0000000000e+00,1.0000000000e+00,5.0000000000e-01,1.0000000000e+00,3.9062500000e-03
3.3121940362e+00,-1.3525024726e-03,-1.2190177007e-03,2.3886492694e-03,-1.3798848292e-03,2.8245736735e-04,1.0000000000e-03,2.0000000000e+00,1.0000000000e+00,5.0000000000e-01,1.0000000000e+00,3.9062500000e-03
3.3139218377e+00,-1.3572862996e-03,-1.1988920933e-03,2.4200560386e-03,-1.4194331466e-03,3.0103076790e-04,1.0000000000e-03,2.0000000000e+00,1.0000000000e+00,5.0000000000e-01,1.0000000000e+00,3.9062500000e-03
3.3156496392e+00,-1.3615735149e-03,-1.1781033043e-03,2.4502584756e-03,-1.4581496948e-03,3.1949044201e-04,1.0000000000e-03,2.0000000000e+00,1.0000000000e+00,5.0000000000e-01,1.0000000000e+00,3.9062500000e-03
3.3173774407e+00,-1.3654047386e-03,-1.1567620717e-03,2.4792423493e-03,-1.4959814804e-03,3.3780001879e-04,1.0000000000e-03,2.0000000000e+00,1.0000000000e+00,5.0000000000e-01,1.0000000000e+00,3.9062500000e-03
3.3191052422e+00,-1.3688004715e-03,-1.1351756830e-03,2.5070046356e-03,-1.5328761653e-03,3.5592066310e-04,1.0000000000e-03,2.0000000000e+00,1.0000000000e+00,5.0000000000e-01,1.0000000000e+00,3.9062500000e-03
3.3208330437e+00,-1.3717891426e-03,-1.1134530318e-03,2.5335519516e-03,-1.5687822641e-03,3.7381129107e-04,1.0000000000e-03,2.0000000000e+00,1.0000000000e+00,5.0000000000e-01,1.0000000000e+00,3.9062500000e-03
3.3225608452e+00,-1.3743980044e-03,-1.0915726599e-03,2.5588990548e-03,-1.6036495745e-03,3.9142891249e-04,1.0000000000e-03,2.0000000000e+00,1.0000000000e+00,5.0000000000e-01,1.0000000000e+00,3.9062500000e-03
3.3242886467e+00,-1.3766167364e-03,-1.0695468282e-03,2.5830674444e-03,-1.6374297381e-03,4.0872909026e-04,1.0000000000e-03,2.0000000000e+00,1.0000000000e+00,5.0000000000e-01,1.0000000000e+00,3.9062500000e-03
3.3260164482e+00,-1.3785141893e-03,-1.0474109393e-03,2.6060840852e-03,-1.6700768301e-03,4.2566650235e-04,1.0000000000e-03,2.0000000000e+00,1.0000000000e+00,5.0000000000e-01,1.0000000000e+00,3.9062500000e-03
3.3277442497e+00,-1.3801471126e-03,-1.0252148597e-03,2.6279802552e-03,-1.7015478900e-03,4.4219558318e-04,1.0000000000e-03,2.0000000000e+00,1.0000000000e+00,5.0000000000e-01,1.0000000000e+00,3.9062500000e-03
3.3294720512e+00,-1.3815577226e-03,-1.0030162162e-03,2.6487905205e-03,-1.7318033286e-03,4.5827121239e-04,1.0000000000e-03,2.0000000000e+00,1.0000000000e+00,5.0000000000e-01,1.0000000000e+00,3.9062500000e-03
3.3311998527e+00,-1.3827098997e-03,-9.8087544562e-04,2.6685518302e-03,-1.7608071743e-03,4.7383906617e-04,1.0000000000e-03,2.0000000000e+00,1.0000000000e+00,5.0000000000e-01,1.0000000000e+00,3.9062500000e-03
3.3329276542e+00,-1.3836483620e-03,-9.5885228026e-04,2.6873027246e-03,-1.7885271434e-03,4.8881127323e-04,1.0000000000e-03,2.0000000000e+00,1.0000000000e+00,5.0000000000e-01,1.0000000000e+00,3.9062500000e-03
3.3346554558e+00,-1.3844068252e-03,-9.3700334967e-04,2.7050826494e-03,-1.8149345444e-03,5.0314849397e-04,1.0000000000e-03,2.0000000000e+00,1.0000000000e+00,5.0000000000e-01,1.0000000000e+00,3.9062500000e-03
3.3363832573e+00,-1.3850154595e-03,-9.1538062137e-04,2.7219313643e-03,-1.8400040373e-03,5.1683863142e-04,1.0000000000e-03,2.0000000000e+00,1.0000000000e+00,5.0000000000e-01,1.0000000000e+00,3.9062500000e-03
3.3381110589e+00,-1.3855289835e-03,-8.9403045812e-04,2.7378884389e-03,-1.8637132851e-03,5.2988311326e-04,1.0000000000e-03,2.0000000000e+00,1.0000000000e+00,5.0000000000e-01,1.0000000000e+00,3.9062500000e-03
3.3398388605e+00,-1.3859164245e-03,-8.7299312419e-04,2.7529928257e-03,-1.8860425348e-03,5.4228874314e-04,1.0000000000e-03,2.0000000000e+00,1.0000000000e+00,5.0000000000e-01,1.0000000000e+00,3.9062500000e-03
3.3415666621e+00,-1.3861435110e-03,-8.5230261726e-04,2.7672825026e-03,-1.9069741726e-03,5.5406338652e-04,1.0000000000e-03,2.0000000000e+00,1.0000000000e+00,5.0000000000e-01,1.0000000000e+00,3.9062500000e-03
3.3432944637e+00,-1.3861666602e-03,-8.3198672254e-04,2.7807941757e-03,-1.9264922455e-03,5.6521413846e-04,1.0000000000e-03,2.0000000000e+00,1.0000000000e+00,5.0000000000e-01,1.0000000000e+00,3.9062500000e-03
3.3450222653e+00,-1.3861802926e-03,-8.1207960907e-04,2.7935630287e-03,-1.9445822258e-03,5.7574716483e-04,1.0000000000e-03,2.0000000000e+00,1.0000000000e+00,5.0000000000e-01,1.0000000000e+00,3.9062500000e-03
3.3467500669e+00,-1.3861698527e-03,-7.9270579926e-04,2.8056225002e-03,-1.9612309671e-03,5.8567161035e-04,1.0000000000e-03,2.0000000000e+00,1.0000000000e+00,5.0000000000e-01,1.0000000000e+00,3.9062500000e-03
3.3484778686e+00,-1.3861183757e-03,-7.7390321280e-04,2.8170040560e-03,-1.9764265200e-03,5.9496597429e-04,1.0000000000e-03,2.0000000000e+00,1.0000000000e+00,5.0000000000e-01,1.0000000000e+00,3.9062500000e-03
3.3502056702e+00,-1.3860073935e-03,-7.5565844100e-04,2.8277369108e-03,-1.9901577798e-03,6.0361221985e-04,1.0000000000e-03,2.0000000000e+00,1.0000000000e+00,5.0000000000e-01,1.0000000000e+00,3.9062500000e-03
3.3519334719e+00,-1.3858608518e-03,-7.3792947449e-04,2.8378476410e-03,-2.0024140720e-03,6.1160440841e-04,1.0000000000e-03,2.0000000000e+00,1.0000000000e+00,5.0000000000e-01,1.0000000000e+00,3.9062500000e-03
3.3536612735e+00,-1.3856457028e-03,-7.2065992923e-04,2.8473596357e-03,-2.0131848340e-03,6.1894441833e-04,1.0000000000e-03,2.0000000000e+00,1.0000000000e+00,5.0000000000e-01,1.0000000000e+00,3.9062500000e-03
3.3553890752e+00,-1.3853266188e-03,-7.0378240058e-04,2.8562923633e-03,-2.0224595565e-03,6.2564285922e-04,1.0000000000e-03,2.0000000000e+00,1.0000000000e+00,5.0000000000e-01,1.0000000000e+00,3.9062500000e-03
3.3571168768e+00,-1.3848712845e-03,-6.8724406649e-04,2.8646604991e-03,-2.0302280100e-03,6.3171855617e-04,1.0000000000e-03,2.0000000000e+00,1.0000000000e+00,5.0000000000e-01,1.0000000000e+00,3.9062500000e-03
3.3588446785e+00,-1.3839874592e-03,-6.7100953029e-04,2.8724730374e-03,-2.0364806875e-03,6.3719531435e-04,1.0000000000e-03,2.0000000000e+00,1.0000000000e+00,5.0000000000e-01,1.0000000000e+00,3.9062500000e-03
3.3605724802e+00,-1.3826166312e-03,-6.5504768779e-04,2.8797325814e-03,-2.0412094208e-03,6.4209946314e-04,1.0000000000e-03,2.0000000000e+00,1.0000000000e+00,5.0000000000e-01,1.0000000000e+00,3.9062500000e-03
3.3623002818e+00,-1.3806878086e-03,-6.3932512092e-04,2.8864350627e-03,-2.0444081494e-03,6.4645818543e-04,1.0000000000e-03,2.0000000000e+00,1.0000000000e+00,5.0000000000e-01,1.0000000000e+00,3.9062500000e-03
3.3640280835e+00,-1.3781126545e-03,-6.2380709834e-04,2.8925702774e-03,-2.0460737635e-03,6.5029904533e-04,1.0000000000e-03,2.0000000000e+00,1.0000000000e+00,5.0000000000e-01,1.0000000000e+00,3.9062500000e-03
3.3657558852e+00,-1.3747628641e-03,-6.0846160472e-04,2.8981239275e-03,-2.0461557061e-03,6.5365336087e-04,1.0000000000e-03,2.0000000000e+00,1.0000000000e+00,5.0000000000e-01,1.0000000000e+00,3.9062500000e-03
3.3674836868e+00,-1.3705772355e-03,-5.9325971295e-04,2.9030821131e-03,-2.0447470097e-03,6.5658072123e-04,1.0000000000e-03,2.0000000000e+00,1.0000000000e+00,5.0000000000e-01,1.0000000000e+00,3.9062500000e-03
3.3692114885e+00,-1.3654810743e-03,-5.7817443023e-04,2.9074392486e-03,-2.0418464146e-03,6.5890623882e-04,1.0000000000e-03,2.0000000000e+00,1.0000000000e+00,5.0000000000e-01,1.0000000000e+00,3.9062500000e-03
3.3709392902e+00,-1.3593951188e-03,-5.6318001170e-04,2.9112531269e-03,-2.0373929713e-03,6.6048024902e-04,1.0000000000e-03,2.0000000000e+00,1.0000000000e+00,5.0000000000e-01,1.0000000000e+00,3.9062500000e-03
3.3726670919e+00,-1.3523245527e-03,-5.4825224652e-04,2.9141603698e-03,-2.0314452296e-03,6.6137899210e-04,1.0000000000e-03,2.0000000000e+00,1.0000000000e+00,5.0000000000e-01,1.0000000000e+00,3.9062500000e-03
3.3743948936e+00,-1.3441549353e-03,-5.3336886662e-04,2.9160592121e-03,-2.0240292132e-03,6.6212497150e-04,1.0000000000e-03,2.0000000000e+00,1.0000000000e+00,5.0000000000e-01,1.0000000000e+00,3.9062500000e-03
3.3761226952e+00,-1.3347943583e-03,-5.1850968329e-04,2.9169252847e-03,-2.0151647952e-03,6.6286796187e-04,1.0000000000e-03,2.0000000000e+00,1.0000000000e+00,5.0000000000e-01,1.0000000000e+00,3.9062500000e-03
3.3778504969e+00,-1.3241752038e-03,-5.0365646107e-04,2.9166979202e-03,-2.0048723730e-03,6.6352358672e-04,1.0000000000e-03,2.0000000000e+00,1.0000000000e+00,5.0000000000e-01,1.0000000000e+00,3.9062500000e-03
3.3795782986e+00,-1.3122488635e-03,-4.8879284407e-04,2.9156786174e-03,-1.9931748398e-03,6.6403833745e-04,1.0000000000e-03,2.0000000000e+00,1.0000000000e+00,5.0000000000e-01,1.0000000000e+00,3.9062500000e-03
3.3813061003e+00,-1.2989732246e-03,-4.7390438979e-04,2.9138490303e-03,-1.9801087110e-03,6.6437340434e-04,1.0000000000e-03,2.0000000000e+00,1.0000000000e+00,5.0000000000e-01,1.0000000000e+00,3.9062500000e-03
3.3830339020e+00,-1.2843352795e-03,-4.5897865041e-04,2.9111397091e-03,-1.9657239385e-03,6.6449770635e-04,1.0000000000e-03,2.0000000000e+00,1.0000000000e+00,5.0000000000e-01,1.0000000000e+00,3.9062500000e-03
3.3847617037e+00,-1.2683439754e-03,-4.4400524290e-04,2.9074906965e-03,-1.9500768082e-03,6.6438468260e-04,1.0000000000e-03,2.0000000000e+00,1.0000000000e+00,5.0000000000e-01,1.0000000000e+00,3.9062500000e-03
3.3864895054e+00,-1.2510254933e-03,-4.2897591341e-04,2.9028436020e-03,-1.9332261856e-03,6.6401092788e-04,1.0000000000e-03,2.0000000000e+00,1.0000000000e+00,5.0000000000e-01,1.0000000000e+00,3.9062500000e-03
3.3882173071e+00,-1.2324461561e-03,-4.1388459864e-04,2.8971385428e-03,-1.9152315875e-03,6.6335580741e-04,1.0000000000e-03,2.0000000000e+00,1.0000000000e+00,5.0000000000e-01,1.0000000000e+00,3.9062500000e-03
3.3899451088e+00,-1.2126667800e-03,-3.9872747615e-04,2.8903135825e-03,-1.8961521925e-03,6.6240159865e-04,1.0000000000e-03,2.0000000000e+00,1.0000000000e+00,5.0000000000e-01,1.0000000000e+00,3.9062500000e-03
3.3916729105e+00,-1.1917474241e-03,-3.8350299586e-04,2.8823050312e-03,-1.8760462774e-03,6.6113391900e-04,1.0000000000e-03,2.0000000000e+00,1.0000000000e+00,5.0000000000e-01,1.0000000000e+00,3.9062500000e-03
3.3934007122e+00,-1.1697505094e-03,-3.6821188609e-04,2.8730480526e-03,-1.8549709007e-03,6.5954233636e-04,1.0000000000e-03,2.0000000000e+00,1.0000000000e+00,5.0000000000e-01,1.0000000000e+00,3.9062500000e-03
3.3951285139e+00,-1.1467410703e-03,-3.5285712875e-04,2.8624773628e-03,-1.8329817712e-03,6.5757193234e-04,1.0000000000e-03,2.0000000000e+00,1.0000000000e+00,5.0000000000e-01,1.0000000000e+00,3.9062500000e-03
3.3968563156e+00,-1.1227825804e-03,-3.3744390925e-04,2.8505279384e-03,-1.8101332780e-03,6.5476338077e-04,1.0000000000e-03,2.0000000000e+00,1.0000000000e+00,5.0000000000e-01,1.0000000000e+00,3.9062500000e-03
3.3985841173e+00,-1.0979394050e-03,-3.2197961967e-04,2.8371356984e-03,-1.7864786549e-03,6.5121612285e-04,1.0000000000e-03,2.0000000000e+00,1.0000000000e+00,5.0000000000e-01,1.0000000000e+00,3.9062500000e-03
3.4003119190e+00,-1.0722769948e-03,-3.0647342690e-04,2.8222381483e-03,-1.7620702439e-03,6.4700932498e-04,1.0000000000e-03,2.0000000000e+00,1.0000000000e+00,5.0000000000e-01,1.0000000000e+00,3.9062500000e-03
3.4020397207e+00,-1.0458590749e-03,-2.9093354739e-04,2.8057749869e-03,-1.7369598141e-03,6.4220939475e-04,1.0000000000e-03,2.0000000000e+00,1.0000000000e+00,5.0000000000e-01,1.0000000000e+00,3.9062500000e-03
3.4037675224e+00,-1.0187556315e-03,-2.7535582720e-04,2.7876886778e-03,-1.7111988906e-03,6.3687484930e-04,1.0000000000e-03,2.0000000000e+00,1.0000000000e+00,5.0000000000e-01,1.0000000000e+00,3.9062500000e-03
3.4054953241e+00,-9.9103695367e-04,-2.5974481371e-04,2.7679249900e-03,-1.6848390493e-03,6.3105895362e-04,1.0000000000e-03,2.0000000000e+00,1.0000000000e+00,5.0000000000e-01,1.0000000000e+00,3.9062500000e-03
3.4072231258e+00,-9.6277048634e-04,-2.4412444014e-04,2.7464335097e-03,-1.6579321430e-03,6.2481092834e-04,1.0000000000e-03,2.0000000000e+00,1.0000000000e+00,5.0000000000e-01,1.0000000000e+00,3.9062500000e-03
3.4089509275e+00,-9.3401948427e-04,-2.2852728691e-04,2.7231681244e-03,-1.6305304322e-03,6.1817640322e-04,1.0000000000e-03,2.0000000000e+00,1.0000000000e+00,5.0000000000e-01,1.0000000000e+00,3.9062500000e-03
3.4106787292e+00,-9.0484212283e-04,-2.1300987841e-04,2.6980874755e-03,-1.6026866084e-03,6.1119756084e-04,1.0000000000e-03,2.0000000000e+00,1.0000000000e+00,5.0000000000e-01,1.0000000000e+00,3.9062500000e-03
3.4124065309e+00,-8.7529040469e-04,-1.9768737669e-04,2.6711553750e-03,-1.5744537044e-03,6.0391321638e-04,1.0000000000e-03,2.0000000000e+00,1.0000000000e+00,5.0000000000e-01,1.0000000000e+00,3.9062500000e-03
3.4141343326e+00,-8.4541010671e-04,-1.8263401283e-04,2.6423411810e-03,-1.5458845539e-03,5.9635894531e-04,1.0000000000e-03,2.0000000000e+00,1.0000000000e+00,5.0000000000e-01,1.0000000000e+00,3.9062500000e-03
3.4158621343e+00,-8.1524092717e-04,-1.6789517958e-04,2.6116201227e-03,-1.5170311875e-03,5.8856729147e-04,1.0000000000e-03,2.0000000000e+00,1.0000000000e+00,5.0000000000e-01,1.0000000000e+00,3.9062500000e-03
3.4175899360e+00,-7.8481658981e-04,-1.5349601053e-04,2.5789735689e-03,-1.4879458999e-03,5.8056804727e-04,1.0000000000e-03,2.0000000000e+00,1.0000000000e+00,5.0000000000e-01,1.0000000000e+00,3.9062500000e-03
3.4193177378e+00,-7.5416688395e-04,-1.3944778535e-04,2.5443892342e-03,-1.4586820454e-03,5.7238858037e-04,1.0000000000e-03,2.0000000000e+00,1.0000000000e+00,5.0000000000e-01,1.0000000000e+00,3.9062500000e-03
3.4210455395e+00,-7.2331853279e-04,-1.2575276802e-04,2.5078613151e-03,-1.4292934137e-03,5.6405417764e-04,1.0000000000e-03,2.0000000000e+00,1.0000000000e+00,5.0000000000e-01,1.0000000000e+00,3.9062500000e-03
3.4227733412e+00,-6.9229554286e-04,-1.1240781278e-04,2.4693905560e-03,-1.3998329353e-03,5.5558838005e-04,1.0000000000e-03,2.0000000000e+00,1.0000000000e+00,5.0000000000e-01,1.0000000000e+00,3.9062500000e-03
3.4245011429e+00,-6.6111944554e-04,-9.9406959295e-05,2.4289842417e-03,-1.3703512106e-03,5.4701328839e-04,1.0000000000e-03,2.0000000000e+00,1.0000000000e+00,5.0000000000e-01,1.0000000000e+00,3.9062500000e-03
3.4262289446e+00,-6.2980939274e-04,-8.6743183227e-05,2.3866561190e-03,-1.3408951670e-03,5.3834982655e-04,1.0000000000e-03,2.0000000000e+00,1.0000000000e+00,5.0000000000e-01,1.0000000000e+00,3.9062500000e-03
3.4279567463e+00,-5.9838210802e-04,-7.4409428908e-05,2.3424262494e-03,-1.3115070098e-03,5.2961795537e-04,1.0000000000e-03,2.0000000000e+00,1.0000000000e+00,5.0000000000e-01,1.0000000000e+00,3.9062500000e-03
3.4296845480e+00,-5.6685186237e-04,-6.2399010872e-05,2.2963207983e-03,-1.2822235301e-03,5.2083683562e-04,1.0000000000e-03,2.0000000000e+00,1.0000000000e+00,5.0000000000e-01,1.0000000000e+00,3.9062500000e-03
3.4314123497e+00,-5.3523045873e-04,-5.0705416286e-05,2.2483717658e-03,-1.2530757681e-03,5.1202494256e-04,1.0000000000e-03,2.0000000000e+00,1.0000000000e+00,5.0000000000e-01,1.0000000000e+00,3.9062500000e-03
3.4331401514e+00,-5.0352720956e-04,-3.9333066815e-05,2.1986166661e-03,-1.2240889898e-03,5.0320013711e-04,1.0000000000e-03,2.0000000000e+00,1.0000000000e+00,5.0000000000e-01,1.0000000000e+00,3.9062500000e-03
3.4348679531e+00,-4.7174926910e-04,-2.8489562052e-05,2.1470981628e-03,-1.1952829093e-03,4.9437970052e-04,1.0000000000e-03,2.0000000000e+00,1.0000000000e+00,5.0000000000e-01,1.0000000000e+00,3.9062500000e-03
3.4365957548e+00,-4.3990205931e-04,-1.8094300272e-05,2.0938636646e-03,-1.1666720839e-03,4.8558033930e-04,1.0000000000e-03,2.0000000000e+00,1.0000000000e+00,5.0000000000e-01,1.0000000000e+00,3.9062500000e-03
3.4383235564e+00,-4.0798968251e-04,-8.0980819088e-06,2.0389648880e-03,-1.1382664061e-03,4.7681816718e-04,1.0000000000e-03,2.0000000000e+00,1.0000000000e+00,5.0000000000e-01,1.0000000000e+00,3.9062500000e-03
3.4400513581e+00,-3.7601530708e-04,1.5252071025e-06,1.9824573902e-03,-1.1100716363e-03,4.6810866987e-04,1.0000000000e-03,2.0000000000e+00,1.0000000000e+00,5.0000000000e-01,1.0000000000e+00,3.9062500000e-03
3.4417791598e+00,-3.4398149394e-04,1.0785341783e-05,1.9244000706e-03,-1.0820899495e-03,4.5946665702e-04,1.0000000000e-03,2.0000000000e+00,1.0000000000e+00,5.0000000000e-01,1.0000000000e+00,3.9062500000e-03
3.4435069614e+00,-3.1189044283e-04,1.9681079300e-05,1.8648546354e-03,-1.0543204522e-03,4.5090620463e-04,1.0000000000e-03,2.0000000000e+00,1.0000000000e+00,5.0000000000e-01,1.0000000000e+00,3.9062500000e-03
3.4452347631e+00,-2.7974416722e-04,2.8204286138e-05,1.8038850075e-03,-1.0267596213e-03,4.4244058986e-04,1.0000000000e-03,2.0000000000e+00,1.0000000000e+00,5.0000000000e-01,1.0000000000e+00,3.9062500000e-03
3.4469625647e+00,-2.4754458822e-04,3.6343105878e-05,1.7415566429e-03,-9.9940162461e-04,4.3408221895e-04,1.0000000000e-03,2.0000000000e+00,1.0000000000e+00,5.0000000000e-01,1.0000000000e+00,3.9062500000e-03
3.4486903663e+00,-2.1529356806e-04,4.4084371460e-05,1.6779356688e-03,-9.7223850575e-04,4.2584254816e-04,1.0000000000e-03,2.0000000000e+00,1.0000000000e+00,5.0000000000e-01,1.0000000000e+00,3.9062500000e-03
3.4504181680e+00,-1.8299295080e-04,5.1415426129e-05,1.6130876555e-03,-9.4526023817e-04,4.1773199659e-04,1.0000000000e-03,2.0000000000e+00,1.0000000000e+00,5.0000000000e-01,1.0000000000e+00,3.9062500000e-03
3.4521459696e+00,-1.5064462872e-04,5.8325479980e-05,1.5471844523e-03,-9.1845466743e-04,4.0985204467e-04,1.0000000000e-03,2.0000000000e+00,1.0000000000e+00,5.0000000000e-01,1.0000000000e+00,3.9062500000e-03
3.4538737712e+00,-1.1825063375e-04,6.4806598074e-05,1.4803795351e-03,-8.9180737409e-04,4.0214415278e-04,1.0000000000e-03,2.0000000000e+00,1.0000000000e+00,5.0000000000e-01,1.0000000000e+00,3.9062500000e-03
3.4556015729e+00,-8.5813252678e-05,7.0854396993e-05,1.4126832439e-03,-8.6530149389e-04,3.9457158566e-04,1.0000000000e-03,2.0000000000e+00,1.0000000000e+00,5.0000000000e-01,1.0000000000e+00,3.9062500000e-03
3.4573293745e+00,-5.3335159646e-05,7.6468514872e-05,1.3441165354e-03,-8.3891753251e-04,3.8711682412e-04,1.0000000000e-03,2.0000000000e+00,1.0000000000e+00,5.0000000000e-01,1.0000000000e+00,3.9062500000e-03
3.4590571761e+00,-2.0819555817e-05,8.1652911246e-05,1.2747106218e-03,-8.1263320883e-04,3.7977459303e-04,1.0000000000e-03,2.0000000000e+00,1.0000000000e+00,5.0000000000e-01,1.0000000000e+00,3.9062500000e-03
3.4607849777e+00,1.1729694080e-05,8.6416047205e-05,1.2045059873e-03,-7.8642335472e-04,3.7254685994e-04,1.0000000000e-03,2.0000000000e+00,1.0000000000e+00,5.0000000000e-01,1.0000000000e+00,3.9062500000e-03
3.4625127793e+00,4.4307943180e-05,9.0770993009e-05,1.1335509826e-03,-7.6025989176e-04,3.6543930564e-04,1.0000000000e-03,2.0000000000e+00,1.0000000000e+00,5.0000000000e-01,1.0000000000e+00,3.9062500000e-03
3.4642405809e+00,7.6909668560e-05,9.4735508403e-05,1.0619001997e-03,-7.3411189793e-04,3.5845883929e-04,1.0000000000e-03,2.0000000000e+00,1.0000000000e+00,5.0000000000e-01,1.0000000000e+00,3.9062500000e-03
3.4659683825e+00,1.0952839799e-04,9.8332138705e-05,9.8961275242e-04,-7.0794576961e-04,3.5161183888e-04,1.0000000000e-03,2.0000000000e+00,1.0000000000e+00,5.0000000000e-01,1.0000000000e+00,3.9062500000e-03
3.4676961841e+00,1.4215665111e-04,1.0158836523e-04,9.1675041905e-04,-6.8172547800e-04,3.4490289964e-04,1.0000000000e-03,2.0000000000e+00,1.0000000000e+00,5.0000000000e-01,1.0000000000e+00,3.9062500000e-03
3.4694239857e+00,1.7478588815e-04,1.0453683213e-04,8.4337509676e-04,-6.5541287551e-04,3.3833395116e-04,1.0000000000e-03,2.0000000000e+00,1.0000000000e+00,5.0000000000e-01,1.0000000000e+00,3.9062500000e-03
3.4711517873e+00,2.0740645972e-04,1.0721564835e-04,7.6924402779e-04,-6.2896815419e-04,3.3190365590e-04,1.0000000000e-03,2.0000000000e+00,1.0000000000e+00,5.0000000000e-01,1.0000000000e+00,3.9062500000e-03
3.4728795889e+00,2.4000755483e-04,1.0966871694e-04,6.9462401999e-04,-6.0235055636e-04,3.2560703279e-04,1.0000000000e-03,2.0000000000e+00,1.0000000000e+00,5.0000000000e-01,1.0000000000e+00,3.9062500000e-03
3.4746073905e+00,2.7257714695e-04,1.1194595955e-04,6.1973222462e-04,-5.7551918188e-04,3.1943526651e-04,1.0000000000e-03,2.0000000000e+00,1.0000000000e+00,5.0000000000e-01,1.0000000000e+00,3.9062500000e-03
3.4763351921e+00,3.0510193938e-04,1.1411923425e-04,5.4466546646e-04,-5.4843399837e-04,3.1337567154e-04,1.0000000000e-03,2.0000000000e+00,1.0000000000e+00,5.0000000000e-01,1.0000000000e+00,3.9062500000e-03
3.4780629937e+00,3.3756731363e-04,1.1636554980e-04,4.6949927089e-04,-5.2105863930e-04,3.0741178454e-04,1.0000000000e-03,2.0000000000e+00,1.0000000000e+00,5.0000000000e-01,1.0000000000e+00,3.9062500000e-03
3.4797907953e+00,3.6995728655e-04,1.1865854088e-04,3.9432716749e-04,-4.9336547499e-04,3.0152356215e-04,1.0000000000e-03,2.0000000000e+00,1.0000000000e+00,5.0000000000e-01,1.0000000000e+00,3.9062500000e-03
3.4815185968e+00,4.0225447954e-04,1.2098560635e-04,3.1922108119e-04,-4.6536582372e-04,2.9568766533e-04,1.0000000000e-03,2.0000000000e+00,1.0000000000e+00,5.0000000000e-01,1.0000000000e+00,3.9062500000e-03
3.4832463984e+00,4.3444010276e-04,1.2334411143e-04,2.4423738937e-04,-4.3708557886e-04,2.8987781768e-04,1.0000000000e-03,2.0000000000e+00,1.0000000000e+00,5.0000000000e-01,1.0000000000e+00,3.9062500000e-03
3.4849742000e+00,4.6649395365e-04,1.2576478360e-04,1.6942906231e-04,-4.0787208416e-04,2.8406520683e-04,1.0000000000e-03,2.0000000000e+00,1.0000000000e+00,5.0000000000e-01,1.0000000000e+00,3.9062500000e-03
3.4867020016e+00,4.9839443612e-04,1.2845081499e-04,9.4842145419e-05,-3.7785913899e-04,2.7821877189e-04,1.0000000000e-03,2.0000000000e+00,1.0000000000e+00,5.0000000000e-01,1.0000000000e+00,3.9062500000e-03
3.4884298032e+00,5.3011859741e-04,1.3144351038e-04,2.0517633037e-05,-3.4739364062e-04,2.7230540788e-04,1.0000000000e-03,2.0000000000e+00,1.0000000000e+00,5.0000000000e-01,1.0000000000e+00,3.9062500000e-03
3.4901576048e+00,5.6164217827e-04,1.3477617063e-04,-5.3506456523e-05,-3.1656847281e-04,2.6629430646e-04,1.0000000000e-03,2.0000000000e+00,1.0000000000e+00,5.0000000000e-01,1.0000000000e+00,3.9062500000e-03
3.4918854064e+00,5.9293967536e-04,1.3847260441e-04,-1.2719450785e-04,-2.8561951394e-04,2.6016291366e-04,1.0000000000e-03,2.0000000000e+00,1.0000000000e+00,5.0000000000e-01,1.0000000000e+00,3.9062500000e-03
3.4936132080e+00,6.2398441602e-04,1.4256125704e-04,-2.0051285270e-04,-2.5408724395e-04,2.5391566410e-04,1.0000000000e-03,2.0000000000e+00,1.0000000000e+00,5.0000000000e-01,1.0000000000e+00,3.9062500000e-03
3.4953410096e+00,6.5474864494e-04,1.4710837864e-04,-2.7343383121e-04,-2.2166753290e-04,2.4756008328e-04,1.0000000000e-03,2.0000000000e+00,1.0000000000e+00,5.0000000000e-01,1.0000000000e+00,3.9062500000e-03
3.4970688112e+00,6.8520363153e-04,1.5203264297e-04,-3.4594643898e-04,-1.8857658759e-04,2.4094614688e-04,1.0000000000e-03,2.0000000000e+00,1.0000000000e+00,5.0000000000e-01,1.0000000000e+00,3.9062500000e-03
3.4987966128e+00,7.1531980602e-04,1.5727573268e-04,-4.1801206368e-04,-1.5488089007e-04,2.3355174469e-04,1.0000000000e-03,2.0000000000e+00,1.0000000000e+00,5.0000000000e-01,1.0000000000e+00,3.9062500000e-03
3.5005244144e+00,7.4506691625e-04,1.6279032855e-04,-4.8952883088e-04,-1.2047913231e-04,2.2553850862e-04,1.0000000000e-03,2.0000000000e+00,1.0000000000e+00,5.0000000000e-01,1.0000000000e+00,3.9062500000e-03
3.5022522161e+00,7.7441418742e-04,1.6851812817e-04,-5.6042072707e-04,-8.5369102479e-05,2.1711768232e-04,1.0000000000e-03,2.0000000000e+00,1.0000000000e+00,5.0000000000e-01,1.0000000000e+00,3.9062500000e-03
3.5039800177e+00,8.0333049324e-04,1.7433852476e-04,-6.3063026509e-04,-4.9587221086e-05,2.0879645341e-04,1.0000000000e-03,2.0000000000e+00,1.0000000000e+00,5.0000000000e-01,1.0000000000e+00,3.9062500000e-03
3.5057078192e+00,8.3178453911e-04,1.8036337421e-04,-7.0011407372e-04,-1.3148266465e-05,2.0040695559e-04,1.0000000000e-03,2.0000000000e+00,1.0000000000e+00,5.0000000000e-01,1.0000000000e+00,3.9062500000e-03
3.5074356206e+00,8.5974505494e-04,1.8663057518e-04,-7.6883971107e-04,2.3937364838e-05,1.9167212050e-04,1.0000000000e-03,2.0000000000e+00,1.0000000000e+00,5.0000000000e-01,1.0000000000e+00,3.9062500000e-03
3.5091634220e+00,8.8718101716e-04,1.9316916406e-04,-8.3668320491e-04,6.1661018506e-05,1.8232759071e-04,1.0000000000e-03,2.0000000000e+00,1.0000000000e+00,5.0000000000e-01,1.0000000000e+00,3.9062500000e-03
3.5108912232e+00,9.1406191915e-04,1.9999931326e-04,-9.0360461503e-04,1.0001359608e-04,1.7241257366e-04,1.0000000000e-03,2.0000000000e+00,1.0000000000e+00,5.0000000000e-01,1.0000000000e+00,3.9062500000e-03
3.5126190244e+00,9.4035801751e-04,2.0713372420e-04,-9.6962943741e-04,1.3898299183e-04,1.6194775824e-04,1.0000000000e-03,2.0000000000e+00,1.0000000000e+00,5.0000000000e-01,1.0000000000e+00,3.9062500000e-03
3.5143468254e+00,9.6604051356e-04,2.1457850580e-04,-1.0347679971e-03,1.7855327987e-04,1.5094800385e-04,1.0000000000e-03,2.0000000000e+00,1.0000000000e+00,5.0000000000e-01,1.0000000000e+00,3.9062500000e-03
3.5160746263e+00,9.9108171232e-04,2.2233379095e-04,-1.0990186143e-03,2.1870459736e-04,1.3942630315e-04,1.0000000000e-03,2.0000000000e+00,1.0000000000e+00,5.0000000000e-01,1.0000000000e+00,3.9062500000e-03
3.5178024270e+00,1.0154552437e-03,2.3039423905e-04,-1.1623700351e-03,2.5941334247e-04,1.2739537943e-04,1.0000000000e-03,2.0000000000e+00,1.0000000000e+00,5.0000000000e-01,1.0000000000e+00,3.9062500000e-03
3.5195302276e+00,1.0391362847e-03,2.3874948481e-04,-1.2248034263e-03,3.0065250645e-04,1.1486848720e-04,1.0000000000e-03,2.0000000000e+00,1.0000000000e+00,5.0000000000e-01,1.0000000000e+00,3.9062500000e-03
3.5212580281e+00,1.0621017858e-03,2.4738455331e-04,-1.2862940961e-03,3.4239204481e-04,1.0185989740e-04,1.0000000000e-03,2.0000000000e+00,1.0000000000e+00,5.0000000000e-01,1.0000000000e+00,3.9062500000e-03
3.5229858283e+00,1.0843308780e-03,2.5628024792e-04,-1.3468130192e-03,3.8459923494e-04,8.8385223424e-05,1.0000000000e-03,2.0000000000e+00,1.0000000000e+00,5.0000000000e-01,1.0000000000e+00,3.9062500000e-03
3.5247136285e+00,1.1058049364e-03,2.6541351289e-04,-1.4063282016e-03,4.2723898999e-04,7.4461627942e-05,1.0000000000e-03,2.0000000000e+00,1.0000000000e+00,5.0000000000e-01,1.0000000000e+00,3.9062500000e-03
3.5264414285e+00,1.1265074939e-03,2.7475777539e-04,-1.4648058991e-03,4.7027411231e-04,6.0107909100e-05,1.0000000000e-03,2.0000000000e+00,1.0000000000e+00,5.0000000000e-01,1.0000000000e+00,3.9062500000e-03
3.5281692283e+00,1.1464241793e-03,2.8428327163e-04,-1.5222116965e-03,5.1366547874e-04,4.5344456241e-05,1.0000000000e-03,2.0000000000e+00,1.0000000000e+00,5.0000000000e-01,1.0000000000e+00,3.9062500000e-03
3.5298970280e+00,1.1655431782e-03,2.9395736367e-04,-1.5785114511e-03,5.5737215680e-04,3.0193073032e-05,1.0000000000e-03,2.0000000000e+00,1.0000000000e+00,5.0000000000e-01,1.0000000000e+00,3.9062500000e-03
3.5316248275e+00,1.1838553807e-03,3.0374485609e-04,-1.6336721040e-03,6.0135145782e-04,1.4676681547e-05,1.0000000000e-03,2.0000000000e+00,1.0000000000e+00,5.0000000000e-01,1.0000000000e+00,3.9062500000e-03
3.5333526269e+00,1.2013545382e-03,3.1360832147e-04,-1.6876623667e-03,6.4555893712e-04,-1.1810622050e-06,1.0000000000e-03,2.0000000000e+00,1.0000000000e+00,5.0000000000e-01,1.0000000000e+00,3.9062500000e-03
3.5350804262e+00,1.2180378876e-03,3.2350844246e-04,-1.7404532869e-03,6.8994835589e-04,-1.7356197289e-05,1.0000000000e-03,2.0000000000e+00,1.0000000000e+00,5.0000000000e-01,1.0000000000e+00,3.9062500000e-03
3.5368082254e+00,1.2339050466e-03,3.3340437550e-04,-1.7920187019e-03,7.3447162211e-04,-3.3824881033e-05,1.0000000000e-03,2.0000000000e+00,1.0000000000e+00,5.0000000000e-01,1.0000000000e+00,3.9062500000e-03
3.5385360244e+00,1.2489574358e-03,3.4325413886e-04,-1.8423355869e-03,7.7907872971e-04,-5.0563757984e-05,1.0000000000e-03,2.0000000000e+00,1.0000000000e+00,5.0000000000e-01,1.0000000000e+00,3.9062500000e-03
3.5402638233e+00,1.2631984837e-03,3.5301502440e-04,-1.8913843048e-03,8.2371771479e-04,-6.7550235596e-05,1.0000000000e-03,2.0000000000e+00,1.0000000000e+00,5.0000000000e-01,1.0000000000e+00,3.9062500000e-03
3.5419916222e+00,1.2766354461e-03,3.6264403017e-04,-1.9391487676e-03,8.6833464619e-04,-8.4762641535e-05,1.0000000000e-03,2.0000000000e+00,1.0000000000e+00,5.0000000000e-01,1.0000000000e+00,3.9062500000e-03
3.5437194209e+00,1.2892786387e-03,3.7209830785e-04,-1.9856165158e-03,9.1287366460e-04,-1.0218025256e-04,1.0000000000e-03,2.0000000000e+00,1.0000000000e+00,5.0000000000e-01,1.0000000000e+00,3.9062500000e-03
3.5454472195e+00,1.3011408134e-03,3.8133561733e-04,-2.0307787265e-03,9.5727707773e-04,-1.1978319816e-04,1.0000000000e-03,2.0000000000e+00,1.0000000000e+00,5.0000000000e-01,1.0000000000e+00,3.9062500000e-03
3.5471750181e+00,1.3122385095e-03,3.9031477869e-04,-2.0746301576e-03,1.0014855187e-03,-1.3755225191e-04,1.0000000000e-03,2.0000000000e+00,1.0000000000e+00,5.0000000000e-01,1.0000000000e+00,3.9062500000e-03
3.5489028166e+00,1.3225877017e-03,3.9899611029e-04,-2.1171690395e-03,1.0454381768e-03,-1.5546852977e-04,1.0000000000e-03,2.0000000000e+00,1.0000000000e+00,5.0000000000e-01,1.0000000000e+00,3.9062500000e-03
3.5506306150e+00,1.3322044394e-03,4.0734184058e-04,-2.1583969219e-03,1.0890731034e-03,-1.7351311759e-04,1.0000000000e-03,2.0000000000e+00,1.0000000000e+00,5.0000000000e-01,1.0000000000e+00,3.9062500000e-03
3.5523584134e+00,1.3411073026e-03,4.1531647970e-04,-2.1983184856e-03,1.1323275864e-03,-1.9166665171e-04,1.0000000000e-03,2.0000000000e+00,1.0000000000e+00,5.0000000000e-01,1.0000000000e+00,3.9062500000e-03
3.5540862117e+00,1.3493215969e-03,4.2288713775e-04,-2.2369413272e-03,1.1751385740e-03,-2.0990887677e-04,1.0000000000e-03,2.0000000000e+00,1.0000000000e+00,5.0000000000e-01,1.0000000000e+00,3.9062500000e-03
3.5558140100e+00,1.3568743620e-03,4.3002377339e-04,-2.2742757248e-03,1.2174431257e-03,-2.2821820434e-04,1.0000000000e-03,2.0000000000e+00,1.0000000000e+00,5.0000000000e-01,1.0000000000e+00,3.9062500000e-03
3.5575418083e+00,1.3637922012e-03,4.3669935535e-04,-2.3103343902e-03,1.2591788935e-03,-2.4657129561e-04,1.0000000000e-03,2.0000000000e+00,1.0000000000e+00,5.0000000000e-01,1.0000000000e+00,3.9062500000e-03
3.5592696065e+00,1.3701033957e-03,4.4288991522e-04,-2.3451322133e-03,1.3002847779e-03,-2.6494268981e-04,1.0000000000e-03,2.0000000000e+00,1.0000000000e+00,5.0000000000e-01,1.0000000000e+00,3.9062500000e-03
3.5609974047e+00,1.3758237266e-03,4.4857446775e-04,-2.3786860008e-03,1.3407014290e-03,-2.8330449793e-04,1.0000000000e-03,2.0000000000e+00,1.0000000000e+00,5.0000000000e-01,1.0000000000e+00,3.9062500000e-03
3.5627252030e+00,1.3809776476e-03,4.5373475901e-04,-2.4111388706e-03,1.3803710849e-03,-3.0162617920e-04,1.0000000000e-03,2.0000000000e+00,1.0000000000e+00,5.0000000000e-01,1.0000000000e+00,3.9062500000e-03
3.5644530012e+00,1.3856000489e-03,4.5835478564e-04,-2.4424711114e-03,1.4192373099e-03,-3.1987441451e-04,1.0000000000e-03,2.0000000000e+00,1.0000000000e+00,5.0000000000e-01,1.0000000000e+00,3.9062500000e-03
3.5661807994e+00,1.3897337782e-03,4.6250069992e-04,-2.4726579001e-03,1.4572448890e-03,-3.3801308808e-04,1.0000000000e-03,2.0000000000e+00,1.0000000000e+00,5.0000000000e-01,1.0000000000e+00,3.9062500000e-03
3.5679085976e+00,1.3934136124e-03,4.6661252114e-04,-2.5016865002e-03,1.4943399509e-03,-3.5600338504e-04,1.0000000000e-03,2.0000000000e+00,1.0000000000e+00,5.0000000000e-01,1.0000000000e+00,3.9062500000e-03
3.5696363958e+00,1.3966607921e-03,4.7060049131e-04,-2.5295547657e-03,1.5304702910e-03,-3.7380400943e-04,1.0000000000e-03,2.0000000000e+00,1.0000000000e+00,5.0000000000e-01,1.0000000000e+00,3.9062500000e-03
3.5713641940e+00,1.3995041260e-03,4.7439296160e-04,-2.5562695930e-03,1.5655858202e-03,-3.9137152377e-04,1.0000000000e-03,2.0000000000e+00,1.0000000000e+00,5.0000000000e-01,1.0000000000e+00,3.9062500000e-03
3.5730919923e+00,1.4019301808e-03,4.7793298353e-04,-2.5818454140e-03,1.5996390529e-03,-4.0866080743e-04,1.0000000000e-03,2.0000000000e+00,1.0000000000e+00,5.0000000000e-01,1.0000000000e+00,3.9062500000e-03
3.5748197906e+00,1.4039895404e-03,4.8117563898e-04,-2.6063027794e-03,1.6325855572e-03,-4.2562562609e-04,1.0000000000e-03,2.0000000000e+00,1.0000000000e+00,5.0000000000e-01,1.0000000000e+00,3.9062500000e-03
3.5765475889e+00,1.4057417805e-03,4.8408599938e-04,-2.6296670559e-03,1.6643843054e-03,-4.4221929878e-04,1.0000000000e-03,2.0000000000e+00,1.0000000000e+00,5.0000000000e-01,1.0000000000e+00,3.9062500000e-03
3.5782753872e+00,1.4072379349e-03,4.8663757319e-04,-2.6519672488e-03,1.6949978889e-03,-4.5839544136e-04,1.0000000000e-03,2.0000000000e+00,1.0000000000e+00,5.0000000000e-01,1.0000000000e+00,3.9062500000e-03
3.5800031856e+00,1.4084933812e-03,4.8881110666e-04,-2.6732349533e-03,1.7243925788e-03,-4.7410875458e-04,1.0000000000e-03,2.0000000000e+00,1.0000000000e+00,5.0000000000e-01,1.0000000000e+00,3.9062500000e-03
3.5817309840e+00,1.4094889306e-03,4.9059363066e-04,-2.6935034319e-03,1.7525382343e-03,-4.8931581096e-04,1.0000000000e-03,2.0000000000e+00,1.0000000000e+00,5.0000000000e-01,1.0000000000e+00,3.9062500000e-03
3.5834587825e+00,1.4102660372e-03,4.9197768602e-04,-2.7128068136e-03,1.7794080781e-03,-5.0396106576e-04,1.0000000000e-03,2.0000000000e+00,1.0000000000e+00,5.0000000000e-01,1.0000000000e+00,3.9062500000e-03
3.5851865810e+00,1.4108553506e-03,4.9296071277e-04,-2.7311794043e-03,1.8049783645e-03,-5.1796242492e-04,1.0000000000e-03,2.0000000000e+00,1.0000000000e+00,5.0000000000e-01,1.0000000000e+00,3.9062500000e-03
3.5869143795e+00,1.4112780143e-03,4.9354467512e-04,-2.7486550999e-03,1.8292279755e-03,-5.3128761771e-04,1.0000000000e-03,2.0000000000e+00,1.0000000000e+00,5.0000000000e-01,1.0000000000e+00,3.9062500000e-03
3.5886421781e+00,1.4115602100e-03,4.9373619794e-04,-2.7652668880e-03,1.8521379819e-03,-5.4393334512e-04,1.0000000000e-03,2.0000000000e+00,1.0000000000e+00,5.0000000000e-01,1.0000000000e+00,3.9062500000e-03
3.5903699767e+00,1.4117251258e-03,4.9354818318e-04,-2.7810464273e-03,1.8736912049e-03,-5.5591119658e-04,1.0000000000e-03,2.0000000000e+00,1.0000000000e+00,5.0000000000e-01,1.0000000000e+00,3.9062500000e-03
3.5920977754e+00,1.4117280413e-03,4.9300725345e-04,-2.7960236904e-03,1.8938718094e-03,-5.6723889446e-04,1.0000000000e-03,2.0000000000e+00,1.0000000000e+00,5.0000000000e-01,1.0000000000e+00,3.9062500000e-03
3.5938255741e+00,1.4116911975e-03,4.9179625952e-04,-2.8102266575e-03,1.9126649285e-03,-5.7793541265e-04,1.0000000000e-03,2.0000000000e+00,1.0000000000e+00,5.0000000000e-01,1.0000000000e+00,3.9062500000e-03
3.5955533728e+00,1.4116382709e-03,4.8953110246e-04,-2.8236810465e-03,1.9300564890e-03,-5.8801949008e-04,1.0000000000e-03,2.0000000000e+00,1.0000000000e+00,5.0000000000e-01,1.0000000000e+00,3.9062500000e-03
3.5972811716e+00,1.4115575713e-03,4.8645474616e-04,-2.8364100656e-03,1.9460332782e-03,-5.9750645967e-04,1.0000000000e-03,2.0000000000e+00,1.0000000000e+00,5.0000000000e-01,1.0000000000e+00,3.9062500000e-03
3.5990089704e+00,1.4114343560e-03,4.8297254781e-04,-2.8484341763e-03,1.9605829615e-03,-6.0638441843e-04,1.0000000000e-03,2.0000000000e+00,1.0000000000e+00,5.0000000000e-01,1.0000000000e+00,3.9062500000e-03
3.6007367693e+00,1.4112500607e-03,4.7908810369e-04,-2.8597708537e-03,1.9736939109e-03,-6.1464523027e-04,1.0000000000e-03,2.0000000000e+00,1.0000000000e+00,5.0000000000e-01,1.0000000000e+00,3.9062500000e-03
3.6024645682e+00,1.4109818154e-03,4.7476373252e-04,-2.8704343388e-03,1.9853549288e-03,-6.2228894264e-04,1.0000000000e-03,2.0000000000e+00,1.0000000000e+00,5.0000000000e-01,1.0000000000e+00,3.9062500000e-03
3.6041923672e+00,1.4105281187e-03,4.7004831880e-04,-2.8804353849e-03,1.9955550432e-03,-6.2932113489e-04,1.0000000000e-03,2.0000000000e+00,1.0000000000e+00,5.0000000000e-01,1.0000000000e+00,3.9062500000e-03
3.6059201662e+00,1.4098212436e-03,4.6501012361e-04,-2.8897810119e-03,2.0042835621e-03,-6.3575396091e-04,1.0000000000e-03,2.0000000000e+00,1.0000000000e+00,5.0000000000e-01,1.0000000000e+00,3.9062500000e-03
3.6076479652e+00,1.4088618627e-03,4.5966812248e-04,-2.8984742946e-03,2.0115304136e-03,-6.4160561513e-04,1.0000000000e-03,2.0000000000e+00,1.0000000000e+00,5.0000000000e-01,1.0000000000e+00,3.9062500000e-03
3.6093757643e+00,1.4075656531e-03,4.5403529877e-04,-2.9065142132e-03,2.0172866893e-03,-6.4689765930e-04,1.0000000000e-03,2.0000000000e+00,1.0000000000e+00,5.0000000000e-01,1.0000000000e+00,3.9062500000e-03
3.6111035634e+00,1.4058150611e-03,4.4812558358e-04,-2.9138955630e-03,2.0215453336e-03,-6.5165320737e-04,1.0000000000e-03,2.0000000000e+00,1.0000000000e+00,5.0000000000e-01,1.0000000000e+00,3.9062500000e-03
3.6128313626e+00,1.4034995854e-03,4.4194492291e-04,-2.9206090637e-03,2.0243019694e-03,-6.5589604536e-04,1.0000000000e-03,2.0000000000e+00,1.0000000000e+00,5.0000000000e-01,1.0000000000e+00,3.9062500000e-03
3.6145591618e+00,1.4005610848e-03,4.3549215534e-04,-2.9266421731e-03,2.0255558079e-03,-6.5965182832e-04,1.0000000000e-03,2.0000000000e+00,1.0000000000e+00,5.0000000000e-01,1.0000000000e+00,3.9062500000e-03
3.6162869610e+00,1.3969210618e-03,4.2876251110e-04,-2.9319814503e-03,2.0254229945e-03,-6.6295747743e-04,1.0000000000e-03,2.0000000000e+00,1.0000000000e+00,5.0000000000e-01,1.0000000000e+00,3.9062500000e-03
3.6180147603e+00,1.3924924041e-03,4.2174847323e-04,-2.9366165727e-03,2.0236452604e-03,-6.6588873497e-04,1.0000000000e-03,2.0000000000e+00,1.0000000000e+00,5.0000000000e-01,1.0000000000e+00,3.9062500000e-03
3.6197425596e+00,1.3871698777e-03,4.1443976251e-04,-2.9405473022e-03,2.0203909415e-03,-6.6800618046e-04,1.0000000000e-03,2.0000000000e+00,1.0000000000e+00,5.0000000000e-01,1.0000000000e+00,3.9062500000e-03
3.6214703590e+00,1.3808542882e-03,4.0682346365e-04,-2.9438367103e-03,2.0156469961e-03,-6.6943948237e-04,1.0000000000e-03,2.0000000000e+00,1.0000000000e+00,5.0000000000e-01,1.0000000000e+00,3.9062500000e-03
3.6231981584e+00,1.3734598427e-03,3.9887890959e-04,-2.9462532678e-03,2.0094566930e-03,-6.7023704485e-04,1.0000000000e-03,2.0000000000e+00,1.0000000000e+00,5.0000000000e-01,1.0000000000e+00,3.9062500000e-03
3.6249259578e+00,1.3649262518e-03,3.9057853944e-04,-2.9475613854e-03,2.0018422620e-03,-6.7104387847e-04,1.0000000000e-03,2.0000000000e+00,1.0000000000e+00,5.0000000000e-01,1.0000000000e+00,3.9062500000e-03
3.6266537573e+00,1.3552544184e-03,3.8190880837e-04,-2.9475132599e-03,1.9928227321e-03,-6.7182571423e-04,1.0000000000e-03,2.0000000000e+00,1.0000000000e+00,5.0000000000e-01,1.0000000000e+00,3.9062500000e-03
3.6283815569e+00,1.3443658578e-03,3.7286472472e-04,-2.9463871018e-03,1.9824184491e-03,-6.7250440411e-04,1.0000000000e-03,2.0000000000e+00,1.0000000000e+00,5.0000000000e-01,1.0000000000e+00,3.9062500000e-03
3.6301093564e+00,1.3322163660e-03,3.6344568411e-04,-2.9444405705e-03,1.9706552760e-03,-6.7302769536e-04,1.0000000000e-03,2.0000000000e+00,1.0000000000e+00,5.0000000000e-01,1.0000000000e+00,3.9062500000e-03
3.6318371560e+00,1.3187779289e-03,3.5369399389e-04,-2.9415587558e-03,1.9575766350e-03,-6.7335628702e-04,1.0000000000e-03,2.0000000000e+00,1.0000000000e+00,5.0000000000e-01,1.0000000000e+00,3.9062500000e-03
3.6335649557e+00,1.3040399401e-03,3.4364346270e-04,-2.9376791538e-03,1.9432342757e-03,-6.7345804828e-04,1.0000000000e-03,2.0000000000e+00,1.0000000000e+00,5.0000000000e-01,1.0000000000e+00,3.9062500000e-03
3.6352927554e+00,1.2880098088e-03,3.3331514576e-04,-2.9327488085e-03,1.9276835137e-03,-6.7330543527e-04,1.0000000000e-03,2.0000000000e+00,1.0000000000e+00,5.0000000000e-01,1.0000000000e+00,3.9062500000e-03
3.6370205552e+00,1.2707119789e-03,3.2272181161e-04,-2.9267158340e-03,1.9109808740e-03,-6.7287452756e-04,1.0000000000e-03,2.0000000000e+00,1.0000000000e+00,5.0000000000e-01,1.0000000000e+00,3.9062500000e-03
3.6387483550e+00,1.2521860656e-03,3.1187128580e-04,-2.9195274288e-03,1.8931829910e-03,-6.7214491939e-04,1.0000000000e-03,2.0000000000e+00,1.0000000000e+00,5.0000000000e-01,1.0000000000e+00,3.9062500000e-03
3.6404761548e+00,1.2324844952e-03,3.0076897817e-04,-2.9111296589e-03,1.8743460717e-03,-6.7110005715e-04,1.0000000000e-03,2.0000000000e+00,1.0000000000e+00,5.0000000000e-01,1.0000000000e+00,3.9062500000e-03
3.6422039547e+00,1.2116698462e-03,2.8941977794e-04,-2.9014678133e-03,1.8545256149e-03,-6.6972781775e-04,1.0000000000e-03,2.0000000000e+00,1.0000000000e+00,5.0000000000e-01,1.0000000000e+00,3.9062500000e-03
3.6439317546e+00,1.1898377257e-03,2.7782944248e-04,-2.8904869470e-03,1.8337762744e-03,-6.6802126619e-04,1.0000000000e-03,2.0000000000e+00,1.0000000000e+00,5.0000000000e-01,1.0000000000e+00,3.9062500000e-03
3.6456595546e+00,1.1670889801e-03,2.6600557950e-04,-2.8781324722e-03,1.8121518244e-03,-6.6560839803e-04,1.0000000000e-03,2.0000000000e+00,1.0000000000e+00,5.0000000000e-01,1.0000000000e+00,3.9062500000e-03
3.6473873546e+00,1.1435082000e-03,2.5395829667e-04,-2.8643507405e-03,1.7897052083e-03,-6.6240852085e-04,1.0000000000e-03,2.0000000000e+00,1.0000000000e+00,5.0000000000e-01,1.0000000000e+00,3.9062500000e-03
3.6491151546e+00,1.1191701567e-03,2.4170058447e-04,-2.8490895969e-03,1.7664886525e-03,-6.5851392699e-04,1.0000000000e-03,2.0000000000e+00,1.0000000000e+00,5.0000000000e-01,1.0000000000e+00,3.9062500000e-03
3.6508429547e+00,1.0941416426e-03,2.2924848344e-04,-2.8322988972e-03,1.7425538228e-03,-6.5400079556e-04,1.0000000000e-03,2.0000000000e+00,1.0000000000e+00,5.0000000000e-01,1.0000000000e+00,3.9062500000e-03
3.6525707548e+00,1.0684863211e-03,2.1662107994e-04,-2.8139309898e-03,1.7179519934e-03,-6.4893553062e-04,1.0000000000e-03,2.0000000000e+00,1.0000000000e+00,5.0000000000e-01,1.0000000000e+00,3.9062500000e-03
3.6542985549e+00,1.0422718979e-03,2.0384036551e-04,-2.7939411626e-03,1.6927342021e-03,-6.4337832427e-04,1.0000000000e-03,2.0000000000e+00,1.0000000000e+00,5.0000000000e-01,1.0000000000e+00,3.9062500000e-03
3.6560263551e+00,1.0155636189e-03,1.9093099037e-04,-2.7722880565e-03,1.6669513654e-03,-6.3738479836e-04,1.0000000000e-03,2.0000000000e+00,1.0000000000e+00,5.0000000000e-01,1.0000000000e+00,3.9062500000e-03
3.6577541553e+00,9.8842147656e-04,1.7791993642e-04,-2.7489340458e-03,1.6406543327e-03,-6.3100656947e-04,1.0000000000e-03,2.0000000000e+00,1.0000000000e+00,5.0000000000e-01,1.0000000000e+00,3.9062500000e-03
3.6594819555e+00,9.6089908249e-04,1.6483613097e-04,-2.7238455841e-03,1.6138938668e-03,-6.2429133231e-04,1.0000000000e-03,2.0000000000e+00,1.0000000000e+00,5.0000000000e-01,1.0000000000e+00,3.9062500000e-03
3.6612097558e+00,9.3304335642e-04,1.5171001906e-04,-2.6969935126e-03,1.5867205457e-03,-6.1728281199e-04,1.0000000000e-03,2.0000000000e+00,1.0000000000e+00,5.0000000000e-01,1.0000000000e+00,3.9062500000e-03
3.6629375560e+00,9.0489464029e-04,1.3857310881e-04,-2.6683533272e-03,1.5591845449e-03,-6.1002075991e-04,1.0000000000e-03,2.0000000000e+00,1.0000000000e+00,5.0000000000e-01,1.0000000000e+00,3.9062500000e-03
3.6646653563e+00,8.7648703703e-04,1.2545750175e-04,-2.6379054016e-03,1.5313348995e-03,-6.0254105892e-04,1.0000000000e-03,2.0000000000e+00,1.0000000000e+00,5.0000000000e-01,1.0000000000e+00,3.9062500000e-03
3.6663931566e+00,8.4784886433e-04,1.1239541635e-04,-2.6056351604e-03,1.5032192535e-03,-5.9487594343e-04,1.0000000000e-03,2.0000000000e+00,1.0000000000e+00,5.0000000000e-01,1.0000000000e+00,3.9062500000e-03
3.6681209569e+00,8.1900315891e-04,9.9418709450e-05,-2.5715332014e-03,1.4748856504e-03,-5.8705431131e-04,1.0000000000e-03,2.0000000000e+00,1.0000000000e+00,5.0000000000e-01,1.0000000000e+00,3.9062500000e-03
3.6698487572e+00,7.8996819370e-04,8.6558396481e-05,-2.5355953632e-03,1.4463825227e-03,-5.7910209361e-04,1.0000000000e-03,2.0000000000e+00,1.0000000000e+00,5.0000000000e-01,1.0000000000e+00,3.9062500000e-03
3.6715765575e+00,7.6075798402e-04,7.3844166124e-05,-2.4978227395e-03,1.4177577365e-03,-5.7104264803e-04,1.0000000000e-03,2.0000000000e+00,1.0000000000e+00,5.0000000000e-01,1.0000000000e+00,3.9062500000e-03
3.6733043579e+00,7.3138276794e-04,6.1303877830e-05,-2.4582216400e-03,1.3890572756e-03,-5.6289714621e-04,1.0000000000e-03,2.0000000000e+00,1.0000000000e+00,5.0000000000e-01,1.0000000000e+00,3.9062500000e-03
3.6750321582e+00,7.0184945235e-04,4.9077039689e-05,-2.4168035012e-03,1.3603239372e-03,-5.5468493227e-04,1.0000000000e-03,2.0000000000e+00,1.0000000000e+00,5.0000000000e-01,1.0000000000e+00,3.9062500000e-03
3.6767599586e+00,6.7216202007e-04,3.7190963152e-05,-2.3735847514e-03,1.3315962548e-03,-5.4642383672e-04,1.0000000000e-03,2.0000000000e+00,1.0000000000e+00,5.0000000000e-01,1.0000000000e+00,3.9062500000e-03
3.6784877589e+00,6.4232189648e-04,2.5622972949e-05,-2.3285866344e-03,1.3029077474e-03,-5.3813043717e-04,1.0000000000e-03,2.0000000000e+00,1.0000000000e+00,5.0000000000e-01,1.0000000000e+00,3.9062500000e-03
3.6802155593e+00,6.1232827591e-04,1.4364828349e-05,-2.2818349991e-03,1.2742865185e-03,-5.2982026276e-04,1.0000000000e-03,2.0000000000e+00,1.0000000000e+00,5.0000000000e-01,1.0000000000e+00,3.9062500000e-03
3.6819433597e+00,5.8217840986e-04,3.4185333316e-06,-2.2333600600e-03,1.2457551762e-03,-5.2150794409e-04,1.0000000000e-03,2.0000000000e+00,1.0000000000e+00,5.0000000000e-01,1.0000000000e+00,3.9062500000e-03
3.6836711601e+00,5.5186785979e-04,-7.2070697686e-06,-2.1831961358e-03,1.2173310161e-03,-5.1320731340e-04,1.0000000000e-03,2.0000000000e+00,1.0000000000e+00,5.0000000000e-01,1.0000000000e+00,3.9062500000e-03
3.6853989604e+00,5.2139071782e-04,-1.7499015917e-05,-2.1313813712e-03,1.1890263949e-03,-5.0493146213e-04,1.0000000000e-03,2.0000000000e+00,1.0000000000e+00,5.0000000000e-01,1.0000000000e+00,3.9062500000e-03
3.6871267608e+00,4.9073979911e-04,-2.7442348815e-05,-2.0779574475e-03,1.1608492246e-03,-4.9669276353e-04,1.0000000000e-03,2.0000000000e+00,1.0000000000e+00,5.0000000000e-01,1.0000000000e+00,3.9062500000e-03
3.6888545612e+00,4.5990681010e-04,-3.7021770025e-05,-2.0229692857e-03,1.1328035408e-03,-4.8850286821e-04,1.0000000000e-03,2.0000000000e+00,1.0000000000e+00,5.0000000000e-01,1.0000000000e+00,3.9062500000e-03
3.6905823616e+00,4.2888249650e-04,-4.6222894973e-05,-1.9664647428e-03,1.1048900963e-03,-4.8037267982e-04,1.0000000000e-03,2.0000000000e+00,1.0000000000e+00,5.0000000000e-01,1.0000000000e+00,3.9062500000e-03
3.6923101620e+00,3.9765677501e-04,-5.5033190208e-05,-1.9084943029e-03,1.0771069166e-03,-4.7231231682e-04,1.0000000000e-03,2.0000000000e+00,1.0000000000e+00,5.0000000000e-01,1.0000000000e+00,3.9062500000e-03
3.6940379624e+00,3.6621885244e-04,-6.3442652479e-05,-1.8491107570e-03,1.0494497685e-03,-4.6433106489e-04,1.0000000000e-03,2.0000000000e+00,1.0000000000e+00,5.0000000000e-01,1.0000000000e+00,3.9062500000e-03
3.6957657629e+00,3.3455733598e-04,-7.1444278618e-05,-1.7883688621e-03,1.0219125093e-03,-4.5643732330e-04,1.0000000000e-03,2.0000000000e+00,1.0000000000e+00,5.0000000000e-01,1.0000000000e+00,3.9062500000e-03
3.6974935633e+00,3.0266033824e-04,-7.9034366178e-05,-1.7263249585e-03,9.9448730884e-04,-4.4863854677e-04,1.0000000000e-03,2.0000000000e+00,1.0000000000e+00,5.0000000000e-01,1.0000000000e+00,3.9062500000e-03
3.6992213638e+00,2.7051615946e-04,-8.6212677937e-05,-1.6630365040e-03,9.6716475106e-04,-4.4094118302e-04,1.0000000000e-03,2.0000000000e+00,1.0000000000e+00,5.0000000000e-01,1.0000000000e+00,3.9062500000e-03
3.7009491643e+00,2.3811434679e-04,-9.2982498279e-05,-1.5985614376e-03,9.3993383488e-04,-4.3335060514e-04,1.0000000000e-03,2.0000000000e+00,1.0000000000e+00,5.0000000000e-01,1.0000000000e+00,3.9062500000e-03
3.7026769649e+00,2.0544341317e-04,-9.9350606164e-05,-1.5329571855e-03,9.1278190354e-04,-4.2587103643e-04,1.0000000000e-03,2.0000000000e+00,1.0000000000e+00,5.0000000000e-01,1.0000000000e+00,3.9062500000e-03
3.7044047655e+00,1.7248964220e-04,-1.0532718432e-04,-1.4663826832e-03,8.8569453240e-04,-4.1858095330e-04,1.0000000000e-03,2.0000000000e+00,1.0000000000e+00,5.0000000000e-01,1.0000000000e+00,3.9062500000e-03
3.7061325662e+00,1.3923688851e-04,-1.1092568611e-04,-1.3989612490e-03,8.5865540590e-04,-4.1143194017e-04,1.0000000000e-03,2.0000000000e+00,1.0000000000e+00,5.0000000000e-01,1.0000000000e+00,3.9062500000e-03
3.7078603670e+00,1.0566697713e-04,-1.1616267775e-04,-1.3307066199e-03,8.3164621048e-04,-4.0438392024e-04,1.0000000000e-03,2.0000000000e+00,1.0000000000e+00,5.0000000000e-01,1.0000000000e+00,3.9062500000e-03
3.7095881678e+00,7.1760430128e-05,-1.2105766630e-04,-1.2616412744e-03,8.0464656533e-04,-3.9741519789e-04,1.0000000000e-03,2.0000000000e+00,1.0000000000e+00,5.0000000000e-01,1.0000000000e+00,3.9062500000e-03
3.7113159686e+00,3.7497337636e-05,-1.2563292771e-04,-1.1917963689e-03,7.7763400674e-04,-3.9051583954e-04,1.0000000000e-03,2.0000000000e+00,1.0000000000e+00,5.0000000000e-01,1.0000000000e+00,3.9062500000e-03
3.7130437696e+00,2.8582535291e-06,-1.2991334406e-04,-1.1212111475e-03,7.5058403588e-04,-3.8368294749e-04,1.0000000000e-03,2.0000000000e+00,1.0000000000e+00,5.0000000000e-01,1.0000000000e+00,3.9062500000e-03
3.7147715706e+00,-3.2174959654e-05,-1.3392624953e-04,-1.0499319556e-03,7.2347023379e-04,-3.7691733593e-04,1.0000000000e-03,2.0000000000e+00,1.0000000000e+00,5.0000000000e-01,1.0000000000e+00,3.9062500000e-03
3.7164993718e+00,-6.7618381169e-05,-1.3770128147e-04,-9.7801099357e-04,6.9626444392e-04,-3.7022119293e-04,1.0000000000e-03,2.0000000000e+00,1.0000000000e+00,5.0000000000e-01,1.0000000000e+00,3.9062500000e-03
3.7182271730e+00,-1.0348540110e-04,-1.4127022272e-04,-9.0550487139e-04,6.6893701261e-04,-3.6359642218e-04,1.0000000000e-03,2.0000000000e+00,1.0000000000e+00,5.0000000000e-01,1.0000000000e+00,3.9062500000e-03
3.7199549744e+00,-1.3978621475e-04,-1.4466681305e-04,-8.3247277243e-04,6.4145707438e-04,-3.5704346082e-04,1.0000000000e-03,2.0000000000e+00,1.0000000000e+00,5.0000000000e-01,1.0000000000e+00,3.9062500000e-03
3.7216827757e+00,-1.7652745110e-04,-1.4792650134e-04,-7.5881596920e-04,6.1379287897e-04,-3.5056044472e-04,1.0000000000e-03,2.0000000000e+00,1.0000000000e+00,5.0000000000e-01,1.0000000000e+00,3.9062500000e-03
3.7234105771e+00,-2.1371178954e-04,-1.5108610570e-04,-6.8455362751e-04,5.8591233654e-04,-3.4414264636e-04,1.0000000000e-03,2.0000000000e+00,1.0000000000e+00,5.0000000000e-01,1.0000000000e+00,3.9062500000e-03
3.7251383785e+00,-2.5133731639e-04,-1.5418335608e-04,-6.0993642154e-04,5.5778373041e-04,-3.3778213589e-04,1.0000000000e-03,2.0000000000e+00,1.0000000000e+00,5.0000000000e-01,1.0000000000e+00,3.9062500000e-03
3.7268661798e+00,-2.8939747739e-04,-1.5725630858e-04,-5.3508890777e-04,5.2937662734e-04,-3.3146763166e-04,1.0000000000e-03,2.0000000000e+00,1.0000000000e+00,5.0000000000e-01,1.0000000000e+00,3.9062500000e-03
3.7285939812e+00,-3.2788159562e-04,-1.6034264585e-04,-4.6010021352e-04,5.0066496848e-04,-3.2518451250e-04,1.0000000000e-03,2.0000000000e+00,1.0000000000e+00,5.0000000000e-01,1.0000000000e+00,3.9062500000e-03
3.7303217825e+00,-3.6677557606e-04,-1.6347890619e-04,-3.8507525888e-04,4.7163532613e-04,-3.1891496686e-04,1.0000000000e-03,2.0000000000e+00,1.0000000000e+00,5.0000000000e-01,1.0000000000e+00,3.9062500000e-03
3.7320495839e+00,-4.0606260100e-04,-1.6669970616e-04,-3.1009293529e-04,4.4232313117e-04,-3.1263825741e-04,1.0000000000e-03,2.0000000000e+00,1.0000000000e+00,5.0000000000e-01,1.0000000000e+00,3.9062500000e-03
3.7337773852e+00,-4.4572371026e-04,-1.7003702906e-04,-2.3521909070e-04,4.1257756863e-04,-3.0633107949e-04,1.0000000000e-03,2.0000000000e+00,1.0000000000e+00,5.0000000000e-01,1.0000000000e+00,3.9062500000e-03
3.7355051866e+00,-4.8573813431e-04,-1.7351965131e-04,-1.6051351113e-04,3.8185490413e-04,-2.9996797000e-04,1.0000000000e-03,2.0000000000e+00,1.0000000000e+00,5.0000000000e-01,1.0000000000e+00,3.9062500000e-03
3.7372329880e+00,-5.2608337765e-04,-1.7717282818e-04,-8.6028865804e-05,3.5072688976e-04,-2.9352135435e-04,1.0000000000e-03,2.0000000000e+00,1.0000000000e+00,5.0000000000e-01,1.0000000000e+00,3.9062500000e-03
3.7389607894e+00,-5.6673521966e-04,-1.8101843357e-04,-1.1812933577e-05,3.1913326355e-04,-2.8696356097e-04,1.0000000000e-03,2.0000000000e+00,1.0000000000e+00,5.0000000000e-01,1.0000000000e+00,3.9062500000e-03
3.7406885908e+00,-6.0766770229e-04,-1.8507520336e-04,6.2090428262e-05,2.8753872352e-04,-2.8027224437e-04,1.0000000000e-03,2.0000000000e+00,1.0000000000e+00,5.0000000000e-01,1.0000000000e+00,3.9062500000e-03
3.7424163922e+00,-6.4885312417e-04,-1.8935772961e-04,1.3564077933e-04,2.5555907104e-04,-2.7344415632e-04,1.0000000000e-03,2.0000000000e+00,1.0000000000e+00,5.0000000000e-01,1.0000000000e+00,3.9062500000e-03
3.7441441936e+00,-6.9026201876e-04,-1.9385036323e-04,2.0880079162e-04,2.2274195916e-04,-2.6649271396e-04,1.0000000000e-03,2.0000000000e+00,1.0000000000e+00,5.0000000000e-01,1.0000000000e+00,3.9062500000e-03
3.7458719950e+00,-7.3186310955e-04,-1.9878214854e-04,2.8155191151e-04,1.8932787155e-04,-2.5939397546e-04,1.0000000000e-03,2.0000000000e+00,1.0000000000e+00,5.0000000000e-01,1.0000000000e+00,3.9062500000e-03
3.7475997965e+00,-7.7362324531e-04,-2.0402377441e-04,3.5387790701e-04,1.5538577271e-04,-2.5153423578e-04,1.0000000000e-03,2.0000000000e+00,1.0000000000e+00,5.0000000000e-01,1.0000000000e+00,3.9062500000e-03
3.7493275980e+00,-8.1550738328e-04,-2.0954998832e-04,4.2567432232e-04,1.2081993778e-04,-2.4304719886e-04,1.0000000000e-03,2.0000000000e+00,1.0000000000e+00,5.0000000000e-01,1.0000000000e+00,3.9062500000e-03
3.7510553995e+00,-8.5747872319e-04,-2.1513973246e-04,4.9685830498e-04,8.5628668689e-05,-2.3428950169e-04,1.0000000000e-03,2.0000000000e+00,1.0000000000e+00,5.0000000000e-01,1.0000000000e+00,3.9062500000e-03
3.7527832010e+00,-8.9949887801e-04,-2.2052863099e-04,5.6736804308e-04,4.9846096568e-05,-2.2557440608e-04,1.0000000000e-03,2.0000000000e+00,1.0000000000e+00,5.0000000000e-01,1.0000000000e+00,3.9062500000e-03
3.7545110025e+00,-9.4152803727e-04,-2.2608897348e-04,6.3715771316e-04,1.3475868213e-05,-2.1676751990e-04,1.0000000000e-03,2.0000000000e+00,1.0000000000e+00,5.0000000000e-01,1.0000000000e+00,3.9062500000e-03
3.7562388041e+00,-9.8352511793e-04,-2.3183192858e-04,7.0619396668e-04,-2.3473686292e-05,-2.0758017283e-04,1.0000000000e-03,2.0000000000e+00,1.0000000000e+00,5.0000000000e-01,1.0000000000e+00,3.9062500000e-03
3.7579666056e+00,-1.0254479136e-03,-2.3776106622e-04,7.7433967378e-04,-6.0995428066e-05,-1.9778915577e-04,1.0000000000e-03,2.0000000000e+00,1.0000000000e+00,5.0000000000e-01,1.0000000000e+00,3.9062500000e-03
3.7596944072e+00,-1.0672532997e-03,-2.4388670875e-04,8.4157394240e-04,-9.9081917591e-05,-1.8745558152e-04,1.0000000000e-03,2.0000000000e+00,1.0000000000e+00,5.0000000000e-01,1.0000000000e+00,3.9062500000e-03
3.7614222087e+00,-1.1088977884e-03,-2.5021744402e-04,9.0792355994e-04,-1.3772272100e-04,-1.7661284724e-04,1.0000000000e-03,2.0000000000e+00,1.0000000000e+00,5.0000000000e-01,1.0000000000e+00,3.9062500000e-03
3.7631500103e+00,-1.1503378690e-03,-2.5675837849e-04,9.7340049580e-04,-1.7690385004e-04,-1.6528295968e-04,1.0000000000e-03,2.0000000000e+00,1.0000000000e+00,5.0000000000e-01,1.0000000000e+00,3.9062500000e-03
3.7648778119e+00,-1.1915304417e-03,-2.6351070277e-04,1.0380050525e-03,-2.1660792212e-04,-1.5348270066e-04,1.0000000000e-03,2.0000000000e+00,1.0000000000e+00,5.0000000000e-01,1.0000000000e+00,3.9062500000e-03
3.7666056135e+00,-1.2324337506e-03,-2.7047165266e-04,1.1017282248e-03,-2.5681457131e-04,-1.4122647077e-04,1.0000000000e-03,2.0000000000e+00,1.0000000000e+00,5.0000000000e-01,1.0000000000e+00,3.9062500000e-03
3.7683334151e+00,-1.2730097199e-03,-2.7763464132e-04,1.1645536127e-03,-2.9750090672e-04,-1.2852786648e-04,1.0000000000e-03,2.0000000000e+00,1.0000000000e+00,5.0000000000e-01,1.0000000000e+00,3.9062500000e-03
3.7700612167e+00,-1.3132308740e-03,-2.8498948310e-04,1.2264590622e-03,-3.3864192317e-04,-1.1540069581e-04,1.0000000000e-03,2.0000000000e+00,1.0000000000e+00,5.0000000000e-01,1.0000000000e+00,3.9062500000e-03
3.7717890183e+00,-1.3531196868e-03,-2.9252267038e-04,1.2874181187e-03,-3.8021082077e-04,-1.0185968590e-04,1.0000000000e-03,2.0000000000e+00,1.0000000000e+00,5.0000000000e-01,1.0000000000e+00,3.9062500000e-03
3.7735168199e+00,-1.3924070155e-03,-3.0021768571e-04,1.3474013265e-03,-4.2217921755e-04,-8.7920970241e-05,1.0000000000e-03,2.0000000000e+00,1.0000000000e+00,5.0000000000e-01,1.0000000000e+00,3.9062500000e-03
3.7752446215e+00,-1.4307827162e-03,-3.0805533460e-04,1.4063773918e-03,-4.6451725301e-04,-7.3602379218e-05,1.0000000000e-03,2.0000000000e+00,1.0000000000e+00,5.0000000000e-01,1.0000000000e+00,3.9062500000e-03
3.7769724231e+00,-1.4683441715e-03,-3.1601409020e-04,1.4643142121e-03,-5.0719359257e-04,-5.8923537634e-05,1.0000000000e-03,2.0000000000e+00,1.0000000000e+00,5.0000000000e-01,1.0000000000e+00,3.9062500000e-03
3.7787002248e+00,-1.5054927031e-03,-3.2407044343e-04,1.5211797792e-03,-5.5017534616e-04,-4.3905772645e-05,1.0000000000e-03,2.0000000000e+00,1.0000000000e+00,5.0000000000e-01,1.0000000000e+00,3.9062500000e-03
3.7804280264e+00,-1.5421554670e-03,-3.3219925629e-04,1.5769429586e-03,-5.9342791929e-04,-2.8571845326e-05,1.0000000000e-03,2.0000000000e+00,1.0000000000e+00,5.0000000000e-01,1.0000000000e+00,3.9062500000e-03
3.7821558280e+00,-1.5782135372e-03,-3.4037411511e-04,1.6315741522e-03,-6.3691481796e-04,-1.2945533186e-05,1.0000000000e-03,2.0000000000e+00,1.0000000000e+00,5.0000000000e-01,1.0000000000e+00,3.9062500000e-03
3.7838836297e+00,-1.6135868611e-03,-3.4856768161e-04,1.6850458499e-03,-6.8059743041e-04,2.9488946029e-06,1.0000000000e-03,2.0000000000e+00,1.0000000000e+00,5.0000000000e-01,1.0000000000e+00,3.9062500000e-03
3.7856114313e+00,-1.6482034466e-03,-3.5675203803e-04,1.7373330782e-03,-7.2443481074e-04,1.9087255877e-05,1.0000000000e-03,2.0000000000e+00,1.0000000000e+00,5.0000000000e-01,1.0000000000e+00,3.9062500000e-03
3.7873392330e+00,-1.6822130187e-03,-3.6489902189e-04,1.7884137497e-03,-7.6838348354e-04,3.5446028460e-05,1.0000000000e-03,2.0000000000e+00,1.0000000000e+00,5.0000000000e-01,1.0000000000e+00,3.9062500000e-03
3.7890670347e+00,-1.7157239408e-03,-3.7298054478e-04,1.8382689240e-03,-8.1239729868e-04,5.2002859021e-05,1.0000000000e-03,2.0000000000e+00,1.0000000000e+00,5.0000000000e-01,1.0000000000e+00,3.9062500000e-03
3.7907948363e+00,-1.7486740715e-03,-3.8096888938e-04,1.8868829831e-03,-8.5642734890e-04,6.8736957767e-05,1.0000000000e-03,2.0000000000e+00,1.0000000000e+00,5.0000000000e-01,1.0000000000e+00,3.9062500000e-03
3.7925226379e+00,-1.7810068088e-03,-3.8883697899e-04,1.9342437298e-03,-9.0042196665e-04,8.5629343321e-05,1.0000000000e-03,2.0000000000e+00,1.0000000000e+00,5.0000000000e-01,1.0000000000e+00,3.9062500000e-03
3.7942504396e+00,-1.8126733115e-03,-3.9655861398e-04,1.9803424171e-03,-9.4432680903e-04,1.0266291959e-04,1.0000000000e-03,2.0000000000e+00,1.0000000000e+00,5.0000000000e-01,1.0000000000e+00,3.9062500000e-03
3.7959782412e+00,-1.8436331486e-03,-4.0410867058e-04,2.0251737134e-03,-9.8808503090e-04,1.1982238365e-04,1.0000000000e-03,2.0000000000e+00,1.0000000000e+00,5.0000000000e-01,1.0000000000e+00,3.9062500000e-03
3.7977060429e+00,-1.8738541463e-03,-4.1146325877e-04,2.0687356139e-03,-1.0316375496e-03,1.3709397862e-04,1.0000000000e-03,2.0000000000e+00,1.0000000000e+00,5.0000000000e-01,1.0000000000e+00,3.9062500000e-03
3.7994338445e+00,-1.9033118294e-03,-4.1859983703e-04,2.1110293054e-03,-1.0749234035e-03,1.5446511552e-04,1.0000000000e-03,2.0000000000e+00,1.0000000000e+00,5.0000000000e-01,1.0000000000e+00,3.9062500000e-03
3.8011616461e+00,-1.9319886670e-03,-4.2549728277e-04,2.1520589914e-03,-1.1178801957e-03,1.7192389429e-04,1.0000000000e-03,2.0000000000e+00,1.0000000000e+00,5.0000000000e-01,1.0000000000e+00,3.9062500000e-03
3.8028894478e+00,-1.9598732355e-03,-4.3213591853e-04,2.1918316878e-03,-1.1604446066e-03,1.8945855617e-04,1.0000000000e-03,2.0000000000e+00,1.0000000000e+00,5.0000000000e-01,1.0000000000e+00,3.9062500000e-03
3.8046172494e+00,-1.9869593526e-03,-4.3849749416e-04,2.2303569944e-03,-1.2025529916e-03,2.0705689958e-04,1.0000000000e-03,2.0000000000e+00,1.0000000000e+00,5.0000000000e-01,1.0000000000e+00,3.9062500000e-03
3.8063450510e+00,-2.0132452007e-03,-4.4456512650e-04,2.2676468506e-03,-1.2441421140e-03,2.2470568977e-04,1.0000000000e-03,2.0000000000e+00,1.0000000000e+00,5.0000000000e-01,1.0000000000e+00,3.9062500000e-03
3.8080728526e+00,-2.0387324321e-03,-4.5032319608e-04,2.3037152815e-03,-1.2851497116e-03,2.4239009016e-04,1.0000000000e-03,2.0000000000e+00,1.0000000000e+00,5.0000000000e-01,1.0000000000e+00,3.9062500000e-03
3.8098006542e+00,-2.0633262950e-03,-4.5575719982e-04,2.3385781390e-03,-1.3255146155e-03,2.6009314018e-04,1.0000000000e-03,2.0000000000e+00,1.0000000000e+00,5.0000000000e-01,1.0000000000e+00,3.9062500000e-03
3.8115284558e+00,-2.0869574756e-03,-4.6085355535e-04,2.3722528429e-03,-1.3651767996e-03,2.7779530155e-04,1.0000000000e-03,2.0000000000e+00,1.0000000000e+00,5.0000000000e-01,1.0000000000e+00,3.9062500000e-03
3.8132562574e+00,-2.1097341827e-03,-4.6559934778e-04,2.4047581239e-03,-1.4040775288e-03,2.9547409146e-04,1.0000000000e-03,2.0000000000e+00,1.0000000000e+00,5.0000000000e-01,1.0000000000e+00,3.9062500000e-03
3.8149840589e+00,-2.1317474578e-03,-4.6998200090e-04,2.4361996230e-03,-1.4421596405e-03,3.1310381775e-04,1.0000000000e-03,2.0000000000e+00,1.0000000000e+00,5.0000000000e-01,1.0000000000e+00,3.9062500000e-03
3.8167118605e+00,-2.1530730691e-03,-4.7417662808e-04,2.4665885343e-03,-1.4793679304e-03,3.3065542808e-04,1.0000000000e-03,2.0000000000e+00,1.0000000000e+00,5.0000000000e-01,1.0000000000e+00,3.9062500000e-03
3.8184396620e+00,-2.1737734208e-03,-4.7829266792e-04,2.4959077328e-03,-1.5156495878e-03,3.4809648146e-04,1.0000000000e-03,2.0000000000e+00,1.0000000000e+00,5.0000000000e-01,1.0000000000e+00,3.9062500000e-03
3.8201674636e+00,-2.1938992406e-03,-4.8227637696e-04,2.5241495066e-03,-1.5509546149e-03,3.6539124788e-04,1.0000000000e-03,2.0000000000e+00,1.0000000000e+00,5.0000000000e-01,1.0000000000e+00,3.9062500000e-03
3.8218952651e+00,-2.2134909944e-03,-4.8608261898e-04,2.5513143453e-03,-1.5852361801e-03,3.8250093838e-04,1.0000000000e-03,2.0000000000e+00,1.0000000000e+00,5.0000000000e-01,1.0000000000e+00,3.9062500000e-03
3.8236230667e+00,-2.2325804024e-03,-4.8967317926e-04,2.5774096785e-03,-1.6184508659e-03,3.9938406501e-04,1.0000000000e-03,2.0000000000e+00,1.0000000000e+00,5.0000000000e-01,1.0000000000e+00,3.9062500000e-03
3.8253508682e+00,-2.2511922758e-03,-4.9301550609e-04,2.6024486363e-03,-1.6505587909e-03,4.1599692573e-04,1.0000000000e-03,2.0000000000e+00,1.0000000000e+00,5.0000000000e-01,1.0000000000e+00,3.9062500000e-03
3.8270786698e+00,-2.2693447234e-03,-4.9608178629e-04,2.6264488713e-03,-1.6815236007e-03,4.3229420423e-04,1.0000000000e-03,2.0000000000e+00,1.0000000000e+00,5.0000000000e-01,1.0000000000e+00,3.9062500000e-03
3.8288064713e+00,-2.2870484511e-03,-4.9884827069e-04,2.6494314673e-03,-1.7113123374e-03,4.4822966742e-04,1.0000000000e-03,2.0000000000e+00,1.0000000000e+00,5.0000000000e-01,1.0000000000e+00,3.9062500000e-03
3.8305342728e+00,-2.3043066833e-03,-5.0129477998e-04,2.6714199478e-03,-1.7398952038e-03,4.6375693321e-04,1.0000000000e-03,2.0000000000e+00,1.0000000000e+00,5.0000000000e-01,1.0000000000e+00,3.9062500000e-03
3.8322620744e+00,-2.3211154701e-03,-5.0340433855e-04,2.6924393905e-03,-1.7672452504e-03,4.7883026696e-04,1.0000000000e-03,2.0000000000e+00,1.0000000000e+00,5.0000000000e-01,1.0000000000e+00,3.9062500000e-03
3.8339898759e+00,-2.3374642296e-03,-5.0516290351e-04,2.7125156474e-03,-1.7933380119e-03,4.9336582711e-04,1.0000000000e-03,2.0000000000e+00,1.0000000000e+00,5.0000000000e-01,1.0000000000e+00,3.9062500000e-03
3.8357176775e+00,-2.3533364216e-03,-5.0655917838e-04,2.7316746687e-03,-1.8181511238e-03,5.0730768233e-04,1.0000000000e-03,2.0000000000e+00,1.0000000000e+00,5.0000000000e-01,1.0000000000e+00,3.9062500000e-03
3.8374454790e+00,-2.3687102939e-03,-5.0758453717e-04,2.7499419224e-03,-1.8416639474e-03,5.2063005528e-04,1.0000000000e-03,2.0000000000e+00,1.0000000000e+00,5.0000000000e-01,1.0000000000e+00,3.9062500000e-03
3.8391732805e+00,-2.3835596613e-03,-5.0823316330e-04,2.7673419018e-03,-1.8638572272e-03,5.3332434241e-04,1.0000000000e-03,2.0000000000e+00,1.0000000000e+00,5.0000000000e-01,1.0000000000e+00,3.9062500000e-03
3.8409010820e+00,-2.3978546994e-03,-5.0850275116e-04,2.7838977110e-03,-1.8847128023e-03,5.4539072123e-04,1.0000000000e-03,2.0000000000e+00,1.0000000000e+00,5.0000000000e-01,1.0000000000e+00,3.9062500000e-03
3.8426288836e+00,-2.4115627436e-03,-5.0839712622e-04,2.7996307174e-03,-1.9042133861e-03,5.5683315584e-04,1.0000000000e-03,2.0000000000e+00,1.0000000000e+00,5.0000000000e-01,1.0000000000e+00,3.9062500000e-03
3.8443566851e+00,-2.4246490670e-03,-5.0793850086e-04,2.8145602606e-03,-1.9223424087e-03,5.6765677194e-04,1.0000000000e-03,2.0000000000e+00,1.0000000000e+00,5.0000000000e-01,1.0000000000e+00,3.9062500000e-03
3.8460844866e+00,-2.4370809334e-03,-5.0660435337e-04,2.8287034077e-03,-1.9390839946e-03,5.7786691361e-04,1.0000000000e-03,2.0000000000e+00,1.0000000000e+00,5.0000000000e-01,1.0000000000e+00,3.9062500000e-03
3.8478122881e+00,-2.4488264373e-03,-5.0428180361e-04,2.8420747460e-03,-1.9544231987e-03,5.8747222091e-04,1.0000000000e-03,2.0000000000e+00,1.0000000000e+00,5.0000000000e-01,1.0000000000e+00,3.9062500000e-03
3.8495400896e+00,-2.4598442290e-03,-5.0131871569e-04,2.8546862047e-03,-1.9683462765e-03,5.9645560400e-04,1.0000000000e-03,2.0000000000e+00,1.0000000000e+00,5.0000000000e-01,1.0000000000e+00,3.9062500000e-03
3.8512678911e+00,-2.4700891396e-03,-4.9785105716e-04,2.8665469020e-03,-1.9808407434e-03,6.0480008653e-04,1.0000000000e-03,2.0000000000e+00,1.0000000000e+00,5.0000000000e-01,1.0000000000e+00,3.9062500000e-03
3.8529956927e+00,-2.4795182873e-03,-4.9383310032e-04,2.8776630133e-03,-1.9918952656e-03,6.1249804230e-04,1.0000000000e-03,2.0000000000e+00,1.0000000000e+00,5.0000000000e-01,1.0000000000e+00,3.9062500000e-03
3.8547234942e+00,-2.4880916906e-03,-4.8931653013e-04,2.8880376634e-03,-2.0014995354e-03,6.1954923795e-04,1.0000000000e-03,2.0000000000e+00,1.0000000000e+00,5.0000000000e-01,1.0000000000e+00,3.9062500000e-03
3.8564512957e+00,-2.4957026796e-03,-4.8436343880e-04,2.8976708488e-03,-2.0096443165e-03,6.2596183026e-04,1.0000000000e-03,2.0000000000e+00,1.0000000000e+00,5.0000000000e-01,1.0000000000e+00,3.9062500000e-03
3.8581790972e+00,-2.5022809412e-03,-4.7899430248e-04,2.9065594002e-03,-2.0163217155e-03,6.3175119611e-04,1.0000000000e-03,2.0000000000e+00,1.0000000000e+00,5.0000000000e-01,1.0000000000e+00,3.9062500000e-03
3.8599068987e+00,-2.5077530151e-03,-4.7323781404e-04,2.9146969762e-03,-2.0215256508e-03,6.3693734667e-04,1.0000000000e-03,2.0000000000e+00,1.0000000000e+00,5.0000000000e-01,1.0000000000e+00,3.9062500000e-03
3.8616347002e+00,-2.5116476343e-03,-4.6711803833e-04,2.9220740522e-03,-2.0252525264e-03,6.4154290320e-04,1.0000000000e-03,2.0000000000e+00,1.0000000000e+00,5.0000000000e-01,1.0000000000e+00,3.9062500000e-03
3.8633625017e+00,-2.5140110932e-03,-4.6065150648e-04,2.9286782333e-03,-2.0275023247e-03,6.4559180985e-04,1.0000000000e-03,2.0000000000e+00,1.0000000000e+00,5.0000000000e-01,1.0000000000e+00,3.9062500000e-03
3.8650903032e+00,-2.5147726403e-03,-4.5385115496e-04,2.9344957175e-03,-2.0282823887e-03,6.4911024351e-04,1.0000000000e-03,2.0000000000e+00,1.0000000000e+00,5.0000000000e-01,1.0000000000e+00,3.9062500000e-03
3.8668181047e+00,-2.5150860815e-03,-4.4672682490e-04,2.9395144268e-03,-2.0275416241e-03,6.5213761173e-04,1.0000000000e-03,2.0000000000e+00,1.0000000000e+00,5.0000000000e-01,1.0000000000e+00,3.9062500000e-03
3.8685459062e+00,-2.5150282200e-03,-4.3928465289e-04,2.9437285420e-03,-2.0253990313e-03,6.5468975710e-04,1.0000000000e-03,2.0000000000e+00,1.0000000000e+00,5.0000000000e-01,1.0000000000e+00,3.9062500000e-03
3.8702737076e+00,-2.5145317984e-03,-4.3152785326e-04,2.9471506685e-03,-2.0217812132e-03,6.5639704842e-04,1.0000000000e-03,2.0000000000e+00,1.0000000000e+00,5.0000000000e-01,1.0000000000e+00,3.9062500000e-03
3.8720015091e+00,-2.5126793812e-03,-4.2345692886e-04,2.9498677068e-03,-2.0167313283e-03,6.5736021473e-04,1.0000000000e-03,2.0000000000e+00,1.0000000000e+00,5.0000000000e-01,1.0000000000e+00,3.9062500000e-03
3.8737293106e+00,-2.5097163920e-03,-4.1505879673e-04,2.9515853252e-03,-2.0102808367e-03,6.5803803244e-04,1.0000000000e-03,2.0000000000e+00,1.0000000000e+00,5.0000000000e-01,1.0000000000e+00,3.9062500000e-03
3.8754571121e+00,-2.5056042071e-03,-4.0632447354e-04,2.9516805714e-03,-2.0024505573e-03,6.5871270290e-04,1.0000000000e-03,2.0000000000e+00,1.0000000000e+00,5.0000000000e-01,1.0000000000e+00,3.9062500000e-03
3.8771849136e+00,-2.5002801021e-03,-3.9725424421e-04,2.9505400475e-03,-1.9932616273e-03,6.5929350314e-04,1.0000000000e-03,2.0000000000e+00,1.0000000000e+00,5.0000000000e-01,1.0000000000e+00,3.9062500000e-03
3.8789127150e+00,-2.4936936037e-03,-3.8785292793e-04,2.9485345085e-03,-1.9827365161e-03,6.5972633136e-04,1.0000000000e-03,2.0000000000e+00,1.0000000000e+00,5.0000000000e-01,1.0000000000e+00,3.9062500000e-03
3.8806405165e+00,-2.4858399838e-03,-3.7816031019e-04,2.9455343452e-03,-1.9709119795e-03,6.5997394491e-04,1.0000000000e-03,2.0000000000e+00,1.0000000000e+00,5.0000000000e-01,1.0000000000e+00,3.9062500000e-03
3.8823683180e+00,-2.4767323853e-03,-3.6821703109e-04,2.9414781213e-03,-1.9578361905e-03,6.6000792891e-04,1.0000000000e-03,2.0000000000e+00,1.0000000000e+00,5.0000000000e-01,1.0000000000e+00,3.9062500000e-03
3.8840961194e+00,-2.4663717418e-03,-3.5804822964e-04,2.9363181303e-03,-1.9435622460e-03,6.5980500331e-04,1.0000000000e-03,2.0000000000e+00,1.0000000000e+00,5.0000000000e-01,1.0000000000e+00,3.9062500000e-03
3.8858239209e+00,-2.4547540672e-03,-3.4766837792e-04,2.9300093062e-03,-1.9281449158e-03,6.5934535510e-04,1.0000000000e-03,2.0000000000e+00,1.0000000000e+00,5.0000000000e-01,1.0000000000e+00,3.9062500000e-03
3.8875517223e+00,-2.4418735400e-03,-3.3708493257e-04,2.9225065628e-03,-1.9116391333e-03,6.5861203431e-04,1.0000000000e-03,2.0000000000e+00,1.0000000000e+00,5.0000000000e-01,1.0000000000e+00,3.9062500000e-03
3.8892795238e+00,-2.4277241937e-03,-3.2630116088e-04,2.9137643140e-03,-1.8940993222e-03,6.5759092574e-04,1.0000000000e-03,2.0000000000e+00,1.0000000000e+00,5.0000000000e-01,1.0000000000e+00,3.9062500000e-03
3.8910073252e+00,-2.4123010253e-03,-3.1531832829e-04,2.9037366707e-03,-1.8755790851e-03,6.5627102971e-04,1.0000000000e-03,2.0000000000e+00,1.0000000000e+00,5.0000000000e-01,1.0000000000e+00,3.9062500000e-03
3.8927351267e+00,-2.3956008039e-03,-3.0413736859e-04,2.8923778559e-03,-1.8561310543e-03,6.5464492057e-04,1.0000000000e-03,2.0000000000e+00,1.0000000000e+00,5.0000000000e-01,1.0000000000e+00,3.9062500000e-03
3.8944629282e+00,-2.3776226833e-03,-2.9276012804e-04,2.8796426781e-03,-1.8358068280e-03,6.5260760008e-04,1.0000000000e-03,2.0000000000e+00,1.0000000000e+00,5.0000000000e-01,1.0000000000e+00,3.9062500000e-03
3.8961907297e+00,-2.3583686603e-03,-2.8119025710e-04,2.8654869997e-03,-1.8146569653e-03,6.4980728039e-04,1.0000000000e-03,2.0000000000e+00,1.0000000000e+00,5.0000000000e-01,1.0000000000e+00,3.9062500000e-03
3.8979185312e+00,-2.3378438917e-03,-2.6943381193e-04,2.8498681798e-03,-1.7927310313e-03,6.4633653435e-04,1.0000000000e-03,2.0000000000e+00,1.0000000000e+00,5.0000000000e-01,1.0000000000e+00,3.9062500000e-03
3.8996463327e+00,-2.3160568762e-03,-2.5749961751e-04,2.8327454826e-03,-1.7700776837e-03,6.4227029890e-04,1.0000000000e-03,2.0000000000e+00,1.0000000000e+00,5.0000000000e-01,1.0000000000e+00,3.9062500000e-03
3.9013741342e+00,-2.2930195060e-03,-2.4539943617e-04,2.8140804525e-03,-1.7467447871e-03,6.3767239576e-04,1.0000000000e-03,2.0000000000e+00,1.0000000000e+00,5.0000000000e-01,1.0000000000e+00,3.9062500000e-03
3.9031019357e+00,-2.2687469946e-03,-2.3314797819e-04,2.7938372568e-03,-1.7227795387e-03,6.3259960587e-04,1.0000000000e-03,2.0000000000e+00,1.0000000000e+00,5.0000000000e-01,1.0000000000e+00,3.9062500000e-03
3.9048297372e+00,-2.2432576907e-03,-2.2076278558e-04,2.7719829999e-03,-1.6982285855e-03,6.2710380089e-04,1.0000000000e-03,2.0000000000e+00,1.0000000000e+00,5.0000000000e-01,1.0000000000e+00,3.9062500000e-03
3.9065575387e+00,-2.2165727932e-03,-2.0826401536e-04,2.7484880071e-03,-1.6731381156e-03,6.2123285973e-04,1.0000000000e-03,2.0000000000e+00,1.0000000000e+00,5.0000000000e-01,1.0000000000e+00,3.9062500000e-03
3.9082853402e+00,-2.1887159829e-03,-1.9567414531e-04,2.7233260800e-03,-1.6475539060e-03,6.1503096099e-04,1.0000000000e-03,2.0000000000e+00,1.0000000000e+00,5.0000000000e-01,1.0000000000e+00,3.9062500000e-03
3.9100131417e+00,-2.1597129916e-03,-1.8301762197e-04,2.6964747214e-03,-1.6215213173e-03,6.0853863508e-04,1.0000000000e-03,2.0000000000e+00,1.0000000000e+00,5.0000000000e-01,1.0000000000e+00,3.9062500000e-03
3.9117409432e+00,-2.1295911284e-03,-1.7032046849e-04,2.6679153262e-03,-1.5950852301e-03,6.0179278785e-04,1.0000000000e-03,2.0000000000e+00,1.0000000000e+00,5.0000000000e-01,1.0000000000e+00,3.9062500000e-03
3.9134687447e+00,-2.0983787837e-03,-1.5760986745e-04,2.6376333361e-03,-1.5682898348e-03,5.9482679107e-04,1.0000000000e-03,2.0000000000e+00,1.0000000000e+00,5.0000000000e-01,1.0000000000e+00,3.9062500000e-03
3.9151965462e+00,-2.0661049348e-03,-1.4491373183e-04,2.6056183559e-03,-1.5411780561e-03,5.8767066632e-04,1.0000000000e-03,2.0000000000e+00,1.0000000000e+00,5.0000000000e-01,1.0000000000e+00,3.9062500000e-03
3.9169243477e+00,-2.0327986702e-03,-1.3226027499e-04,2.5718642273e-03,-1.5137915939e-03,5.8035135218e-04,1.0000000000e-03,2.0000000000e+00,1.0000000000e+00,5.0000000000e-01,1.0000000000e+00,3.9062500000e-03
3.9186521492e+00,-1.9984887516e-03,-1.1967758829e-04,2.5363690608e-03,-1.4861723557e-03,5.7289302895e-04,1.0000000000e-03,2.0000000000e+00,1.0000000000e+00,5.0000000000e-01,1.0000000000e+00,3.9062500000e-03
3.9203799507e+00,-1.9632032229e-03,-1.0719323287e-04,2.4991352249e-03,-1.4583623713e-03,5.6531747112e-04,1.0000000000e-03,2.0000000000e+00,1.0000000000e+00,5.0000000000e-01,1.0000000000e+00,3.9062500000e-03
3.9221077522e+00,-1.9269690800e-03,-9.4833849240e-05,2.4601692941e-03,-1.4304029317e-03,5.5764439996e-04,1.0000000000e-03,2.0000000000e+00,1.0000000000e+00,5.0000000000e-01,1.0000000000e+00,3.9062500000e-03
3.9238355537e+00,-1.8898120036e-03,-8.2624785716e-05,2.4194819586e-03,-1.4023334494e-03,5.4989181414e-04,1.0000000000e-03,2.0000000000e+00,1.0000000000e+00,5.0000000000e-01,1.0000000000e+00,3.9062500000e-03
3.9255633553e+00,-1.8517561576e-03,-7.0589743914e-05,2.3770879001e-03,-1.3741903555e-03,5.4207628234e-04,1.0000000000e-03,2.0000000000e+00,1.0000000000e+00,5.0000000000e-01,1.0000000000e+00,3.9062500000e-03
3.9272911568e+00,-1.8128240453e-03,-5.8843362502e-05,2.3330056387e-03,-1.3460062103e-03,5.3421318851e-04,1.0000000000e-03,2.0000000000e+00,1.0000000000e+00,5.0000000000e-01,1.0000000000e+00,3.9062500000e-03
3.9290189584e+00,-1.7730364190e-03,-4.7403931184e-05,2.2872573560e-03,-1.3178091062e-03,5.2631692555e-04,1.0000000000e-03,2.0000000000e+00,1.0000000000e+00,5.0000000000e-01,1.0000000000e+00,3.9062500000e-03
3.9307467599e+00,-1.7324122353e-03,-3.6251691412e-05,2.2398687021e-03,-1.2896223736e-03,5.1840103799e-04,1.0000000000e-03,2.0000000000e+00,1.0000000000e+00,5.0000000000e-01,1.0000000000e+00,3.9062500000e-03
3.9324745614e+00,-1.6909686526e-03,-2.5378460904e-05,2.1908685910e-03,-1.2614645577e-03,5.1047831751e-04,1.0000000000e-03,2.0000000000e+00,1.0000000000e+00,5.0000000000e-01,1.0000000000e+00,3.9062500000e-03
3.9342023630e+00,-1.6487210686e-03,-1.4784217735e-05,2.1402889908e-03,-1.2333496193e-03,5.0256085706e-04,1.0000000000e-03,2.0000000000e+00,1.0000000000e+00,5.0000000000e-01,1.0000000000e+00,3.9062500000e-03
3.9359301645e+00,-1.6056767998e-03,-4.4743379982e-06,2.0881647136e-03,-1.2052873112e-03,4.9466007102e-04,1.0000000000e-03,2.0000000000e+00,1.0000000000e+00,5.0000000000e-01,1.0000000000e+00,3.9062500000e-03
3.9376579661e+00,-1.5618297471e-03,5.5425982656e-06,2.0345332084e-03,-1.1772836593e-03,4.8678668854e-04,1.0000000000e-03,2.0000000000e+00,1.0000000000e+00,5.0000000000e-01,1.0000000000e+00,3.9062500000e-03
3.9393857676e+00,-1.5171833514e-03,1.5256522447e-05,1.9794343603e-03,-1.1493414773e-03,4.7895072722e-04,1.0000000000e-03,2.0000000000e+00,1.0000000000e+00,5.0000000000e-01,1.0000000000e+00,3.9062500000e-03
3.9411135692e+00,-1.4717477402e-03,2.4657197316e-05,1.9229102963e-03,-1.1214608574e-03,4.7116145304e-04,1.0000000000e-03,2.0000000000e+00,1.0000000000e+00,5.0000000000e-01,1.0000000000e+00,3.9062500000e-03
3.9428413707e+00,-1.4255374546e-03,3.3735213935e-05,1.8650051961e-03,-1.0936395928e-03,4.6342733161e-04,1.0000000000e-03,2.0000000000e+00,1.0000000000e+00,5.0000000000e-01,1.0000000000e+00,3.9062500000e-03
3.9445691722e+00,-1.3785696971e-03,4.2482726128e-05,1.8057651043e-03,-1.0658735121e-03,4.5575597417e-04,1.0000000000e-03,2.0000000000e+00,1.0000000000e+00,5.0000000000e-01,1.0000000000e+00,3.9062500000e-03
3.9462969738e+00,-1.3308630268e-03,5.0893972242e-05,1.7452377345e-03,-1.0381567168e-03,4.4815408074e-04,1.0000000000e-03,2.0000000000e+00,1.0000000000e+00,5.0000000000e-01,1.0000000000e+00,3.9062500000e-03
3.9480247753e+00,-1.2824364210e-03,5.8965624696e-05,1.6834722501e-03,-1.0104817298e-03,4.4062738166e-04,1.0000000000e-03,2.0000000000e+00,1.0000000000e+00,5.0000000000e-01,1.0000000000e+00,3.9062500000e-03
3.9497525768e+00,-1.2333086373e-03,6.6697000581e-05,1.6205189905e-03,-9.8283956763e-04,4.3318057802e-04,1.0000000000e-03,2.0000000000e+00,1.0000000000e+00,5.0000000000e-01,1.0000000000e+00,3.9062500000e-03
3.9514803782e+00,-1.1834978267e-03,7.4090160573e-05,1.5564290854e-03,-9.5521975577e-04,4.2581728122e-04,1.0000000000e-03,2.0000000000e+00,1.0000000000e+00,5.0000000000e-01,1.0000000000e+00,3.9062500000e-03
3.9532081797e+00,-1.1330213556e-03,8.1149919309e-05,1.4912538366e-03,-9.2761030836e-04,4.1853995205e-04,1.0000000000e-03,2.0000000000e+00,1.0000000000e+00,5.0000000000e-01,1.0000000000e+00,3.9062500000e-03
3.9549359811e+00,-1.0818957991e-03,8.7883786154e-05,1.4250648597e-03,-8.9999769190e-04,4.1134984047e-04,1.0000000000e-03,2.0000000000e+00,1.0000000000e+00,5.0000000000e-01,1.0000000000e+00,3.9062500000e-03
3.9566637825e+00,-1.0301370749e-03,9.4301851926e-05,1.3580564652e-03,-8.7236679187e-04,4.0424692798e-04,1.0000000000e-03,2.0000000000e+00,1.0000000000e+00,5.0000000000e-01,1.0000000000e+00,3.9062500000e-03
3.9583915839e+00,-9.7776068682e-04,1.0041663826e-04,1.2902416521e-03,-8.4470089571e-04,3.9726104189e-04,1.0000000000e-03,2.0000000000e+00,1.0000000000e+00,5.0000000000e-01,1.0000000000e+00,3.9062500000e-03
3.9601193852e+00,-9.2478205159e-04,1.0624292142e-04,1.2216406389e-03,-8.1698170620e-04,3.9037950040e-04,1.0000000000e-03,2.0000000000e+00,1.0000000000e+00,5.0000000000e-01,1.0000000000e+00,3.9062500000e-03
3.9618471866e+00,-8.7121688146e-04,1.1179753653e-04,1.1522811684e-03,-7.8918939091e-04,3.8357246042e-04,1.0000000000e-03,2.0000000000e+00,1.0000000000e+00,5.0000000000e-01,1.0000000000e+00,3.9062500000e-03
3.9635749879e+00,-8.1708160135e-04,1.1709917159e-04,1.0821983581e-03,-7.6130267203e-04,3.7682208226e-04,1.0000000000e-03,2.0000000000e+00,1.0000000000e+00,5.0000000000e-01,1.0000000000e+00,3.9062500000e-03
3.9653027893e+00,-7.6239377808e-04,1.2216815765e-04,1.0114341494e-03,-7.3329895889e-04,3.7011796911e-04,1.0000000000e-03,2.0000000000e+00,1.0000000000e+00,5.0000000000e-01,1.0000000000e+00,3.9062500000e-03
3.9670305907e+00,-7.0717254668e-04,1.2702625656e-04,9.4003645498e-04,-7.0515451389e-04,3.6345388994e-04,1.0000000000e-03,2.0000000000e+00,1.0000000000e+00,5.0000000000e-01,1.0000000000e+00,3.9062500000e-03
3.9687583921e+00,-6.5143902829e-04,1.3169644732e-04,8.6805806778e-04,-6.7684466278e-04,3.5682544052e-04,1.0000000000e-03,2.0000000000e+00,1.0000000000e+00,5.0000000000e-01,1.0000000000e+00,3.9062500000e-03
3.9704861935e+00,-5.9521682322e-04,1.3620270980e-04,7.9555523868e-04,-6.4834402950e-04,3.5022837912e-04,1.0000000000e-03,2.0000000000e+00,1.0000000000e+00,5.0000000000e-01,1.0000000000e+00,3.9062500000e-03
3.9722139948e+00,-5.3853685663e-04,1.4056980326e-04,7.2250211213e-04,-6.1962676331e-04,3.4365745056e-04,1.0000000000e-03,2.0000000000e+00,1.0000000000e+00,5.0000000000e-01,1.0000000000e+00,3.9062500000e-03
3.9739417962e+00,-4.8142139293e-04,1.4482303686e-04,6.4879637871e-04,-5.9066697428e-04,3.3710557316e-04,1.0000000000e-03,2.0000000000e+00,1.0000000000e+00,5.0000000000e-01,1.0000000000e+00,3.9062500000e-03
3.9756695975e+00,-4.2389279330e-04,1.4898803001e-04,5.7470068884e-04,-5.6143938747e-04,3.3056330606e-04,1.0000000000e-03,2.0000000000e+00,1.0000000000e+00,5.0000000000e-01,1.0000000000e+00,3.9062500000e-03
3.9773973988e+00,-3.6597871380e-04,1.5309046253e-04,5.0034375919e-04,-5.3192029788e-04,3.2401854231e-04,1.0000000000e-03,2.0000000000e+00,1.0000000000e+00,5.0000000000e-01,1.0000000000e+00,3.9062500000e-03
3.9791252001e+00,-3.0771131447e-04,1.5715581788e-04,4.2582561945e-04,-5.0209149571e-04,3.1745638923e-04,1.0000000000e-03,2.0000000000e+00,1.0000000000e+00,5.0000000000e-01,1.0000000000e+00,3.9062500000e-03
3.9808530013e+00,-2.4912729086e-04,1.6120912477e-04,3.5125721357e-04,-4.7195654628e-04,3.1085920848e-04,1.0000000000e-03,2.0000000000e+00,1.0000000000e+00,5.0000000000e-01,1.0000000000e+00,3.9062500000e-03
3.9825808025e+00,-1.9026826860e-04,1.6527470057e-04,2.7671745642e-04,-4.4158753917e-04,3.0420679767e-04,1.0000000000e-03,2.0000000000e+00,1.0000000000e+00,5.0000000000e-01,1.0000000000e+00,3.9062500000e-03
3.9843086038e+00,-1.3118069548e-04,1.6937588413e-04,2.0227604633e-04,-4.1045400871e-04,2.9747669352e-04,1.0000000000e-03,2.0000000000e+00,1.0000000000e+00,5.0000000000e-01,1.0000000000e+00,3.9062500000e-03
3.9860364050e+00,-7.1915134013e-05,1.7353481468e-04,1.2799522123e-04,-3.7871243903e-04,2.9064451125e-04,1.0000000000e-03,2.0000000000e+00,1.0000000000e+00,5.0000000000e-01,1.0000000000e+00,3.9062500000e-03
3.9877642063e+00,-1.2525356236e-05,1.7777248331e-04,5.3930766543e-05,-3.4653552917e-04,2.8368400057e-04,1.0000000000e-03,2.0000000000e+00,1.0000000000e+00,5.0000000000e-01,1.0000000000e+00,3.9062500000e-03
3.9894920075e+00,4.6932863609e-05,1.8210933306e-04,-1.9866200271e-05,-3.1427812513e-04,2.7657134138e-04,1.0000000000e-03,2.0000000000e+00,1.0000000000e+00,5.0000000000e-01,1.0000000000e+00,3.9062500000e-03
3.9912198088e+00,1.0640412417e-04,1.8656659908e-04,-9.3348717800e-05,-2.8187467455e-04,2.6929424315e-04,1.0000000000e-03,2.0000000000e+00,1.0000000000e+00,5.0000000000e-01,1.0000000000e+00,3.9062500000e-03
3.9929476101e+00,1.6584120046e-04,1.9116638245e-04,-1.6647352966e-04,-2.4865280186e-04,2.6187048248e-04,1.0000000000e-03,2.0000000000e+00,1.0000000000e+00,5.0000000000e-01,1.0000000000e+00,3.9062500000e-03
3.9946754113e+00,2.2526890713e-04,1.9592480274e-04,-2.3920308754e-04,-2.1487444349e-04,2.5430800263e-04,1.0000000000e-03,2.0000000000e+00,1.0000000000e+00,5.0000000000e-01,1.0000000000e+00,3.9062500000e-03
3.9964032126e+00,2.8423157277e-04,2.0098630989e-04,-3.1152131533e-04,-1.8063819260e-04,2.4605597493e-04,1.0000000000e-03,2.0000000000e+00,1.0000000000e+00,5.0000000000e-01,1.0000000000e+00,3.9062500000e-03
3.9981310139e+00,3.4287843778e-04,2.0635792590e-04,-3.8337785501e-04,-1.4584569630e-04,2.3718018868e-04,1.0000000000e-03,2.0000000000e+00,1.0000000000e+00,5.0000000000e-01,1.0000000000e+00,3.9062500000e-03
3.9998588151e+00,4.0129003091e-04,2.1151583229e-04,-4.5467297897e-04,-1.1049172049e-04,2.2814095930e-04,1.0000000000e-03,2.0000000000e+00,1.0000000000e+00,5.0000000000e-01,1.0000000000e+00,3.9062500000e-03
4.0015866164e+00,4.5936198380e-04,2.1647033038e-04,-5.2533266224e-04,-7.4603137614e-05,2.1913310794e-04,1.0000000000e-03,2.0000000000e+00,1.0000000000e+00,5.0000000000e-01,1.0000000000e+00,3.9062500000e-03
4.0033144176e+00,5.1701819344e-04,2.2147950753e-04,-5.9530187950e-04,-3.8182415454e-05,2.0997673517e-04,1.0000000000e-03,2.0000000000e+00,1.0000000000e+00,5.0000000000e-01,1.0000000000e+00,3.9062500000e-03
4.0050422189e+00,5.7421440107e-04,2.2670409614e-04,-6.6454052651e-04,-1.2368243066e-06,2.0034856746e-04,1.0000000000e-03,2.0000000000e+00,1.0000000000e+00,5.0000000000e-01,1.0000000000e+00,3.9062500000e-03
4.0067700202e+00,6.3104187271e-04,2.3211150789e-04,-7.3294248668e-04,3.6227924352e-05,1.9011761303e-04,1.0000000000e-03,2.0000000000e+00,1.0000000000e+00,5.0000000000e-01,1.0000000000e+00,3.9062500000e-03
4.0084978216e+00,6.8743071103e-04,2.3769195672e-04,-8.0043515245e-04,7.4206083578e-05,1.7936448126e-04,1.0000000000e-03,2.0000000000e+00,1.0000000000e+00,5.0000000000e-01,1.0000000000e+00,3.9062500000e-03
4.0102256230e+00,7.4331486374e-04,2.4344087845e-04,-8.6705052200e-04,1.1268839687e-04,1.6813481671e-04,1.0000000000e-03,2.0000000000e+00,1.0000000000e+00,5.0000000000e-01,1.0000000000e+00,3.9062500000e-03
4.0119534245e+00,7.9863279586e-04,2.4935432145e-04,-9.3280516084e-04,1.5166156728e-04,1.5645939479e-04,1.0000000000e-03,2.0000000000e+00,1.0000000000e+00,5.0000000000e-01,1.0000000000e+00,3.9062500000e-03
4.0136812260e+00,8.5332763363e-04,2.5542739470e-04,-9.9770372024e-04,1.9110873594e-04,1.4436178965e-04,1.0000000000e-03,2.0000000000e+00,1.0000000000e+00,5.0000000000e-01,1.0000000000e+00,3.9062500000e-03
4.0154090275e+00,9.0734708125e-04,2.6165370722e-04,-1.0617414305e-03,2.3101025662e-04,1.3186182536e-04,1.0000000000e-03,2.0000000000e+00,1.0000000000e+00,5.0000000000e-01,1.0000000000e+00,3.9062500000e-03
4.0171368290e+00,9.6064325039e-04,2.6802520355e-04,-1.1249060405e-03,2.7134446654e-04,1.1897739748e-04,1.0000000000e-03,2.0000000000e+00,1.0000000000e+00,5.0000000000e-01,1.0000000000e+00,3.9062500000e-03
4.0188646305e+00,1.0131724689e-03,2.7453218181e-04,-1.1871794392e-03,3.1208832030e-04,1.0572557181e-04,1.0000000000e-03,2.0000000000e+00,1.0000000000e+00,5.0000000000e-01,1.0000000000e+00,3.9062500000e-03
4.0205924320e+00,1.0648950982e-03,2.8116340357e-04,-1.2485390721e-03,3.5321783407e-04,9.2123302632e-05,1.0000000000e-03,2.0000000000e+00,1.0000000000e+00,5.0000000000e-01,1.0000000000e+00,3.9062500000e-03
4.0223202334e+00,1.1157753698e-03,2.8790625147e-04,-1.3089592001e-03,3.9470832942e-04,7.8187881692e-05,1.0000000000e-03,2.0000000000e+00,1.0000000000e+00,5.0000000000e-01,1.0000000000e+00,3.9062500000e-03
4.0240480348e+00,1.1657812404e-03,2.9474691025e-04,-1.3684120234e-03,4.3653448964e-04,6.3937192895e-05,1.0000000000e-03,2.0000000000e+00,1.0000000000e+00,5.0000000000e-01,1.0000000000e+00,3.9062500000e-03
4.0257758361e+00,1.2148842613e-03,3.0167055691e-04,-1.4268686762e-03,4.7867025428e-04,4.9389781010e-05,1.0000000000e-03,2.0000000000e+00,1.0000000000e+00,5.0000000000e-01,1.0000000000e+00,3.9062500000e-03
4.0275036374e+00,1.2630594557e-03,3.0866155215e-04,-1.4843000980e-03,5.2108858451e-04,3.4564760168e-05,1.0000000000e-03,2.0000000000e+00,1.0000000000e+00,5.0000000000e-01,1.0000000000e+00,3.9062500000e-03
4.0292314387e+00,1.3102851984e-03,3.1570362887e-04,-1.5406777865e-03,5.6376113535e-04,1.9481585050e-05,1.0000000000e-03,2.0000000000e+00,1.0000000000e+00,5.0000000000e-01,1.0000000000e+00,3.9062500000e-03
4.0309592400e+00,1.3565430907e-03,3.2278007492e-04,-1.5959744362e-03,6.0665787114e-04,4.1597174189e-06,1.0000000000e-03,2.0000000000e+00,1.0000000000e+00,5.0000000000e-01,1.0000000000e+00,3.9062500000e-03
4.0326870413e+00,1.4018178281e-03,3.2987390765e-04,-1.6501644705e-03,6.4974666011e-04,-1.1381770727e-05,1.0000000000e-03,2.0000000000e+00,1.0000000000e+00,5.0000000000e-01,1.0000000000e+00,3.9062500000e-03
4.0344148426e+00,1.4460970578e-03,3.3696803750e-04,-1.7032244737e-03,6.9299288188e-04,-2.7124610008e-05,1.0000000000e-03,2.0000000000e+00,1.0000000000e+00,5.0000000000e-01,1.0000000000e+00,3.9062500000e-03
4.0361426440e+00,1.4893712231e-03,3.4404541750e-04,-1.7551335300e-03,7.3635907875e-04,-4.3051713039e-05,1.0000000000e-03,2.0000000000e+00,1.0000000000e+00,5.0000000000e-01,1.0000000000e+00,3.9062500000e-03
4.0378704455e+00,1.5316333958e-03,3.5108917512e-04,-1.8058734764e-03,7.7980467657e-04,-5.9147474448e-05,1.0000000000e-03,2.0000000000e+00,1.0000000000e+00,5.0000000000e-01,1.0000000000e+00,3.9062500000e-03
4.0395982469e+00,1.5728790953e-03,3.5808272324e-04,-1.8554290762e-03,8.2328579724e-04,-7.5397955173e-05,1.0000000000e-03,2.0000000000e+00,1.0000000000e+00,5.0000000000e-01,1.0000000000e+00,3.9062500000e-03
4.0413260484e+00,1.6131060972e-03,3.6500984723e-04,-1.9037881203e-03,8.6675517859e-04,-9.1790928264e-05,1.0000000000e-03,2.0000000000e+00,1.0000000000e+00,5.0000000000e-01,1.0000000000e+00,3.9062500000e-03
4.0430538499e+00,1.6523142293e-03,3.7185476566e-04,-1.9509414620e-03,9.1016221133e-04,-1.0831577902e-04,1.0000000000e-03,2.0000000000e+00,1.0000000000e+00,5.0000000000e-01,1.0000000000e+00,3.9062500000e-03
4.0447816514e+00,1.6905051582e-03,3.7860216366e-04,-1.9968829946e-03,9.5345309559e-04,-1.2496326701e-04,1.0000000000e-03,2.0000000000e+00,1.0000000000e+00,5.0000000000e-01,1.0000000000e+00,3.9062500000e-03
4.0465094529e+00,1.7276821655e-03,3.8523719843e-04,-2.0416095762e-03,9.9657111127e-04,-1.4172516895e-04,1.0000000000e-03,2.0000000000e+00,1.0000000000e+00,5.0000000000e-01,1.0000000000e+00,3.9062500000e-03
4.0482372545e+00,1.7638499148e-03,3.9174547836e-04,-2.0851209120e-03,1.0394569948e-03,-1.5859382878e-04,1.0000000000e-03,2.0000000000e+00,1.0000000000e+00,5.0000000000e-01,1.0000000000e+00,3.9062500000e-03
4.0499650560e+00,1.7990142069e-03,3.9811301769e-04,-2.1274193998e-03,1.0820494149e-03,-1.7556164390e-04,1.0000000000e-03,2.0000000000e+00,1.0000000000e+00,5.0000000000e-01,1.0000000000e+00,3.9062500000e-03
4.0516928576e+00,1.8330751132e-03,4.0432617020e-04,-2.1685099463e-03,1.1242856460e-03,-1.9262051652e-04,1.0000000000e-03,2.0000000000e+00,1.0000000000e+00,5.0000000000e-01,1.0000000000e+00,3.9062500000e-03
4.0534206592e+00,1.8660508773e-03,4.1037154587e-04,-2.2083997635e-03,1.1661023437e-03,-2.0976129695e-04,1.0000000000e-03,2.0000000000e+00,1.0000000000e+00,5.0000000000e-01,1.0000000000e+00,3.9062500000e-03
4.0551484609e+00,1.8980096815e-03,4.1623591457e-04,-2.2470981472e-03,1.2074359980e-03,-2.2697324147e-04,1.0000000000e-03,2.0000000000e+00,1.0000000000e+00,5.0000000000e-01,1.0000000000e+00,3.9062500000e-03
4.0568762626e+00,1.9290087021e-03,4.2190610149e-04,-2.2846162486e-03,1.2482232217e-03,-2.4424350623e-04,1.0000000000e-03,2.0000000000e+00,1.0000000000e+00,5.0000000000e-01,1.0000000000e+00,3.9062500000e-03
4.0586040643e+00,1.9590950514e-03,4.2736887767e-04,-2.3209668414e-03,1.2884010888e-03,-2.6155669387e-04,1.0000000000e-03,2.0000000000e+00,1.0000000000e+00,5.0000000000e-01,1.0000000000e+00,3.9062500000e-03
4.0603318661e+00,1.9883068264e-03,4.3261084795e-04,-2.3561640886e-03,1.3279075906e-03,-2.7889446792e-04,1.0000000000e-03,2.0000000000e+00,1.0000000000e+00,5.0000000000e-01,1.0000000000e+00,3.9062500000e-03
4.0620596679e+00,2.0166741572e-03,4.3761833673e-04,-2.3902233144e-03,1.3666821938e-03,-2.9623524754e-04,1.0000000000e-03,2.0000000000e+00,1.0000000000e+00,5.0000000000e-01,1.0000000000e+00,3.9062500000e-03
4.0637874697e+00,2.0442201966e-03,4.4237726858e-04,-2.4231607821e-03,1.4046664457e-03,-3.1355399342e-04,1.0000000000e-03,2.0000000000e+00,1.0000000000e+00,5.0000000000e-01,1.0000000000e+00,3.9062500000e-03
4.0655152714e+00,2.0709620317e-03,4.4687303647e-04,-2.4549934800e-03,1.4418045629e-03,-3.3082209395e-04,1.0000000000e-03,2.0000000000e+00,1.0000000000e+00,5.0000000000e-01,1.0000000000e+00,3.9062500000e-03
4.0672430730e+00,2.0969115275e-03,4.5109034298e-04,-2.4857389165e-03,1.4780439434e-03,-3.4800735969e-04,1.0000000000e-03,2.0000000000e+00,1.0000000000e+00,5.0000000000e-01,1.0000000000e+00,3.9062500000e-03
4.0689708746e+00,2.1220760922e-03,4.5515249478e-04,-2.5154651447e-03,1.5133355595e-03,-3.6507413297e-04,1.0000000000e-03,2.0000000000e+00,1.0000000000e+00,5.0000000000e-01,1.0000000000e+00,3.9062500000e-03
4.0706986761e+00,2.1464593559e-03,4.5911216506e-04,-2.5442101718e-03,1.5476342059e-03,-3.8198351902e-04,1.0000000000e-03,2.0000000000e+00,1.0000000000e+00,5.0000000000e-01,1.0000000000e+00,3.9062500000e-03
4.0724264775e+00,2.1700617601e-03,4.6293147637e-04,-2.5719604052e-03,1.5808985949e-03,-3.9869374317e-04,1.0000000000e-03,2.0000000000e+00,1.0000000000e+00,5.0000000000e-01,1.0000000000e+00,3.9062500000e-03
4.0741542788e+00,2.1928810641e-03,4.6657707263e-04,-2.5987090409e-03,1.6130913031e-03,-4.1516063569e-04,1.0000000000e-03,2.0000000000e+00,1.0000000000e+00,5.0000000000e-01,1.0000000000e+00,3.9062500000e-03
4.0758820801e+00,2.2149127757e-03,4.7001918528e-04,-2.6244551933e-03,1.6441785903e-03,-4.3133824201e-04,1.0000000000e-03,2.0000000000e+00,1.0000000000e+00,5.0000000000e-01,1.0000000000e+00,3.9062500000e-03
4.0776098814e+00,2.2361505157e-03,4.7323097342e-04,-2.6492029744e-03,1.6741301126e-03,-4.4717954862e-04,1.0000000000e-03,2.0000000000e+00,1.0000000000e+00,5.0000000000e-01,1.0000000000e+00,3.9062500000e-03
4.0793376827e+00,2.2565863234e-03,4.7618807330e-04,-2.6729605684e-03,1.7029185604e-03,-4.6263730599e-04,1.0000000000e-03,2.0000000000e+00,1.0000000000e+00,5.0000000000e-01,1.0000000000e+00,3.9062500000e-03
4.0810654842e+00,2.2762109149e-03,4.7886830387e-04,-2.6957393368e-03,1.7305192527e-03,-4.7766491934e-04,1.0000000000e-03,2.0000000000e+00,1.0000000000e+00,5.0000000000e-01,1.0000000000e+00,3.9062500000e-03
4.0827932858e+00,2.2950139013e-03,4.8125148624e-04,-2.7175529771e-03,1.7569097160e-03,-4.9221736266e-04,1.0000000000e-03,2.0000000000e+00,1.0000000000e+00,5.0000000000e-01,1.0000000000e+00,3.9062500000e-03
4.0845210874e+00,2.3129839735e-03,4.8331934637e-04,-2.7384167475e-03,1.7820692757e-03,-5.0625205019e-04,1.0000000000e-03,2.0000000000e+00,1.0000000000e+00,5.0000000000e-01,1.0000000000e+00,3.9062500000e-03
4.0862488891e+00,2.3301090621e-03,4.8505548315e-04,-2.7583467667e-03,1.8059786803e-03,-5.1968207584e-04,1.0000000000e-03,2.0000000000e+00,1.0000000000e+00,5.0000000000e-01,1.0000000000e+00,3.9062500000e-03
4.0879766908e+00,2.3463764760e-03,4.8644540182e-04,-2.7773593917e-03,1.8286197792e-03,-5.3246036516e-04,1.0000000000e-03,2.0000000000e+00,1.0000000000e+00,5.0000000000e-01,1.0000000000e+00,3.9062500000e-03
4.0897044924e+00,2.3617730290e-03,4.8747664613e-04,-2.7954706729e-03,1.8499752650e-03,-5.4457299867e-04,1.0000000000e-03,2.0000000000e+00,1.0000000000e+00,5.0000000000e-01,1.0000000000e+00,3.9062500000e-03
4.0914322939e+00,2.3762851574e-03,4.8813915512e-04,-2.8126958834e-03,1.8700284911e-03,-5.5602505286e-04,1.0000000000e-03,2.0000000000e+00,1.0000000000e+00,5.0000000000e-01,1.0000000000e+00,3.9062500000e-03
4.0931600952e+00,2.3898990353e-03,4.8842630907e-04,-2.8290491163e-03,1.8887633667e-03,-5.6683105460e-04,1.0000000000e-03,2.0000000000e+00,1.0000000000e+00,5.0000000000e-01,1.0000000000e+00,3.9062500000e-03
4.0948878964e+00,2.4026006949e-03,4.8833890602e-04,-2.8445429457e-03,1.9061643169e-03,-5.7700913168e-04,1.0000000000e-03,2.0000000000e+00,1.0000000000e+00,5.0000000000e-01,1.0000000000e+00,3.9062500000e-03
4.0966156975e+00,2.4143761582e-03,4.8791130844e-04,-2.8591881424e-03,1.9222163503e-03,-5.8657915536e-04,1.0000000000e-03,2.0000000000e+00,1.0000000000e+00,5.0000000000e-01,1.0000000000e+00,3.9062500000e-03
4.0983434985e+00,2.4252115762e-03,4.8634231460e-04,-2.8729934397e-03,1.9369053666e-03,-5.9555406225e-04,1.0000000000e-03,2.0000000000e+00,1.0000000000e+00,5.0000000000e-01,1.0000000000e+00,3.9062500000e-03
4.1000712995e+00,2.4350934833e-03,4.8398606961e-04,-2.8859653440e-03,1.9502185046e-03,-6.0392598020e-04,1.0000000000e-03,2.0000000000e+00,1.0000000000e+00,5.0000000000e-01,1.0000000000e+00,3.9062500000e-03
4.1017991004e+00,2.4440101102e-03,4.8105606958e-04,-2.8981079843e-03,1.9621442749e-03,-6.1169138642e-04,1.0000000000e-03,2.0000000000e+00,1.0000000000e+00,5.0000000000e-01,1.0000000000e+00,3.9062500000e-03
4.1035269014e+00,2.4519542910e-03,4.7751334919e-04,-2.9094229998e-03,1.9726725049e-03,-6.1885133333e-04,1.0000000000e-03,2.0000000000e+00,1.0000000000e+00,5.0000000000e-01,1.0000000000e+00,3.9062500000e-03
4.1052547024e+00,2.4589338438e-03,4.7342030130e-04,-2.9199094644e-03,1.9817942377e-03,-6.2541250092e-04,1.0000000000e-03,2.0000000000e+00,1.0000000000e+00,5.0000000000e-01,1.0000000000e+00,3.9062500000e-03
4.1069825033e+00,2.4649646113e-03,4.6882962724e-04,-2.9295638522e-03,1.9895017665e-03,-6.3138800059e-04,1.0000000000e-03,2.0000000000e+00,1.0000000000e+00,5.0000000000e-01,1.0000000000e+00,3.9062500000e-03
4.1087103043e+00,2.4699979832e-03,4.6377078495e-04,-2.9383800485e-03,1.9957888626e-03,-6.3679559030e-04,1.0000000000e-03,2.0000000000e+00,1.0000000000e+00,5.0000000000e-01,1.0000000000e+00,3.9062500000e-03
4.1104381052e+00,2.4738223829e-03,4.5827551596e-04,-2.9463493508e-03,2.0006511840e-03,-6.4165575175e-04,1.0000000000e-03,2.0000000000e+00,1.0000000000e+00,5.0000000000e-01,1.0000000000e+00,3.9062500000e-03
4.1121659060e+00,2.4761039171e-03,4.5236950719e-04,-2.9534604985e-03,2.0040868937e-03,-6.4599051197e-04,1.0000000000e-03,2.0000000000e+00,1.0000000000e+00,5.0000000000e-01,1.0000000000e+00,3.9062500000e-03
4.1138937068e+00,2.4767714879e-03,4.4607458865e-04,-2.9597004619e-03,2.0060977950e-03,-6.4982349726e-04,1.0000000000e-03,2.0000000000e+00,1.0000000000e+00,5.0000000000e-01,1.0000000000e+00,3.9062500000e-03
4.1156215075e+00,2.4770596822e-03,4.3940975616e-04,-2.9650573008e-03,2.0066950006e-03,-6.5318468981e-04,1.0000000000e-03,2.0000000000e+00,1.0000000000e+00,5.0000000000e-01,1.0000000000e+00,3.9062500000e-03
4.1173493083e+00,2.4769447887e-03,4.3239054628e-04,-2.9695246725e-03,2.0058448661e-03,-6.5614430193e-04,1.0000000000e-03,2.0000000000e+00,1.0000000000e+00,5.0000000000e-01,1.0000000000e+00,3.9062500000e-03
4.1190771091e+00,2.4757637602e-03,4.2502929160e-04,-2.9731129124e-03,2.0036071650e-03,-6.5842076449e-04,1.0000000000e-03,2.0000000000e+00,1.0000000000e+00,5.0000000000e-01,1.0000000000e+00,3.9062500000e-03
4.1208049101e+00,2.4732842943e-03,4.1733547931e-04,-2.9758650710e-03,1.9999572827e-03,-6.5998799293e-04,1.0000000000e-03,2.0000000000e+00,1.0000000000e+00,5.0000000000e-01,1.0000000000e+00,3.9062500000e-03
4.1225327112e+00,2.4697483146e-03,4.0931217262e-04,-2.9776799882e-03,1.9949406206e-03,-6.6091367983e-04,1.0000000000e-03,2.0000000000e+00,1.0000000000e+00,5.0000000000e-01,1.0000000000e+00,3.9062500000e-03
4.1242605126e+00,2.4650664081e-03,4.0095307660e-04,-2.9778690932e-03,1.9885810950e-03,-6.6169328756e-04,1.0000000000e-03,2.0000000000e+00,1.0000000000e+00,5.0000000000e-01,1.0000000000e+00,3.9062500000e-03
4.1259883143e+00,2.4591900517e-03,3.9226138051e-04,-2.9768498248e-03,1.9808958652e-03,-6.6247355110e-04,1.0000000000e-03,2.0000000000e+00,1.0000000000e+00,5.0000000000e-01,1.0000000000e+00,3.9062500000e-03
4.1277161163e+00,2.4520849619e-03,3.8324457537e-04,-2.9748496260e-03,1.9719028367e-03,-6.6316932711e-04,1.0000000000e-03,2.0000000000e+00,1.0000000000e+00,5.0000000000e-01,1.0000000000e+00,3.9062500000e-03
4.1294439184e+00,2.4437271254e-03,3.7395038410e-04,-2.9717963996e-03,1.9616262005e-03,-6.6372620786e-04,1.0000000000e-03,2.0000000000e+00,1.0000000000e+00,5.0000000000e-01,1.0000000000e+00,3.9062500000e-03
4.1311717207e+00,2.4341427675e-03,3.6442010291e-04,-2.9676352140e-03,1.9501055321e-03,-6.6410487967e-04,1.0000000000e-03,2.0000000000e+00,1.0000000000e+00,5.0000000000e-01,1.0000000000e+00,3.9062500000e-03
4.1328995229e+00,2.4233756970e-03,3.5467966978e-04,-2.9623236853e-03,1.9373874447e-03,-6.6427421493e-04,1.0000000000e-03,2.0000000000e+00,1.0000000000e+00,5.0000000000e-01,1.0000000000e+00,3.9062500000e-03
4.1346273251e+00,2.4114572184e-03,3.4474422582e-04,-2.9558224455e-03,1.9235214180e-03,-6.6420808499e-04,1.0000000000e-03,2.0000000000e+00,1.0000000000e+00,5.0000000000e-01,1.0000000000e+00,3.9062500000e-03
4.1363551271e+00,2.3984108625e-03,3.3462157340e-04,-2.9480927451e-03,1.9085578471e-03,-6.6388402642e-04,1.0000000000e-03,2.0000000000e+00,1.0000000000e+00,5.0000000000e-01,1.0000000000e+00,3.9062500000e-03
4.1380829287e+00,2.3842547728e-03,3.2431487801e-04,-2.9390959741e-03,1.8925471933e-03,-6.6328289124e-04,1.0000000000e-03,2.0000000000e+00,1.0000000000e+00,5.0000000000e-01,1.0000000000e+00,3.9062500000e-03
4.1398107301e+00,2.3690030893e-03,3.1382478417e-04,-2.9287937715e-03,1.8755395958e-03,-6.6238901907e-04,1.0000000000e-03,2.0000000000e+00,1.0000000000e+00,5.0000000000e-01,1.0000000000e+00,3.9062500000e-03
4.1415385311e+00,2.3526668585e-03,3.0315104965e-04,-2.9171483199e-03,1.8575846649e-03,-6.6119068289e-04,1.0000000000e-03,2.0000000000e+00,1.0000000000e+00,5.0000000000e-01,1.0000000000e+00,3.9062500000e-03
4.1432663319e+00,2.3352546983e-03,2.9229377921e-04,-2.9041226848e-03,1.8387313424e-03,-6.5968069900e-04,1.0000000000e-03,2.0000000000e+00,1.0000000000e+00,5.0000000000e-01,1.0000000000e+00,3.9062500000e-03
4.1449941326e+00,2.3167733201e-03,2.8125432574e-04,-2.8896811481e-03,1.8190277978e-03,-6.5776541521e-04,1.0000000000e-03,2.0000000000e+00,1.0000000000e+00,5.0000000000e-01,1.0000000000e+00,3.9062500000e-03
4.1467219332e+00,2.2972279607e-03,2.7003591658e-04,-2.8737895170e-03,1.7985213579e-03,-6.5505103344e-04,1.0000000000e-03,2.0000000000e+00,1.0000000000e+00,5.0000000000e-01,1.0000000000e+00,3.9062500000e-03
4.1484497338e+00,2.2766227491e-03,2.5864405443e-04,-2.8564154048e-03,1.7772584750e-03,-6.5164349902e-04,1.0000000000e-03,2.0000000000e+00,1.0000000000e+00,5.0000000000e-01,1.0000000000e+00,3.9062500000e-03
4.1501775346e+00,2.2549610210e-03,2.4708673463e-04,-2.8375284849e-03,1.7552847354e-03,-6.4762822546e-04,1.0000000000e-03,2.0000000000e+00,1.0000000000e+00,5.0000000000e-01,1.0000000000e+00,3.9062500000e-03
4.1519053356e+00,2.2322455916e-03,2.3537451344e-04,-2.8171007201e-03,1.7326449023e-03,-6.4307772495e-04,1.0000000000e-03,2.0000000000e+00,1.0000000000e+00,5.0000000000e-01,1.0000000000e+00,3.9062500000e-03
4.1536331368e+00,2.2084789909e-03,2.2352045755e-04,-2.7951065717e-03,1.7093829802e-03,-6.3805639117e-04,1.0000000000e-03,2.0000000000e+00,1.0000000000e+00,5.0000000000e-01,1.0000000000e+00,3.9062500000e-03
4.1553609381e+00,2.1836636681e-03,2.1153999920e-04,-2.7715231890e-03,1.6855422871e-03,-6.3262295878e-04,1.0000000000e-03,2.0000000000e+00,1.0000000000e+00,5.0000000000e-01,1.0000000000e+00,3.9062500000e-03
4.1570887396e+00,2.1578021678e-03,1.9945071861e-04,-2.7463305791e-03,1.6611655138e-03,-6.2683151584e-04,1.0000000000e-03,2.0000000000e+00,1.0000000000e+00,5.0000000000e-01,1.0000000000e+00,3.9062500000e-03
4.1588165411e+00,2.1308972824e-03,1.8727207239e-04,-2.7195117581e-03,1.6362947578e-03,-6.2073178236e-04,1.0000000000e-03,2.0000000000e+00,1.0000000000e+00,5.0000000000e-01,1.0000000000e+00,3.9062500000e-03
4.1605443426e+00,2.1029521851e-03,1.7502508442e-04,-2.6910528807e-03,1.6109715184e-03,-6.1436911228e-04,1.0000000000e-03,2.0000000000e+00,1.0000000000e+00,5.0000000000e-01,1.0000000000e+00,3.9062500000e-03
4.1622721442e+00,2.0739705434e-03,1.6273201358e-04,-2.6609433466e-03,1.5852366457e-03,-6.0778446689e-04,1.0000000000e-03,2.0000000000e+00,1.0000000000e+00,5.0000000000e-01,1.0000000000e+00,3.9062500000e-03
4.1639999458e+00,2.0439566194e-03,1.5041601076e-04,-2.6291758814e-03,1.5591302399e-03,-6.0101446880e-04,1.0000000000e-03,2.0000000000e+00,1.0000000000e+00,5.0000000000e-01,1.0000000000e+00,3.9062500000e-03
4.1657277477e+00,2.0129153542e-03,1.3810077568e-04,-2.5957465901e-03,1.5326911458e-03,-5.9409156580e-04,1.0000000000e-03,2.0000000000e+00,1.0000000000e+00,5.0000000000e-01,1.0000000000e+00,3.9062500000e-03
4.1674555499e+00,1.9808524406e-03,1.2581022226e-04,-2.5606549817e-03,1.5059566055e-03,-5.8704429270e-04,1.0000000000e-03,2.0000000000e+00,1.0000000000e+00,5.0000000000e-01,1.0000000000e+00,3.9062500000e-03
4.1691833525e+00,1.9477743831e-03,1.1356815912e-04,-2.5239039631e-03,1.4789635934e-03,-5.7989760200e-04,1.0000000000e-03,2.0000000000e+00,1.0000000000e+00,5.0000000000e-01,1.0000000000e+00,3.9062500000e-03
4.1709111554e+00,1.9136885454e-03,1.0139799040e-04,-2.4854998050e-03,1.4517490609e-03,-5.7267323067e-04,1.0000000000e-03,2.0000000000e+00,1.0000000000e+00,5.0000000000e-01,1.0000000000e+00,3.9062500000e-03
4.1726389587e+00,1.8786031881e-03,8.9322440182e-05,-2.4454520791e-03,1.4243493110e-03,-5.6539007370e-04,1.0000000000e-03,2.0000000000e+00,1.0000000000e+00,5.0000000000e-01,1.0000000000e+00,3.9062500000e-03
4.1743667623e+00,1.8425274954e-03,7.7363302318e-05,-2.4037735736e-03,1.3967990125e-03,-5.5806454062e-04,1.0000000000e-03,2.0000000000e+00,1.0000000000e+00,5.0000000000e-01,1.0000000000e+00,3.9062500000e-03
4.1760945660e+00,1.8054715918e-03,6.5541215221e-05,-2.3604801867e-03,1.3691301812e-03,-5.5071087887e-04,1.0000000000e-03,2.0000000000e+00,1.0000000000e+00,5.0000000000e-01,1.0000000000e+00,3.9062500000e-03
4.1778223698e+00,1.7674465503e-03,5.3875460332e-05,-2.3155908045e-03,1.3413713316e-03,-5.4334145450e-04,1.0000000000e-03,2.0000000000e+00,1.0000000000e+00,5.0000000000e-01,1.0000000000e+00,3.9062500000e-03
4.1795501735e+00,1.7284568128e-03,4.2383781189e-05,-2.2691271685e-03,1.3135468998e-03,-5.3596698699e-04,1.0000000000e-03,2.0000000000e+00,1.0000000000e+00,5.0000000000e-01,1.0000000000e+00,3.9062500000e-03
4.1812779769e+00,1.6885110918e-03,3.1123864825e-05,-2.2211137352e-03,1.2856769506e-03,-5.2859673937e-04,1.0000000000e-03,2.0000000000e+00,1.0000000000e+00,5.0000000000e-01,1.0000000000e+00,3.9062500000e-03
4.1830057798e+00,1.6476220571e-03,2.0148205000e-05,-2.1715775344e-03,1.2577771364e-03,-5.2123866871e-04,1.0000000000e-03,2.0000000000e+00,1.0000000000e+00,5.0000000000e-01,1.0000000000e+00,3.9062500000e-03
4.1847335822e+00,1.6058054579e-03,9.4361118881e-06,-2.1205480309e-03,1.2298588573e-03,-5.1389954400e-04,1.0000000000e-03,2.0000000000e+00,1.0000000000e+00,5.0000000000e-01,1.0000000000e+00,3.9062500000e-03
4.1864613841e+00,1.5630793926e-03,-1.0234410789e-06,-2.0680569923e-03,1.2019295621e-03,-5.0658503907e-04,1.0000000000e-03,2.0000000000e+00,1.0000000000e+00,5.0000000000e-01,1.0000000000e+00,3.9062500000e-03
4.1881891855e+00,1.5194637099e-03,-1.1234535721e-05,-2.0141383637e-03,1.1739931350e-03,-4.9929980778e-04,1.0000000000e-03,2.0000000000e+00,1.0000000000e+00,5.0000000000e-01,1.0000000000e+00,3.9062500000e-03
4.1899169867e+00,1.4749795279e-03,-2.1196512701e-05,-1.9588281526e-03,1.1460503239e-03,-4.9204754808e-04,1.0000000000e-03,2.0000000000e+00,1.0000000000e+00,5.0000000000e-01,1.0000000000e+00,3.9062500000e-03
4.1916447878e+00,1.4296488490e-03,-3.0905729772e-05,-1.9021643228e-03,1.1180991720e-03,-4.8483105981e-04,1.0000000000e-03,2.0000000000e+00,1.0000000000e+00,5.0000000000e-01,1.0000000000e+00,3.9062500000e-03
4.1933725890e+00,1.3834942545e-03,-4.0356944488e-05,-1.8441866950e-03,1.0901354271e-03,-4.7765229891e-04,1.0000000000e-03,2.0000000000e+00,1.0000000000e+00,5.0000000000e-01,1.0000000000e+00,3.9062500000e-03
4.1951003906e+00,1.3365386696e-03,-4.9544385548e-05,-1.7849368487e-03,1.0621529101e-03,-4.7051242915e-04,1.0000000000e-03,2.0000000000e+00,1.0000000000e+00,5.0000000000e-01,1.0000000000e+00,3.9062500000e-03
4.1968281925e+00,1.2888051943e-03,-5.8462568678e-05,-1.7244580189e-03,1.0341438326e-03,-4.6341187084e-04,1.0000000000e-03,2.0000000000e+00,1.0000000000e+00,5.0000000000e-01,1.0000000000e+00,3.9062500000e-03
4.1985559948e+00,1.2403169957e-03,-6.7106904250e-05,-1.6627949735e-03,1.0060990597e-03,-4.5635034491e-04,1.0000000000e-03,2.0000000000e+00,1.0000000000e+00,5.0000000000e-01,1.0000000000e+00,3.9062500000e-03
4.2002837972e+00,1.1910972578e-03,-7.5474135663e-05,-1.5999938520e-03,9.7800831753e-04,-4.4932691021e-04,1.0000000000e-03,2.0000000000e+00,1.0000000000e+00,5.0000000000e-01,1.0000000000e+00,3.9062500000e-03
4.2020115996e+00,1.1411691833e-03,-8.3562640397e-05,-1.5361019242e-03,9.4986035103e-04,-4.4233999168e-04,1.0000000000e-03,2.0000000000e+00,1.0000000000e+00,5.0000000000e-01,1.0000000000e+00,3.9062500000e-03
4.2037394016e+00,1.0905560428e-03,-9.1372619756e-05,-1.4711671931e-03,9.2164303729e-04,-4.3538739772e-04,1.0000000000e-03,2.0000000000e+00,1.0000000000e+00,5.0000000000e-01,1.0000000000e+00,3.9062500000e-03
4.2054672030e+00,1.0393346411e-03,-9.8898447213e-05,-1.4053064719e-03,8.9337280999e-04,-4.2847368003e-04,1.0000000000e-03,2.0000000000e+00,1.0000000000e+00,5.0000000000e-01,1.0000000000e+00,3.9062500000e-03
4.2071932158e+00,9.8756300925e-04,-1.0614060849e-04,-1.3386872017e-03,8.6505401654e-04,-4.2159967188e-04,1.0000000000e-03,2.0000000000e+00,1.0000000000e+00,5.0000000000e-01,1.0000000000e+00,3.9062500000e-03
4.2089163670e+00,9.3525745703e-04,-1.1310785522e-04,-1.2714093986e-03,8.3666714905e-04,-4.1475970259e-04,1.0000000000e-03,2.0000000000e+00,1.0000000000e+00,5.0000000000e-01,1.0000000000e+00,3.9062500000e-03
4.2106370066e+00,8.8243963117e-04,-1.1980977639e-04,-1.2034875620e-03,8.0819499821e-04,-4.0794827340e-04,1.0000000000e-03,2.0000000000e+00,1.0000000000e+00,5.0000000000e-01,1.0000000000e+00,3.9062500000e-03
4.2123553081e+00,8.2913326756e-04,-1.2625726837e-04,-1.1349442087e-03,7.7962074149e-04,-4.0115951556e-04,1.0000000000e-03,2.0000000000e+00,1.0000000000e+00,5.0000000000e-01,1.0000000000e+00,3.9062500000e-03
4.2140713881e+00,7.7536259270e-04,-1.3246265191e-04,-1.0658078037e-03,7.5092700403e-04,-3.9439863393e-04,1.0000000000e-03,2.0000000000e+00,1.0000000000e+00,5.0000000000e-01,1.0000000000e+00,3.9062500000e-03
4.2157853654e+00,7.2115196912e-04,-1.3843957554e-04,-9.9611192596e-04,7.2209562669e-04,-3.8767229242e-04,1.0000000000e-03,2.0000000000e+00,1.0000000000e+00,5.0000000000e-01,1.0000000000e+00,3.9062500000e-03
4.2174973769e+00,6.6652587676e-04,-1.4420286282e-04,-9.2589455956e-04,6.9310763765e-04,-3.8094855208e-04,1.0000000000e-03,2.0000000000e+00,1.0000000000e+00,5.0000000000e-01,1.0000000000e+00,3.9062500000e-03
4.2192075816e+00,6.1153016551e-04,-1.4976623642e-04,-8.5522445080e-04,6.6395454127e-04,-3.7420946979e-04,1.0000000000e-03,2.0000000000e+00,1.0000000000e+00,5.0000000000e-01,1.0000000000e+00,3.9062500000e-03
4.2209155059e+00,5.5618867992e-04,-1.5514672407e-04,-7.8414417319e-04,6.3461534785e-04,-3.6744132318e-04,1.0000000000e-03,2.0000000000e+00,1.0000000000e+00,5.0000000000e-01,1.0000000000e+00,3.9062500000e-03
4.2226214027e+00,5.0052427274e-04,-1.6036210334e-04,-7.1268267213e-04,6.0506775535e-04,-3.6063430136e-04,1.0000000000e-03,2.0000000000e+00,1.0000000000e+00,5.0000000000e-01,1.0000000000e+00,3.9062500000e-03
4.2243255871e+00,4.4456336957e-04,-1.6543071028e-04,-6.4061472880e-04,5.7528852296e-04,-3.5378034952e-04,1.0000000000e-03,2.0000000000e+00,1.0000000000e+00,5.0000000000e-01,1.0000000000e+00,3.9062500000e-03
4.2260284268e+00,3.8832085359e-04,-1.7037138717e-04,-5.6818643375e-04,5.4525341234e-04,-3.4687147511e-04,1.0000000000e-03,2.0000000000e+00,1.0000000000e+00,5.0000000000e-01,1.0000000000e+00,3.9062500000e-03
4.2277303719e+00,3.3181145006e-04,-1.7520302618e-04,-4.9550901223e-04,5.1494002524e-04,-3.3989912817e-04,1.0000000000e-03,2.0000000000e+00,1.0000000000e+00,5.0000000000e-01,1.0000000000e+00,3.9062500000e-03
4.2294318378e+00,2.7504901409e-04,-1.7994475576e-04,-4.2266611754e-04,4.8433026466e-04,-3.3285303561e-04,1.0000000000e-03,2.0000000000e+00,1.0000000000e+00,5.0000000000e-01,1.0000000000e+00,3.9062500000e-03
4.2311333008e+00,2.1804728540e-04,-1.8461583476e-04,-3.4973994967e-04,4.5343413037e-04,-3.2572073645e-04,1.0000000000e-03,2.0000000000e+00,1.0000000000e+00,5.0000000000e-01,1.0000000000e+00,3.9062500000e-03
4.2328352916e+00,1.6082250232e-04,-1.8923544974e-04,-2.7678586473e-04,4.2229894350e-04,-3.1848754978e-04,1.0000000000e-03,2.0000000000e+00,1.0000000000e+00,5.0000000000e-01,1.0000000000e+00,3.9062500000e-03
4.2345383422e+00,1.0339285981e-04,-1.9382271026e-04,-2.0385036660e-04,3.9026755136e-04,-3.1113640581e-04,1.0000000000e-03,2.0000000000e+00,1.0000000000e+00,5.0000000000e-01,1.0000000000e+00,3.9062500000e-03
4.2362430107e+00,4.5777678588e-05,-1.9839671593e-04,-1.3097018145e-04,3.5781499638e-04,-3.0364774097e-04,1.0000000000e-03,2.0000000000e+00,1.0000000000e+00,5.0000000000e-01,1.0000000000e+00,3.9062500000e-03
4.2379499007e+00,-1.2003482482e-05,-2.0297713519e-04,-5.8173663066e-05,3.2495890368e-04,-2.9599977718e-04,1.0000000000e-03,2.0000000000e+00,1.0000000000e+00,5.0000000000e-01,1.0000000000e+00,3.9062500000e-03
4.2396596797e+00,-6.9913947616e-05,-2.0758478590e-04,1.4496126548e-05,2.9208561881e-04,-2.8817584342e-04,1.0000000000e-03,2.0000000000e+00,1.0000000000e+00,5.0000000000e-01,1.0000000000e+00,3.9062500000e-03
4.2413725686e+00,-1.2770716125e-04,-2.1222902250e-04,8.6739522772e-05,2.5882502070e-04,-2.8020876659e-04,1.0000000000e-03,2.0000000000e+00,1.0000000000e+00,5.0000000000e-01,1.0000000000e+00,3.9062500000e-03
4.2430826049e+00,-1.8527729544e-04,-2.1693962932e-04,1.5843737769e-04,2.2508026266e-04,-2.7214830293e-04,1.0000000000e-03,2.0000000000e+00,1.0000000000e+00,5.0000000000e-01,1.0000000000e+00,3.9062500000e-03
4.2447879276e+00,-2.4261182449e-04,-2.2176368350e-04,2.2956619396e-04,1.9100643377e-04,-2.6378000036e-04,1.0000000000e-03,2.0000000000e+00,1.0000000000e+00,5.0000000000e-01,1.0000000000e+00,3.9062500000e-03
4.2464887507e+00,-2.9951864102e-04,-2.2673113706e-04,3.0012765261e-04,1.5656873464e-04,-2.5471558012e-04,1.0000000000e-03,2.0000000000e+00,1.0000000000e+00,5.0000000000e-01,1.0000000000e+00,3.9062500000e-03
4.2481854265e+00,-3.5610932545e-04,-2.3139503633e-04,3.7007582969e-04,1.2173275231e-04,-2.4534694874e-04,1.0000000000e-03,2.0000000000e+00,1.0000000000e+00,5.0000000000e-01,1.0000000000e+00,3.9062500000e-03
4.2498783475e+00,-4.1234922088e-04,-2.3585188382e-04,4.3935236188e-04,8.6509723442e-05,-2.3618359760e-04,1.0000000000e-03,2.0000000000e+00,1.0000000000e+00,5.0000000000e-01,1.0000000000e+00,3.9062500000e-03
4.2515681020e+00,-4.6819328087e-04,-2.4016058548e-04,5.0791666920e-04,5.0891151846e-05,-2.2690312609e-04,1.0000000000e-03,2.0000000000e+00,1.0000000000e+00,5.0000000000e-01,1.0000000000e+00,3.9062500000e-03
4.2532551906e+00,-5.2364975552e-04,-2.4464900844e-04,5.7572856783e-04,1.4881505321e-05,-2.1732034784e-04,1.0000000000e-03,2.0000000000e+00,1.0000000000e+00,5.0000000000e-01,1.0000000000e+00,3.9062500000e-03
4.2549397283e+00,-5.7878123631e-04,-2.4934379863e-04,6.4276227699e-04,-2.1515619919e-05,-2.0714571515e-04,1.0000000000e-03,2.0000000000e+00,1.0000000000e+00,5.0000000000e-01,1.0000000000e+00,3.9062500000e-03
4.2566218685e+00,-6.3350732239e-04,-2.5420180947e-04,7.0886290031e-04,-5.8278910195e-05,-1.9649930364e-04,1.0000000000e-03,2.0000000000e+00,1.0000000000e+00,5.0000000000e-01,1.0000000000e+00,3.9062500000e-03
4.2583009557e+00,-6.8775798823e-04,-2.5919799152e-04,7.7400137411e-04,-9.5388003917e-05,-1.8544692873e-04,1.0000000000e-03,2.0000000000e+00,1.0000000000e+00,5.0000000000e-01,1.0000000000e+00,3.9062500000e-03
4.2599765099e+00,-7.4149874250e-04,-2.6431717914e-04,8.3822554417e-04,-1.3283999409e-04,-1.7402515592e-04,1.0000000000e-03,2.0000000000e+00,1.0000000000e+00,5.0000000000e-01,1.0000000000e+00,3.9062500000e-03
4.2616490020e+00,-7.9470106693e-04,-2.6954778380e-04,9.0157225375e-04,-1.7063057805e-04,-1.6225835533e-04,1.0000000000e-03,2.0000000000e+00,1.0000000000e+00,5.0000000000e-01,1.0000000000e+00,3.9062500000e-03
4.2633189625e+00,-8.4734040814e-04,-2.7487998658e-04,9.6406836169e-04,-2.0875376493e-04,-1.5016409616e-04,1.0000000000e-03,2.0000000000e+00,1.0000000000e+00,5.0000000000e-01,1.0000000000e+00,3.9062500000e-03
4.2649869340e+00,-8.9939431827e-04,-2.8030483153e-04,1.0257311819e-03,-2.4720168279e-04,-1.3775612445e-04,1.0000000000e-03,2.0000000000e+00,1.0000000000e+00,5.0000000000e-01,1.0000000000e+00,3.9062500000e-03
4.2666534283e+00,-9.5084293286e-04,-2.8581393918e-04,1.0865712082e-03,-2.8596593335e-04,-1.2504576122e-04,1.0000000000e-03,2.0000000000e+00,1.0000000000e+00,5.0000000000e-01,1.0000000000e+00,3.9062500000e-03
4.2683189562e+00,-1.0016690787e-03,-2.9139937819e-04,1.1465940396e-03,-3.2503853303e-04,-1.1204283188e-04,1.0000000000e-03,2.0000000000e+00,1.0000000000e+00,5.0000000000e-01,1.0000000000e+00,3.9062500000e-03
4.2699840461e+00,-1.0518579905e-03,-2.9705359181e-04,1.2058015763e-03,-3.6441235361e-04,-9.8756368300e-05,1.0000000000e-03,2.0000000000e+00,1.0000000000e+00,5.0000000000e-01,1.0000000000e+00,3.9062500000e-03
4.2716492489e+00,-1.1013967713e-03,-3.0276933468e-04,1.2641926943e-03,-4.0408112638e-04,-8.5195162280e-05,1.0000000000e-03,2.0000000000e+00,1.0000000000e+00,5.0000000000e-01,1.0000000000e+00,3.9062500000e-03
4.2733151326e+00,-1.1502750720e-03,-3.0853975554e-04,1.3217651680e-03,-4.4404021293e-04,-7.1367799357e-05,1.0000000000e-03,2.0000000000e+00,1.0000000000e+00,5.0000000000e-01,1.0000000000e+00,3.9062500000e-03
4.2749823166e+00,-1.1984852258e-03,-3.1435843356e-04,1.3785167723e-03,-4.8428682344e-04,-5.7282657511e-05,1.0000000000e-03,2.0000000000e+00,1.0000000000e+00,5.0000000000e-01,1.0000000000e+00,3.9062500000e-03
4.2766514888e+00,-1.2460189178e-03,-3.2021900522e-04,1.4344421562e-03,-5.2481713769e-04,-4.2948834767e-05,1.0000000000e-03,2.0000000000e+00,1.0000000000e+00,5.0000000000e-01,1.0000000000e+00,3.9062500000e-03
4.2783232995e+00,-1.2928667847e-03,-3.2611509189e-04,1.4895330426e-03,-5.6562553911e-04,-2.8376192294e-05,1.0000000000e-03,2.0000000000e+00,1.0000000000e+00,5.0000000000e-01,1.0000000000e+00,3.9062500000e-03
4.2799983494e+00,-1.3389363614e-03,-3.3203020216e-04,1.5436824168e-03,-6.0663034016e-04,-1.3602366663e-05,1.0000000000e-03,2.0000000000e+00,1.0000000000e+00,5.0000000000e-01,1.0000000000e+00,3.9062500000e-03
4.2816741803e+00,-1.3840655836e-03,-3.3793838865e-04,1.5967011835e-03,-6.4767753490e-04,1.3082543488e-06,1.0000000000e-03,2.0000000000e+00,1.0000000000e+00,5.0000000000e-01,1.0000000000e+00,3.9062500000e-03
4.2833455015e+00,-1.4282628362e-03,-3.4383392592e-04,1.6486002822e-03,-6.8875805119e-04,1.6345611559e-05,1.0000000000e-03,2.0000000000e+00,1.0000000000e+00,5.0000000000e-01,1.0000000000e+00,3.9062500000e-03
4.2850130449e+00,-1.4715279623e-03,-3.4971024073e-04,1.6993805301e-03,-7.2985249240e-04,3.1497546382e-05,1.0000000000e-03,2.0000000000e+00,1.0000000000e+00,5.0000000000e-01,1.0000000000e+00,3.9062500000e-03
4.2866771976e+00,-1.5138559682e-03,-3.5556024991e-04,1.7490372249e-03,-7.7093356352e-04,4.6751069323e-05,1.0000000000e-03,2.0000000000e+00,1.0000000000e+00,5.0000000000e-01,1.0000000000e+00,3.9062500000e-03
4.2883381179e+00,-1.5552400703e-03,-3.6137666420e-04,1.7975638951e-03,-8.1196832856e-04,6.2093486375e-05,1.0000000000e-03,2.0000000000e+00,1.0000000000e+00,5.0000000000e-01,1.0000000000e+00,3.9062500000e-03
4.2899958376e+00,-1.5956630242e-03,-3.6715074622e-04,1.8449422932e-03,-8.5290897346e-04,7.7509007411e-05,1.0000000000e-03,2.0000000000e+00,1.0000000000e+00,5.0000000000e-01,1.0000000000e+00,3.9062500000e-03
4.2916498933e+00,-1.6351228390e-03,-3.7287567246e-04,1.8911725385e-03,-8.9371838001e-04,9.2988500924e-05,1.0000000000e-03,2.0000000000e+00,1.0000000000e+00,5.0000000000e-01,1.0000000000e+00,3.9062500000e-03
4.2933003588e+00,-1.6736296001e-03,-3.7854620327e-04,1.9362693949e-03,-9.3436838996e-04,1.0852882044e-04,1.0000000000e-03,2.0000000000e+00,1.0000000000e+00,5.0000000000e-01,1.0000000000e+00,3.9062500000e-03
4.2949477722e+00,-1.7111804224e-03,-3.8415521379e-04,1.9802330574e-03,-9.7481413916e-04,1.2412263578e-04,1.0000000000e-03,2.0000000000e+00,1.0000000000e+00,5.0000000000e-01,1.0000000000e+00,3.9062500000e-03
4.2965920892e+00,-1.7477750296e-03,-3.8969570626e-04,2.0230673532e-03,-1.0150102455e-03,1.3976421506e-04,1.0000000000e-03,2.0000000000e+00,1.0000000000e+00,5.0000000000e-01,1.0000000000e+00,3.9062500000e-03
4.2982333215e+00,-1.7834156541e-03,-3.9516075088e-04,2.0647796118e-03,-1.0549113425e-03,1.5544915949e-04,1.0000000000e-03,2.0000000000e+00,1.0000000000e+00,5.0000000000e-01,1.0000000000e+00,3.9062500000e-03
4.2998715439e+00,-1.8181034698e-03,-4.0054291809e-04,2.1053764946e-03,-1.0944684960e-03,1.7117251061e-04,1.0000000000e-03,2.0000000000e+00,1.0000000000e+00,5.0000000000e-01,1.0000000000e+00,3.9062500000e-03
4.3015067388e+00,-1.8518278187e-03,-4.0583261946e-04,2.1448514422e-03,-1.1336168586e-03,1.8692315320e-04,1.0000000000e-03,2.0000000000e+00,1.0000000000e+00,5.0000000000e-01,1.0000000000e+00,3.9062500000e-03
4.3031382639e+00,-1.8846054949e-03,-4.1102376860e-04,2.1832303340e-03,-1.1723214350e-03,2.0270174264e-04,1.0000000000e-03,2.0000000000e+00,1.0000000000e+00,5.0000000000e-01,1.0000000000e+00,3.9062500000e-03
4.3047667418e+00,-1.9164527575e-03,-4.1610976187e-04,2.2205389332e-03,-1.2105466942e-03,2.1850817173e-04,1.0000000000e-03,2.0000000000e+00,1.0000000000e+00,5.0000000000e-01,1.0000000000e+00,3.9062500000e-03
4.3063928026e+00,-1.9473849585e-03,-4.2108334524e-04,2.2568024658e-03,-1.2482566803e-03,2.3434106624e-04,1.0000000000e-03,2.0000000000e+00,1.0000000000e+00,5.0000000000e-01,1.0000000000e+00,3.9062500000e-03
4.3080170722e+00,-1.9773354075e-03,-4.2593649034e-04,2.2920452351e-03,-1.2854151609e-03,2.5019729378e-04,1.0000000000e-03,2.0000000000e+00,1.0000000000e+00,5.0000000000e-01,1.0000000000e+00,3.9062500000e-03
4.3096401594e+00,-2.0063322950e-03,-4.3066037618e-04,2.3262910034e-03,-1.3219865641e-03,2.6607183763e-04,1.0000000000e-03,2.0000000000e+00,1.0000000000e+00,5.0000000000e-01,1.0000000000e+00,3.9062500000e-03
4.3112626783e+00,-2.0344252290e-03,-4.3524536706e-04,2.3595632844e-03,-1.3579368072e-03,2.8195769775e-04,1.0000000000e-03,2.0000000000e+00,1.0000000000e+00,5.0000000000e-01,1.0000000000e+00,3.9062500000e-03
4.3128852692e+00,-2.0616567475e-03,-4.3968098795e-04,2.3918855981e-03,-1.3932340231e-03,2.9784584040e-04,1.0000000000e-03,2.0000000000e+00,1.0000000000e+00,5.0000000000e-01,1.0000000000e+00,3.9062500000e-03
4.3145086207e+00,-2.0880632086e-03,-4.4395589154e-04,2.4232816975e-03,-1.4278491672e-03,3.1372520312e-04,1.0000000000e-03,2.0000000000e+00,1.0000000000e+00,5.0000000000e-01,1.0000000000e+00,3.9062500000e-03
4.3161334943e+00,-2.1136755851e-03,-4.4805779497e-04,2.4537756793e-03,-1.4617563871e-03,3.2958270581e-04,1.0000000000e-03,2.0000000000e+00,1.0000000000e+00,5.0000000000e-01,1.0000000000e+00,3.9062500000e-03
4.3177607467e+00,-2.1385173708e-03,-4.5197298273e-04,2.4833887202e-03,-1.4949294689e-03,3.4540149383e-04,1.0000000000e-03,2.0000000000e+00,1.0000000000e+00,5.0000000000e-01,1.0000000000e+00,3.9062500000e-03
4.3193911661e+00,-2.1624989882e-03,-4.5574839642e-04,2.5120133598e-03,-1.5271991781e-03,3.6109101749e-04,1.0000000000e-03,2.0000000000e+00,1.0000000000e+00,5.0000000000e-01,1.0000000000e+00,3.9062500000e-03
4.3210181727e+00,-2.1855815589e-03,-4.5941089647e-04,2.5396057765e-03,-1.5584687216e-03,3.7658760510e-04,1.0000000000e-03,2.0000000000e+00,1.0000000000e+00,5.0000000000e-01,1.0000000000e+00,3.9062500000e-03
4.3226381163e+00,-2.2077969468e-03,-4.6294166852e-04,2.5662092414e-03,-1.5887433479e-03,3.9187319361e-04,1.0000000000e-03,2.0000000000e+00,1.0000000000e+00,5.0000000000e-01,1.0000000000e+00,3.9062500000e-03
4.3242522681e+00,-2.2291709874e-03,-4.6632360817e-04,2.5918629035e-03,-1.6180276151e-03,4.0692752853e-04,1.0000000000e-03,2.0000000000e+00,1.0000000000e+00,5.0000000000e-01,1.0000000000e+00,3.9062500000e-03
4.3258618470e+00,-2.2497107768e-03,-4.6953883428e-04,2.6166515442e-03,-1.6463066645e-03,4.2171868681e-04,1.0000000000e-03,2.0000000000e+00,1.0000000000e+00,5.0000000000e-01,1.0000000000e+00,3.9062500000e-03
4.3274669586e+00,-2.2694160028e-03,-4.7256996711e-04,2.6405726613e-03,-1.6735602915e-03,4.3621017058e-04,1.0000000000e-03,2.0000000000e+00,1.0000000000e+00,5.0000000000e-01,1.0000000000e+00,3.9062500000e-03
4.3290672694e+00,-2.2882881718e-03,-4.7540124013e-04,2.6636192723e-03,-1.6997747047e-03,4.5036762325e-04,1.0000000000e-03,2.0000000000e+00,1.0000000000e+00,5.0000000000e-01,1.0000000000e+00,3.9062500000e-03
4.3306626756e+00,-2.3063291105e-03,-4.7801812590e-04,2.6857901795e-03,-1.7249397866e-03,4.6415824006e-04,1.0000000000e-03,2.0000000000e+00,1.0000000000e+00,5.0000000000e-01,1.0000000000e+00,3.9062500000e-03
4.3322531888e+00,-2.3235406672e-03,-4.8040718486e-04,2.7070887461e-03,-1.7490480451e-03,4.7755095887e-04,1.0000000000e-03,2.0000000000e+00,1.0000000000e+00,5.0000000000e-01,1.0000000000e+00,3.9062500000e-03
4.3338389072e+00,-2.3399247011e-03,-4.8255599125e-04,2.7275220372e-03,-1.7720940400e-03,4.9050869291e-04,1.0000000000e-03,2.0000000000e+00,1.0000000000e+00,5.0000000000e-01,1.0000000000e+00,3.9062500000e-03
4.3354200106e+00,-2.3554833414e-03,-4.8445311408e-04,2.7471003552e-03,-1.7940742798e-03,5.0297620047e-04,1.0000000000e-03,2.0000000000e+00,1.0000000000e+00,5.0000000000e-01,1.0000000000e+00,3.9062500000e-03
4.3369967858e+00,-2.3702192471e-03,-4.8608809908e-04,2.7658368727e-03,-1.8149872139e-03,5.1492654602e-04,1.0000000000e-03,2.0000000000e+00,1.0000000000e+00,5.0000000000e-01,1.0000000000e+00,3.9062500000e-03
4.3385696640e+00,-2.3841354958e-03,-4.8745140703e-04,2.7837469119e-03,-1.8348327930e-03,5.2635114550e-04,1.0000000000e-03,2.0000000000e+00,1.0000000000e+00,5.0000000000e-01,1.0000000000e+00,3.9062500000e-03
4.3401392325e+00,-2.3972360683e-03,-4.8853440535e-04,2.8008481133e-03,-1.8536129604e-03,5.3725313827e-04,1.0000000000e-03,2.0000000000e+00,1.0000000000e+00,5.0000000000e-01,1.0000000000e+00,3.9062500000e-03
4.3417063279e+00,-2.4095241143e-03,-4.8932922550e-04,2.8171578528e-03,-1.8713290445e-03,5.4764121999e-04,1.0000000000e-03,2.0000000000e+00,1.0000000000e+00,5.0000000000e-01,1.0000000000e+00,3.9062500000e-03
4.3432718791e+00,-2.4209998528e-03,-4.8982893995e-04,2.8326900542e-03,-1.8879785970e-03,5.5752478066e-04,1.0000000000e-03,2.0000000000e+00,1.0000000000e+00,5.0000000000e-01,1.0000000000e+00,3.9062500000e-03
4.3448366334e+00,-2.4316633915e-03,-4.9002869486e-04,2.8474585264e-03,-1.9035593432e-03,5.6691444010e-04,1.0000000000e-03,2.0000000000e+00,1.0000000000e+00,5.0000000000e-01,1.0000000000e+00,3.9062500000e-03
4.3464015042e+00,-2.4415142046e-03,-4.8992958705e-04,2.8614760823e-03,-1.9180683907e-03,5.7582080863e-04,1.0000000000e-03,2.0000000000e+00,1.0000000000e+00,5.0000000000e-01,1.0000000000e+00,3.9062500000e-03
4.3479675439e+00,-2.4505507182e-03,-4.8944049235e-04,2.8747537932e-03,-1.9315016895e-03,5.8425674362e-04,1.0000000000e-03,2.0000000000e+00,1.0000000000e+00,5.0000000000e-01,1.0000000000e+00,3.9062500000e-03
4.3495359208e+00,-2.4587699895e-03,-4.8807275908e-04,2.8873003232e-03,-1.9438536546e-03,5.9221889363e-04,1.0000000000e-03,2.0000000000e+00,1.0000000000e+00,5.0000000000e-01,1.0000000000e+00,3.9062500000e-03
4.3511078938e+00,-2.4661576720e-03,-4.8614005423e-04,2.8991052067e-03,-1.9551015801e-03,5.9968713456e-04,1.0000000000e-03,2.0000000000e+00,1.0000000000e+00,5.0000000000e-01,1.0000000000e+00,3.9062500000e-03
4.3526825466e+00,-2.4726981814e-03,-4.8369339667e-04,2.9101498509e-03,-1.9652187712e-03,6.0664288059e-04,1.0000000000e-03,2.0000000000e+00,1.0000000000e+00,5.0000000000e-01,1.0000000000e+00,3.9062500000e-03
4.3542576641e+00,-2.4783984440e-03,-4.8072442080e-04,2.9204385661e-03,-1.9742031976e-03,6.1308644782e-04,1.0000000000e-03,2.0000000000e+00,1.0000000000e+00,5.0000000000e-01,1.0000000000e+00,3.9062500000e-03
4.3558342235e+00,-2.4832776536e-03,-4.7729959606e-04,2.9299715527e-03,-1.9820505034e-03,6.1902107089e-04,1.0000000000e-03,2.0000000000e+00,1.0000000000e+00,5.0000000000e-01,1.0000000000e+00,3.9062500000e-03
4.3574130556e+00,-2.4873291119e-03,-4.7344453265e-04,2.9387417917e-03,-1.9887520286e-03,6.2445167220e-04,1.0000000000e-03,2.0000000000e+00,1.0000000000e+00,5.0000000000e-01,1.0000000000e+00,3.9062500000e-03
4.3589941977e+00,-2.4903857723e-03,-4.6922174156e-04,2.9466745567e-03,-1.9942565250e-03,6.2934579237e-04,1.0000000000e-03,2.0000000000e+00,1.0000000000e+00,5.0000000000e-01,1.0000000000e+00,3.9062500000e-03
4.3605637498e+00,-2.4922169089e-03,-4.6465872533e-04,2.9537857381e-03,-1.9985914156e-03,6.3373092735e-04,1.0000000000e-03,2.0000000000e+00,1.0000000000e+00,5.0000000000e-01,1.0000000000e+00,3.9062500000e-03
4.3621229779e+00,-2.4928024054e-03,-4.5977634896e-04,2.9600885880e-03,-2.0017825781e-03,6.3763460857e-04,1.0000000000e-03,2.0000000000e+00,1.0000000000e+00,5.0000000000e-01,1.0000000000e+00,3.9062500000e-03
4.3636734342e+00,-2.4930609104e-03,-4.5459076761e-04,2.9655941727e-03,-2.0038538309e-03,6.4108356550e-04,1.0000000000e-03,2.0000000000e+00,1.0000000000e+00,5.0000000000e-01,1.0000000000e+00,3.9062500000e-03
4.3652169714e+00,-2.4930298509e-03,-4.4911572869e-04,2.9703109539e-03,-2.0048273987e-03,6.4410302521e-04,1.0000000000e-03,2.0000000000e+00,1.0000000000e+00,5.0000000000e-01,1.0000000000e+00,3.9062500000e-03
4.3667550961e+00,-2.4919457397e-03,-4.4337029342e-04,2.9742462270e-03,-2.0047777234e-03,6.4672011522e-04,1.0000000000e-03,2.0000000000e+00,1.0000000000e+00,5.0000000000e-01,1.0000000000e+00,3.9062500000e-03
4.3682870401e+00,-2.4898909967e-03,-4.3737025314e-04,2.9774182873e-03,-2.0035912254e-03,6.4901102709e-04,1.0000000000e-03,2.0000000000e+00,1.0000000000e+00,5.0000000000e-01,1.0000000000e+00,3.9062500000e-03
4.3698124793e+00,-2.4871452468e-03,-4.3112869728e-04,2.9798653378e-03,-2.0013461047e-03,6.5063352629e-04,1.0000000000e-03,2.0000000000e+00,1.0000000000e+00,5.0000000000e-01,1.0000000000e+00,3.9062500000e-03
4.3713313483e+00,-2.4835950456e-03,-4.2465643767e-04,2.9814117349e-03,-1.9980830404e-03,6.5168220457e-04,1.0000000000e-03,2.0000000000e+00,1.0000000000e+00,5.0000000000e-01,1.0000000000e+00,3.9062500000e-03
4.3728437211e+00,-2.4791938480e-03,-4.1795635976e-04,2.9819260279e-03,-1.9938376681e-03,6.5220439948e-04,1.0000000000e-03,2.0000000000e+00,1.0000000000e+00,5.0000000000e-01,1.0000000000e+00,3.9062500000e-03
4.3743497622e+00,-2.4739369625e-03,-4.1103024502e-04,2.9812900367e-03,-1.9886373139e-03,6.5277408545e-04,1.0000000000e-03,2.0000000000e+00,1.0000000000e+00,5.0000000000e-01,1.0000000000e+00,3.9062500000e-03
4.3758497138e+00,-2.4678231491e-03,-4.0388342022e-04,2.9799973157e-03,-1.9825043791e-03,6.5330456627e-04,1.0000000000e-03,2.0000000000e+00,1.0000000000e+00,5.0000000000e-01,1.0000000000e+00,3.9062500000e-03
4.3773439123e+00,-2.4608532945e-03,-3.9652183287e-04,2.9778993087e-03,-1.9754595762e-03,6.5374904955e-04,1.0000000000e-03,2.0000000000e+00,1.0000000000e+00,5.0000000000e-01,1.0000000000e+00,3.9062500000e-03
4.3788328554e+00,-2.4530295418e-03,-3.8897959809e-04,2.9749754053e-03,-1.9675209650e-03,6.5407813871e-04,1.0000000000e-03,2.0000000000e+00,1.0000000000e+00,5.0000000000e-01,1.0000000000e+00,3.9062500000e-03
4.3803172081e+00,-2.4443765433e-03,-3.8128053412e-04,2.9712061359e-03,-1.9587137647e-03,6.5427141510e-04,1.0000000000e-03,2.0000000000e+00,1.0000000000e+00,5.0000000000e-01,1.0000000000e+00,3.9062500000e-03
4.3817977985e+00,-2.4349310739e-03,-3.7343744424e-04,2.9665716211e-03,-1.9490635383e-03,6.5431350104e-04,1.0000000000e-03,2.0000000000e+00,1.0000000000e+00,5.0000000000e-01,1.0000000000e+00,3.9062500000e-03
4.3832758063e+00,-2.4247177213e-03,-3.6545583266e-04,2.9610499991e-03,-1.9385946153e-03,6.5419191570e-04,1.0000000000e-03,2.0000000000e+00,1.0000000000e+00,5.0000000000e-01,1.0000000000e+00,3.9062500000e-03
4.3847524868e+00,-2.4137551225e-03,-3.5733847998e-04,2.9546189306e-03,-1.9273326407e-03,6.5389606926e-04,1.0000000000e-03,2.0000000000e+00,1.0000000000e+00,5.0000000000e-01,1.0000000000e+00,3.9062500000e-03
4.3862286653e+00,-2.4020531721e-03,-3.4908326783e-04,2.9472530887e-03,-1.9152995682e-03,6.5341670957e-04,1.0000000000e-03,2.0000000000e+00,1.0000000000e+00,5.0000000000e-01,1.0000000000e+00,3.9062500000e-03
4.3877054057e+00,-2.3896140257e-03,-3.4068449874e-04,2.9389236708e-03,-1.9025133840e-03,6.5274554810e-04,1.0000000000e-03,2.0000000000e+00,1.0000000000e+00,5.0000000000e-01,1.0000000000e+00,3.9062500000e-03
4.3891839519e+00,-2.3764328001e-03,-3.3213391171e-04,2.9295980163e-03,-1.8889880612e-03,6.5187506971e-04,1.0000000000e-03,2.0000000000e+00,1.0000000000e+00,5.0000000000e-01,1.0000000000e+00,3.9062500000e-03
4.3906656873e+00,-2.3624980218e-03,-3.2342143528e-04,2.9192392340e-03,-1.8747335821e-03,6.5079844992e-04,1.0000000000e-03,2.0000000000e+00,1.0000000000e+00,5.0000000000e-01,1.0000000000e+00,3.9062500000e-03
4.3921521136e+00,-2.3477929929e-03,-3.1453639908e-04,2.9078066840e-03,-1.8597570913e-03,6.4950962907e-04,1.0000000000e-03,2.0000000000e+00,1.0000000000e+00,5.0000000000e-01,1.0000000000e+00,3.9062500000e-03
4.3936447295e+00,-2.3322966523e-03,-3.0546827402e-04,2.8952563271e-03,-1.8440636464e-03,6.4800345830e-04,1.0000000000e-03,2.0000000000e+00,1.0000000000e+00,5.0000000000e-01,1.0000000000e+00,3.9062500000e-03
4.3951449806e+00,-2.3159862063e-03,-2.9620830849e-04,2.8815427582e-03,-1.8276587934e-03,6.4610956697e-04,1.0000000000e-03,2.0000000000e+00,1.0000000000e+00,5.0000000000e-01,1.0000000000e+00,3.9062500000e-03
4.3966540555e+00,-2.2988422239e-03,-2.8675226439e-04,2.8666238796e-03,-1.8105535169e-03,6.4370777953e-04,1.0000000000e-03,2.0000000000e+00,1.0000000000e+00,5.0000000000e-01,1.0000000000e+00,3.9062500000e-03
4.3981725139e+00,-2.2810672333e-03,-2.7721573474e-04,2.8506618444e-03,-1.7929778778e-03,6.4088113468e-04,1.0000000000e-03,2.0000000000e+00,1.0000000000e+00,5.0000000000e-01,1.0000000000e+00,3.9062500000e-03
4.3996823018e+00,-2.2627534134e-03,-2.6764770972e-04,2.8337389981e-03,-1.7750482942e-03,6.3769904721e-04,1.0000000000e-03,2.0000000000e+00,1.0000000000e+00,5.0000000000e-01,1.0000000000e+00,3.9062500000e-03
4.4011768166e+00,-2.2438891314e-03,-2.5804213026e-04,2.8158476933e-03,-1.7567774296e-03,6.3420813424e-04,1.0000000000e-03,2.0000000000e+00,1.0000000000e+00,5.0000000000e-01,1.0000000000e+00,3.9062500000e-03
4.4026583384e+00,-2.2244592499e-03,-2.4839362363e-04,2.7969762084e-03,-1.7381740897e-03,6.3044672422e-04,1.0000000000e-03,2.0000000000e+00,1.0000000000e+00,5.0000000000e-01,1.0000000000e+00,3.9062500000e-03
4.4041290568e+00,-2.2044425707e-03,-2.3869611051e-04,2.7771060259e-03,-1.7192411565e-03,6.2644627886e-04,1.0000000000e-03,2.0000000000e+00,1.0000000000e+00,5.0000000000e-01,1.0000000000e+00,3.9062500000e-03
4.4055912828e+00,-2.1838119188e-03,-2.2894286453e-04,2.7562115282e-03,-1.6999761309e-03,6.2223254403e-04,1.0000000000e-03,2.0000000000e+00,1.0000000000e+00,5.0000000000e-01,1.0000000000e+00,3.9062500000e-03
4.4070474324e+00,-2.1625781497e-03,-2.1914665495e-04,2.7343055869e-03,-1.6804117032e-03,6.1783516625e-04,1.0000000000e-03,2.0000000000e+00,1.0000000000e+00,5.0000000000e-01,1.0000000000e+00,3.9062500000e-03
4.4084970695e+00,-2.1407598568e-03,-2.0932391187e-04,2.7114109672e-03,-1.6605862691e-03,6.1328253091e-04,1.0000000000e-03,2.0000000000e+00,1.0000000000e+00,5.0000000000e-01,1.0000000000e+00,3.9062500000e-03
4.4099393167e+00,-2.1183696108e-03,-1.9948816304e-04,2.6875459162e-03,-1.6405311801e-03,6.0859903835e-04,1.0000000000e-03,2.0000000000e+00,1.0000000000e+00,5.0000000000e-01,1.0000000000e+00,3.9062500000e-03
4.4113737955e+00,-2.0954160672e-03,-1.8965110941e-04,2.6627257068e-03,-1.6202728856e-03,6.0380554275e-04,1.0000000000e-03,2.0000000000e+00,1.0000000000e+00,5.0000000000e-01,1.0000000000e+00,3.9062500000e-03
4.4128004308e+00,-2.0719055240e-03,-1.7982334301e-04,2.6369638648e-03,-1.5998344758e-03,5.9891980533e-04,1.0000000000e-03,2.0000000000e+00,1.0000000000e+00,5.0000000000e-01,1.0000000000e+00,3.9062500000e-03
4.4142193209e+00,-2.0478425760e-03,-1.7001461423e-04,2.6102725816e-03,-1.5792363528e-03,5.9395683155e-04,1.0000000000e-03,2.0000000000e+00,1.0000000000e+00,5.0000000000e-01,1.0000000000e+00,3.9062500000e-03
4.4156306798e+00,-2.0232305572e-03,-1.6023398976e-04,2.5826629777e-03,-1.5584966822e-03,5.8892919828e-04,1.0000000000e-03,2.0000000000e+00,1.0000000000e+00,5.0000000000e-01,1.0000000000e+00,3.9062500000e-03
4.4170347997e+00,-1.9980697596e-03,-1.5048914500e-04,2.5541428919e-03,-1.5376299632e-03,5.8384695281e-04,1.0000000000e-03,2.0000000000e+00,1.0000000000e+00,5.0000000000e-01,1.0000000000e+00,3.9062500000e-03
4.4184321409e+00,-1.9723570847e-03,-1.4078631256e-04,2.5247162296e-03,-1.5166467744e-03,5.7871781594e-04,1.0000000000e-03,2.0000000000e+00,1.0000000000e+00,5.0000000000e-01,1.0000000000e+00,3.9062500000e-03
4.4198233308e+00,-1.9460858027e-03,-1.3113029987e-04,2.4943824567e-03,-1.4955537605e-03,5.7354740647e-04,1.0000000000e-03,2.0000000000e+00,1.0000000000e+00,5.0000000000e-01,1.0000000000e+00,3.9062500000e-03
4.4212091581e+00,-1.9192453166e-03,-1.2152452923e-04,2.4631361265e-03,-1.4743541991e-03,5.6833945665e-04,1.0000000000e-03,2.0000000000e+00,1.0000000000e+00,5.0000000000e-01,1.0000000000e+00,3.9062500000e-03
4.4225905661e+00,-1.8918150691e-03,-1.1196906800e-04,2.4309595260e-03,-1.4530436741e-03,5.6309490740e-04,1.0000000000e-03,2.0000000000e+00,1.0000000000e+00,5.0000000000e-01,1.0000000000e+00,3.9062500000e-03
4.4239689388e+00,-1.8637718504e-03,-1.0246351574e-04,2.3978309657e-03,-1.4316161089e-03,5.5781356402e-04,1.0000000000e-03,2.0000000000e+00,1.0000000000e+00,5.0000000000e-01,1.0000000000e+00,3.9062500000e-03
4.4253456986e+00,-1.8351035890e-03,-9.3011601101e-05,2.3637412234e-03,-1.4100739532e-03,5.5249680177e-04,1.0000000000e-03,2.0000000000e+00,1.0000000000e+00,5.0000000000e-01,1.0000000000e+00,3.9062500000e-03
4.4267216492e+00,-1.8057921008e-03,-8.3615129280e-05,2.3286732937e-03,-1.3884146078e-03,5.4714441667e-04,1.0000000000e-03,2.0000000000e+00,1.0000000000e+00,5.0000000000e-01,1.0000000000e+00,3.9062500000e-03
4.4280978437e+00,-1.7758130839e-03,-7.4274227108e-05,2.2926021912e-03,-1.3666305249e-03,5.4175479631e-04,1.0000000000e-03,2.0000000000e+00,1.0000000000e+00,5.0000000000e-01,1.0000000000e+00,3.9062500000e-03
4.4294755599e+00,-1.7451370567e-03,-6.4987862917e-05,2.2554959402e-03,-1.3447099924e-03,5.3632523737e-04,1.0000000000e-03,2.0000000000e+00,1.0000000000e+00,5.0000000000e-01,1.0000000000e+00,3.9062500000e-03
4.4308562377e+00,-1.7137299735e-03,-5.5754211264e-05,2.2173162377e-03,-1.3226376514e-03,5.3085217409e-04,1.0000000000e-03,2.0000000000e+00,1.0000000000e+00,5.0000000000e-01,1.0000000000e+00,3.9062500000e-03
4.4322414377e+00,-1.6815534406e-03,-4.6570860771e-05,2.1780186707e-03,-1.3003947199e-03,5.2533131183e-04,1.0000000000e-03,2.0000000000e+00,1.0000000000e+00,5.0000000000e-01,1.0000000000e+00,3.9062500000e-03
4.4336328227e+00,-1.6485648355e-03,-3.7434972533e-05,2.1375528391e-03,-1.2779591562e-03,5.1975772635e-04,1.0000000000e-03,2.0000000000e+00,1.0000000000e+00,5.0000000000e-01,1.0000000000e+00,3.9062500000e-03
4.4350321453e+00,-1.6147226898e-03,-2.8344830028e-05,2.0958690000e-03,-1.2553093189e-03,5.1412682245e-04,1.0000000000e-03,2.0000000000e+00,1.0000000000e+00,5.0000000000e-01,1.0000000000e+00,3.9062500000e-03
4.4364410209e+00,-1.5799958163e-03,-1.9302082268e-05,2.0529295208e-03,-1.2324297536e-03,5.0843581681e-04,1.0000000000e-03,2.0000000000e+00,1.0000000000e+00,5.0000000000e-01,1.0000000000e+00,3.9062500000e-03
4.4378605727e+00,-1.5446782009e-03,-1.0390661574e-05,2.0091011133e-03,-1.2095133140e-03,5.0273447813e-04,1.0000000000e-03,2.0000000000e+00,1.0000000000e+00,5.0000000000e-01,1.0000000000e+00,3.9062500000e-03
4.4392789464e+00,-1.5090200397e-03,-1.7137309593e-06,1.9647009835e-03,-1.1867122408e-03,4.9706252775e-04,1.0000000000e-03,2.0000000000e+00,1.0000000000e+00,5.0000000000e-01,1.0000000000e+00,3.9062500000e-03
4.4406868238e+00,-1.4729936803e-03,6.7342597072e-06,1.9197020007e-03,-1.1639950739e-03,4.9141358143e-04,1.0000000000e-03,2.0000000000e+00,1.0000000000e+00,5.0000000000e-01,1.0000000000e+00,3.9062500000e-03
4.4420862009e+00,-1.4366558233e-03,1.4960285617e-05,1.8741819440e-03,-1.1413830449e-03,4.8579466485e-04,1.0000000000e-03,2.0000000000e+00,1.0000000000e+00,5.0000000000e-01,1.0000000000e+00,3.9062500000e-03
4.4434757556e+00,-1.4000484838e-03,2.2971381517e-05,1.8282004079e-03,-1.1188865329e-03,4.8021010882e-04,1.0000000000e-03,2.0000000000e+00,1.0000000000e+00,5.0000000000e-01,1.0000000000e+00,3.9062500000e-03
4.4448547954e+00,-1.3632012419e-03,3.0774502500e-05,1.7818013756e-03,-1.0965073562e-03,4.7466208562e-04,1.0000000000e-03,2.0000000000e+00,1.0000000000e+00,5.0000000000e-01,1.0000000000e+00,3.9062500000e-03
4.4462231223e+00,-1.3261368939e-03,3.8375727937e-05,1.7350201864e-03,-1.0742428505e-03,4.6915160316e-04,1.0000000000e-03,2.0000000000e+00,1.0000000000e+00,5.0000000000e-01,1.0000000000e+00,3.9062500000e-03
4.4475807897e+00,-1.2888739920e-03,4.5780213178e-05,1.6878866861e-03,-1.0520877717e-03,4.6367895485e-04,1.0000000000e-03,2.0000000000e+00,1.0000000000e+00,5.0000000000e-01,1.0000000000e+00,3.9062500000e-03
4.4489279923e+00,-1.2514268785e-03,5.2992603600e-05,1.6404252455e-03,-1.0300345609e-03,4.5824376382e-04,1.0000000000e-03,2.0000000000e+00,1.0000000000e+00,5.0000000000e-01,1.0000000000e+00,3.9062500000e-03
4.4502650545e+00,-1.2138055622e-03,6.0017371797e-05,1.5926545789e-03,-1.0080734557e-03,4.5284499687e-04,1.0000000000e-03,2.0000000000e+00,1.0000000000e+00,5.0000000000e-01,1.0000000000e+00,3.9062500000e-03
4.4515924264e+00,-1.1760144613e-03,6.6859267218e-05,1.5445861098e-03,-9.8619189774e-04,4.4748081026e-04,1.0000000000e-03,2.0000000000e+00,1.0000000000e+00,5.0000000000e-01,1.0000000000e+00,3.9062500000e-03
4.4529107200e+00,-1.1380521057e-03,7.3523485541e-05,1.4962235324e-03,-9.6437447434e-04,4.4214853750e-04,1.0000000000e-03,2.0000000000e+00,1.0000000000e+00,5.0000000000e-01,1.0000000000e+00,3.9062500000e-03
4.4542207119e+00,-1.0999114256e-03,8.0015677528e-05,1.4475630969e-03,-9.4260315402e-04,4.3684475488e-04,1.0000000000e-03,2.0000000000e+00,1.0000000000e+00,5.0000000000e-01,1.0000000000e+00,3.9062500000e-03
4.4555233260e+00,-1.0615803450e-03,8.6341879025e-05,1.3985942407e-03,-9.2085764753e-04,4.3156537975e-04,1.0000000000e-03,2.0000000000e+00,1.0000000000e+00,5.0000000000e-01,1.0000000000e+00,3.9062500000e-03
4.4568196088e+00,-1.0230424391e-03,9.2508419729e-05,1.3493002201e-03,-8.9911576118e-04,4.2630576584e-04,1.0000000000e-03,2.0000000000e+00,1.0000000000e+00,5.0000000000e-01,1.0000000000e+00,3.9062500000e-03
4.4581107042e+00,-9.8427725555e-04,9.8521882177e-05,1.2997187572e-03,-8.7735352519e-04,4.2106074105e-04,1.0000000000e-03,2.0000000000e+00,1.0000000000e+00,5.0000000000e-01,1.0000000000e+00,3.9062500000e-03
4.4593978422e+00,-9.4526009517e-04,1.0438913529e-04,1.2498274345e-03,-8.5554499693e-04,4.1582456314e-04,1.0000000000e-03,2.0000000000e+00,1.0000000000e+00,5.0000000000e-01,1.0000000000e+00,3.9062500000e-03
4.4606823461e+00,-9.0597073464e-04,1.1011605600e-04,1.1995926937e-03,-8.3366702559e-04,4.1059208190e-04,1.0000000000e-03,2.0000000000e+00,1.0000000000e+00,5.0000000000e-01,1.0000000000e+00,3.9062500000e-03
4.4619653482e+00,-8.6652861224e-04,1.1568873919e-04,1.1491612829e-03,-8.1177407717e-04,4.0537686192e-04,1.0000000000e-03,2.0000000000e+00,1.0000000000e+00,5.0000000000e-01,1.0000000000e+00,3.9062500000e-03
4.4632434355e+00,-8.2690733173e-04,1.2111544348e-04,1.0984950783e-03,-7.8983921629e-04,4.0017225197e-04,1.0000000000e-03,2.0000000000e+00,1.0000000000e+00,5.0000000000e-01,1.0000000000e+00,3.9062500000e-03
4.4645179694e+00,-7.8707962764e-04,1.2640422153e-04,1.0475565230e-03,-7.6783521077e-04,3.9497143209e-04,1.0000000000e-03,2.0000000000e+00,1.0000000000e+00,5.0000000000e-01,1.0000000000e+00,3.9062500000e-03
4.4657902973e+00,-7.4702611093e-04,1.3156183932e-04,9.9631970954e-04,-7.4573923495e-04,3.8976851253e-04,1.0000000000e-03,2.0000000000e+00,1.0000000000e+00,5.0000000000e-01,1.0000000000e+00,3.9062500000e-03
4.4670614808e+00,-7.0673517199e-04,1.3659399235e-04,9.4477013290e-04,-7.2353268009e-04,3.8455842750e-04,1.0000000000e-03,2.0000000000e+00,1.0000000000e+00,5.0000000000e-01,1.0000000000e+00,3.9062500000e-03
4.4683323117e+00,-6.6618467732e-04,1.4150768185e-04,8.9288113595e-04,-7.0119096532e-04,3.7933444411e-04,1.0000000000e-03,2.0000000000e+00,1.0000000000e+00,5.0000000000e-01,1.0000000000e+00,3.9062500000e-03
4.4696038954e+00,-6.2534499573e-04,1.4631068884e-04,8.4061761568e-04,-6.7868513043e-04,3.7408853185e-04,1.0000000000e-03,2.0000000000e+00,1.0000000000e+00,5.0000000000e-01,1.0000000000e+00,3.9062500000e-03
4.4708775519e+00,-5.8418129831e-04,1.5101121674e-04,7.8793877255e-04,-6.5598299409e-04,3.6881160544e-04,1.0000000000e-03,2.0000000000e+00,1.0000000000e+00,5.0000000000e-01,1.0000000000e+00,3.9062500000e-03
4.4721547422e+00,-5.4265503503e-04,1.5561768701e-04,7.3479970729e-04,-6.3304983005e-04,3.6349363502e-04,1.0000000000e-03,2.0000000000e+00,1.0000000000e+00,5.0000000000e-01,1.0000000000e+00,3.9062500000e-03
4.4734370241e+00,-5.0072490690e-04,1.6013862948e-04,6.8112379750e-04,-6.0984877128e-04,3.5812366940e-04,1.0000000000e-03,2.0000000000e+00,1.0000000000e+00,5.0000000000e-01,1.0000000000e+00,3.9062500000e-03
4.4747260257e+00,-4.5834750028e-04,1.6458269358e-04,6.2673961874e-04,-5.8634077421e-04,3.5268972214e-04,1.0000000000e-03,2.0000000000e+00,1.0000000000e+00,5.0000000000e-01,1.0000000000e+00,3.9062500000e-03
4.4760234468e+00,-4.1548224681e-04,1.6895820425e-04,5.7168922091e-04,-5.6248718447e-04,3.4717924893e-04,1.0000000000e-03,2.0000000000e+00,1.0000000000e+00,5.0000000000e-01,1.0000000000e+00,3.9062500000e-03
4.4773309212e+00,-3.7223196902e-04,1.7325909794e-04,5.1615383577e-04,-5.3833077952e-04,3.4159817391e-04,1.0000000000e-03,2.0000000000e+00,1.0000000000e+00,5.0000000000e-01,1.0000000000e+00,3.9062500000e-03
4.4786456343e+00,-3.2941962539e-04,1.7741192055e-04,4.6121961399e-04,-5.1432199223e-04,3.3604787603e-04,1.0000000000e-03,2.0000000000e+00,1.0000000000e+00,5.0000000000e-01,1.0000000000e+00,3.9062500000e-03
4.4799429890e+00,-2.8696374332e-04,1.8143533578e-04,4.0681518743e-04,-4.9041387194e-04,3.3050969041e-04,1.0000000000e-03,2.0000000000e+00,1.0000000000e+00,5.0000000000e-01,1.0000000000e+00,3.9062500000e-03
4.4812259655e+00,-2.4479387977e-04,1.8534576001e-04,3.5287320581e-04,-4.6658264739e-04,3.2496647362e-04,1.0000000000e-03,2.0000000000e+00,1.0000000000e+00,5.0000000000e-01,1.0000000000e+00,3.9062500000e-03
4.4824971554e+00,-2.0287301500e-04,1.8915568849e-04,2.9936158793e-04,-4.4282817373e-04,3.1941821198e-04,1.0000000000e-03,2.0000000000e+00,1.0000000000e+00,5.0000000000e-01,1.0000000000e+00,3.9062500000e-03
4.4837581138e+00,-1.6115552785e-04,1.9287781245e-04,2.4623353589e-04,-4.1881166526e-04,3.1385191065e-04,1.0000000000e-03,2.0000000000e+00,1.0000000000e+00,5.0000000000e-01,1.0000000000e+00,3.9062500000e-03
4.4850106406e+00,-1.1969722800e-04,1.9651557959e-04,1.9356748998e-04,-3.9465583070e-04,3.0826134679e-04,1.0000000000e-03,2.0000000000e+00,1.0000000000e+00,5.0000000000e-01,1.0000000000e+00,3.9062500000e-03
4.4862534844e+00,-7.8557490804e-05,2.0007233472e-04,1.4144253574e-04,-3.7057578104e-04,3.0264286134e-04,1.0000000000e-03,2.0000000000e+00,1.0000000000e+00,5.0000000000e-01,1.0000000000e+00,3.9062500000e-03
4.4874852947e+00,-3.7770468141e-05,2.0355402426e-04,8.9902660431e-05,-3.4654726182e-04,2.9699104481e-04,1.0000000000e-03,2.0000000000e+00,1.0000000000e+00,5.0000000000e-01,1.0000000000e+00,3.9062500000e-03
4.4887054777e+00,2.6446039342e-06,2.0696896922e-04,3.8970592558e-05,-3.2278854783e-04,2.9130103954e-04,1.0000000000e-03,2.0000000000e+00,1.0000000000e+00,5.0000000000e-01,1.0000000000e+00,3.9062500000e-03
4.4899138797e+00,4.2679025864e-05,2.1032737240e-04,-1.1346049389e-05,-2.9921384561e-04,2.8557129583e-04,1.0000000000e-03,2.0000000000e+00,1.0000000000e+00,5.0000000000e-01,1.0000000000e+00,3.9062500000e-03
4.4911106521e+00,8.2332011591e-05,2.1364348277e-04,-6.1050958931e-05,-2.7554037796e-04,2.7981124203e-04,1.0000000000e-03,2.0000000000e+00,1.0000000000e+00,5.0000000000e-01,1.0000000000e+00,3.9062500000e-03
4.4922961703e+00,1.2160876998e-04,2.1693410484e-04,-1.1015633432e-04,-2.5184598379e-04,2.7403879997e-04,1.0000000000e-03,2.0000000000e+00,1.0000000000e+00,5.0000000000e-01,1.0000000000e+00,3.9062500000e-03
4.4934709739e+00,1.6052035940e-04,2.2022152403e-04,-1.5868217361e-04,-2.2817220389e-04,2.6822033200e-04,1.0000000000e-03,2.0000000000e+00,1.0000000000e+00,5.0000000000e-01,1.0000000000e+00,3.9062500000e-03
4.4946357576e+00,1.9908400200e-04,2.2350207335e-04,-2.0665592655e-04,-2.0451176173e-04,2.6210697371e-04,1.0000000000e-03,2.0000000000e+00,1.0000000000e+00,5.0000000000e-01,1.0000000000e+00,3.9062500000e-03
4.4957913467e+00,2.3733122379e-04,2.2663733381e-04,-2.5411490879e-04,-1.8082814937e-04,2.5571889803e-04,1.0000000000e-03,2.0000000000e+00,1.0000000000e+00,5.0000000000e-01,1.0000000000e+00,3.9062500000e-03
4.4969386658e+00,2.7522617827e-04,2.2956199493e-04,-3.0109861217e-04,-1.5710160017e-04,2.4927902435e-04,1.0000000000e-03,2.0000000000e+00,1.0000000000e+00,5.0000000000e-01,1.0000000000e+00,3.9062500000e-03
4.4980787083e+00,3.1283995579e-04,2.3238005679e-04,-3.4762273919e-04,-1.3332106416e-04,2.4297406956e-04,1.0000000000e-03,2.0000000000e+00,1.0000000000e+00,5.0000000000e-01,1.0000000000e+00,3.9062500000e-03
4.4992125224e+00,3.5018939750e-04,2.3510960468e-04,-3.9371077956e-04,-1.0946706676e-04,2.3667659089e-04,1.0000000000e-03,2.0000000000e+00,1.0000000000e+00,5.0000000000e-01,1.0000000000e+00,3.9062500000e-03
